0.000000	-2.886972e-04
0.005000	-2.874547e-04
0.010000	-2.861624e-04
0.015000	-2.848187e-04
0.020000	-2.834161e-04
0.025000	-2.819324e-04
0.030000	-2.803550e-04
0.035000	-2.787483e-04
0.040000	-2.771665e-04
0.045000	-2.756889e-04
0.050000	-2.743438e-04
0.055000	-2.733159e-04
0.060000	-2.728563e-04
0.065000	-2.729086e-04
0.070000	-2.723755e-04
0.075000	-2.693135e-04
0.080000	-2.634674e-04
0.085000	-2.561941e-04
0.090000	-2.512933e-04
0.095000	-2.519401e-04
0.100000	-2.552944e-04
0.105000	-2.546355e-04
0.110000	-2.486593e-04
0.115000	-2.425591e-04
0.120000	-2.390702e-04
0.125000	-2.360457e-04
0.130000	-2.307870e-04
0.135000	-2.251242e-04
0.140000	-2.256430e-04
0.145000	-2.319178e-04
0.150000	-2.394586e-04
0.155000	-2.472664e-04
0.160000	-2.579625e-04
0.165000	-2.763418e-04
0.170000	-3.034055e-04
0.175000	-3.358295e-04
0.180000	-3.700081e-04
0.185000	-3.942809e-04
0.190000	-4.116875e-04
0.195000	-4.283545e-04
0.200000	-4.126467e-04
0.205000	-3.630475e-04
0.210000	-3.018104e-04
0.215000	-2.147019e-04
0.220000	-9.427413e-05
0.225000	4.838486e-05
0.230000	2.139786e-04
0.235000	4.221622e-04
0.240000	6.592380e-04
0.245000	8.181886e-04
0.250000	7.904514e-04
0.255000	5.600891e-04
0.260000	2.749670e-04
0.265000	9.552933e-05
0.270000	4.173793e-05
0.275000	-3.184298e-05
0.280000	-2.680757e-04
0.285000	-9.235879e-04
0.290000	-2.069344e-03
0.295000	-3.121491e-03
0.300000	-3.425715e-03
0.305000	-3.186461e-03
0.310000	-2.964139e-03
0.315000	-2.898876e-03
0.320000	-2.756201e-03
0.325000	-2.204412e-03
0.330000	-5.504304e-04
0.335000	3.369709e-03
0.340000	8.200262e-03
0.345000	1.125518e-02
0.350000	1.134175e-02
0.355000	9.356909e-03
0.360000	6.247799e-03
0.365000	2.411651e-03
0.370000	-1.216233e-03
0.375000	-4.335483e-03
0.380000	-7.966827e-03
0.385000	-1.128691e-02
0.390000	-1.241434e-02
0.395000	-1.089834e-02
0.400000	-7.860608e-03
0.405000	-4.601022e-03
0.410000	-1.299546e-03
0.415000	1.691252e-03
0.420000	2.923317e-03
0.425000	2.703680e-03
0.430000	2.467658e-03
0.435000	2.628180e-03
0.440000	2.736031e-03
0.445000	2.472567e-03
0.450000	1.952629e-03
0.455000	1.425286e-03
0.460000	9.837884e-04
0.465000	5.677375e-04
0.470000	1.057568e-04
0.475000	-4.099926e-04
0.480000	-9.514026e-04
0.485000	-1.539697e-03
0.490000	-2.211000e-03
0.495000	-2.709916e-03
0.500000	-2.820800e-03
0.505000	-2.508968e-03
0.510000	-2.052166e-03
0.515000	-1.540741e-03
0.520000	-7.535528e-04
0.525000	2.298619e-04
0.530000	1.269408e-03
0.535000	2.551221e-03
0.540000	4.136250e-03
0.545000	5.809545e-03
0.550000	7.458840e-03
0.555000	9.219154e-03
0.560000	1.131005e-02
0.565000	1.296430e-02
0.570000	1.153982e-02
0.575000	5.305857e-03
0.580000	-4.018793e-03
0.585000	-1.301260e-02
0.590000	-1.763211e-02
0.595000	-1.819607e-02
0.600000	-1.834433e-02
0.605000	-1.924133e-02
0.610000	-1.783730e-02
0.615000	-9.827055e-03
0.620000	3.076140e-03
0.625000	1.522197e-02
0.630000	1.855959e-02
0.635000	1.303450e-02
0.640000	6.529055e-03
0.645000	3.490063e-03
0.650000	2.499489e-03
0.655000	4.111828e-04
0.660000	-3.248145e-03
0.665000	-7.102928e-03
0.670000	-9.736018e-03
0.675000	-9.553818e-03
0.680000	-5.117537e-03
0.685000	3.755211e-03
0.690000	1.282476e-02
0.695000	1.590615e-02
0.700000	1.237542e-02
0.705000	6.643476e-03
0.710000	1.399157e-03
0.715000	-1.787653e-03
0.720000	-4.446931e-04
0.725000	3.317386e-03
0.730000	6.091538e-03
0.735000	7.706188e-03
0.740000	9.854986e-03
0.745000	1.268022e-02
0.750000	1.386450e-02
0.755000	9.535183e-03
0.760000	-1.650793e-03
0.765000	-1.767519e-02
0.770000	-3.582461e-02
0.775000	-5.080580e-02
0.780000	-5.394973e-02
0.785000	-4.556925e-02
0.790000	-3.404880e-02
0.795000	-2.487189e-02
0.800000	-1.675004e-02
0.805000	-6.362203e-03
0.810000	6.362480e-03
0.815000	1.546473e-02
0.820000	1.896402e-02
0.825000	2.009894e-02
0.830000	2.153649e-02
0.835000	2.280385e-02
0.840000	2.239567e-02
0.845000	1.967101e-02
0.850000	1.479095e-02
0.855000	8.582519e-03
0.860000	3.374376e-03
0.865000	1.417674e-03
0.870000	2.093462e-03
0.875000	2.708064e-03
0.880000	1.627401e-03
0.885000	-1.285711e-03
0.890000	-6.658680e-03
0.895000	-1.881283e-02
0.900000	-2.821928e-02
0.905000	-2.286263e-02
0.910000	-1.031083e-02
0.915000	-5.666274e-03
0.920000	-1.027215e-02
0.925000	-1.469830e-02
0.930000	-1.473471e-02
0.935000	-8.285793e-03
0.940000	3.250449e-03
0.945000	1.479468e-02
0.950000	2.447695e-02
0.955000	3.039709e-02
0.960000	3.084793e-02
0.965000	2.817203e-02
0.970000	2.541876e-02
0.975000	2.298869e-02
0.980000	1.949402e-02
0.985000	1.365698e-02
0.990000	3.387103e-03
0.995000	-1.459808e-02
1.000000	-2.685648e-02
1.005000	-1.680368e-02
1.010000	2.594622e-03
1.015000	1.479133e-02
1.020000	1.393827e-02
1.025000	5.787506e-03
1.030000	5.760103e-04
1.035000	6.255255e-03
1.040000	2.492720e-02
1.045000	4.756289e-02
1.050000	6.169183e-02
1.055000	5.583383e-02
1.060000	3.822886e-02
1.065000	2.188870e-02
1.070000	9.919923e-03
1.075000	-1.722029e-03
1.080000	-1.687174e-02
1.085000	-3.424832e-02
1.090000	-4.559633e-02
1.095000	-4.254861e-02
1.100000	-1.811659e-02
1.105000	1.816443e-02
1.110000	3.609741e-02
1.115000	2.075257e-02
1.120000	-1.054537e-02
1.125000	-4.087865e-02
1.130000	-5.794029e-02
1.135000	-5.437911e-02
1.140000	-3.710158e-02
1.145000	-1.624421e-02
1.150000	2.633551e-03
1.155000	1.836869e-02
1.160000	2.998812e-02
1.165000	3.989581e-02
1.170000	4.924965e-02
1.175000	5.589627e-02
1.180000	4.739514e-02
1.185000	1.956692e-02
1.190000	-1.390568e-02
1.195000	-3.480621e-02
1.200000	-3.302973e-02
1.205000	-1.521897e-02
1.210000	6.592058e-03
1.215000	1.922319e-02
1.220000	1.546394e-02
1.225000	-4.123719e-04
1.230000	-1.861072e-02
1.235000	-3.534783e-02
1.240000	-4.579769e-02
1.245000	-4.300370e-02
1.250000	-2.632718e-02
1.255000	-5.395589e-05
1.260000	3.862128e-02
1.265000	7.587488e-02
1.270000	9.260895e-02
1.275000	8.548761e-02
1.280000	5.807281e-02
1.285000	1.229216e-02
1.290000	-4.448167e-02
1.295000	-7.381232e-02
1.300000	-5.990272e-02
1.305000	-2.815620e-02
1.310000	-3.667299e-03
1.315000	1.361775e-02
1.320000	2.934612e-02
1.325000	3.911319e-02
1.330000	4.031350e-02
1.335000	3.552958e-02
1.340000	2.859696e-02
1.345000	2.011202e-02
1.350000	8.133377e-03
1.355000	-8.768514e-03
1.360000	-2.909313e-02
1.365000	-4.700147e-02
1.370000	-4.530992e-02
1.375000	-1.870405e-02
1.380000	1.516696e-02
1.385000	3.655306e-02
1.390000	3.182494e-02
1.395000	5.999790e-03
1.400000	-2.759960e-02
1.405000	-5.940477e-02
1.410000	-6.908015e-02
1.415000	-5.589034e-02
1.420000	-3.811956e-02
1.425000	-1.850459e-02
1.430000	1.052700e-02
1.435000	4.014367e-02
1.440000	5.005244e-02
1.445000	3.540123e-02
1.450000	1.402430e-02
1.455000	-1.853521e-04
1.460000	-1.045777e-02
1.465000	-2.458594e-02
1.470000	-4.355376e-02
1.475000	-6.166219e-02
1.480000	-7.069396e-02
1.485000	-5.456901e-02
1.490000	-2.419793e-03
1.495000	6.726068e-02
1.500000	1.180056e-01
1.505000	1.160372e-01
1.510000	7.189896e-02
1.515000	1.044866e-02
1.520000	-5.479946e-02
1.525000	-7.757062e-02
1.530000	-4.636277e-02
1.535000	6.144495e-03
1.540000	4.395843e-02
1.545000	4.965564e-02
1.550000	3.723908e-02
1.555000	2.988012e-02
1.560000	3.205458e-02
1.565000	3.318517e-02
1.570000	2.480133e-02
1.575000	4.146932e-03
1.580000	-3.045328e-02
1.585000	-6.737497e-02
1.590000	-8.316081e-02
1.595000	-7.209416e-02
1.600000	-4.848618e-02
1.605000	-2.655206e-02
1.610000	-9.898786e-03
1.615000	-1.831223e-04
1.620000	2.492165e-03
1.625000	4.034134e-03
1.630000	6.981151e-03
1.635000	9.886651e-03
1.640000	1.070865e-02
1.645000	1.109994e-02
1.650000	1.405121e-02
1.655000	1.843959e-02
1.660000	2.227840e-02
1.665000	2.172444e-02
1.670000	8.735517e-03
1.675000	-1.554652e-02
1.680000	-3.035020e-02
1.685000	-1.885816e-02
1.690000	3.876188e-03
1.695000	1.719180e-02
1.700000	1.228442e-02
1.705000	-5.569206e-03
1.710000	-2.361111e-02
1.715000	-3.594073e-02
1.720000	-4.850566e-02
1.725000	-6.636403e-02
1.730000	-7.732830e-02
1.735000	-6.205564e-02
1.740000	-1.566812e-02
1.745000	4.253158e-02
1.750000	9.258428e-02
1.755000	1.070972e-01
1.760000	8.522919e-02
1.765000	3.502059e-02
1.770000	-4.589725e-02
1.775000	-1.257191e-01
1.780000	-1.482118e-01
1.785000	-1.121728e-01
1.790000	-5.771067e-02
1.795000	-6.936078e-03
1.800000	4.786775e-02
1.805000	1.088068e-01
1.810000	1.436648e-01
1.815000	1.328265e-01
1.820000	8.175461e-02
1.825000	6.634442e-03
1.830000	-7.461704e-02
1.835000	-1.226844e-01
1.840000	-1.091270e-01
1.845000	-6.165904e-02
1.850000	-1.427068e-02
1.855000	2.321816e-02
1.860000	4.917966e-02
1.865000	6.329670e-02
1.870000	5.802476e-02
1.875000	2.711653e-02
1.880000	-2.061110e-02
1.885000	-5.645397e-02
1.890000	-5.625118e-02
1.895000	-3.775742e-02
1.900000	-2.880931e-02
1.905000	-3.096816e-02
1.910000	-3.201896e-02
1.915000	-2.479088e-02
1.920000	-5.452522e-03
1.925000	2.640885e-02
1.930000	5.867780e-02
1.935000	6.946856e-02
1.940000	4.185066e-02
1.945000	-9.078643e-03
1.950000	-4.857924e-02
1.955000	-6.287761e-02
1.960000	-6.768538e-02
1.965000	-7.828597e-02
1.970000	-8.917526e-02
1.975000	-8.754871e-02
1.980000	-7.111002e-02
1.985000	-4.643004e-02
1.990000	-6.555974e-03
1.995000	5.901847e-02
2.000000	1.403645e-01
2.005000	2.019796e-01
2.010000	2.067195e-01
2.015000	1.516676e-01
2.020000	5.676976e-02
2.025000	-3.108400e-02
2.030000	-6.924627e-02
2.035000	-5.608906e-02
2.040000	-3.539357e-02
2.045000	-3.434472e-02
2.050000	-4.292994e-02
2.055000	-4.317655e-02
2.060000	-3.244539e-02
2.065000	-1.928360e-02
2.070000	-1.031186e-02
2.075000	-4.750358e-03
2.080000	9.560399e-04
2.085000	8.171795e-03
2.090000	1.524958e-02
2.095000	2.072709e-02
2.100000	2.245259e-02
2.105000	1.558780e-02
2.110000	8.243928e-04
2.115000	-1.306804e-02
2.120000	-1.137171e-02
2.125000	1.193398e-02
2.130000	4.085376e-02
2.135000	4.874061e-02
2.140000	2.266831e-02
2.145000	-2.074542e-02
2.150000	-4.943760e-02
2.155000	-3.848750e-02
2.160000	3.231387e-03
2.165000	4.636218e-02
2.170000	6.811173e-02
2.175000	6.587194e-02
2.180000	5.044666e-02
2.185000	2.402677e-02
2.190000	-1.013366e-02
2.195000	-4.567510e-02
2.200000	-8.262866e-02
2.205000	-1.241501e-01
2.210000	-1.514988e-01
2.215000	-1.463206e-01
2.220000	-1.140827e-01
2.225000	-6.755492e-02
2.230000	-2.973850e-03
2.235000	6.288697e-02
2.240000	9.829316e-02
2.245000	8.577608e-02
2.250000	4.134303e-02
2.255000	-5.471781e-03
2.260000	-2.115803e-02
2.265000	-1.531059e-03
2.270000	2.887810e-02
2.275000	5.792887e-02
2.280000	7.835661e-02
2.285000	7.057092e-02
2.290000	3.670651e-02
2.295000	2.331281e-03
2.300000	-1.297953e-02
2.305000	-5.835435e-03
2.310000	4.156245e-03
2.315000	2.233115e-03
2.320000	-1.557655e-02
2.325000	-3.824305e-02
2.330000	-4.981042e-02
2.335000	-4.003734e-02
2.340000	-1.322915e-02
2.345000	2.768809e-02
2.350000	6.226862e-02
2.355000	7.276259e-02
2.360000	7.124776e-02
2.365000	7.511266e-02
2.370000	8.534045e-02
2.375000	9.062466e-02
2.380000	7.669415e-02
2.385000	3.599410e-02
2.390000	-3.372296e-02
2.395000	-1.106443e-01
2.400000	-1.318129e-01
2.405000	-9.174130e-02
2.410000	-3.790458e-02
2.415000	5.770110e-03
2.420000	3.472000e-02
2.425000	4.183310e-02
2.430000	3.368294e-02
2.435000	2.767773e-02
2.440000	3.777524e-02
2.445000	5.878806e-02
2.450000	7.300629e-02
2.455000	6.527752e-02
2.460000	2.557180e-02
2.465000	-5.135387e-02
2.470000	-1.321732e-01
2.475000	-1.627833e-01
2.480000	-1.335264e-01
2.485000	-8.473214e-02
2.490000	-4.400376e-02
2.495000	-9.603395e-03
2.500000	1.728165e-02
2.505000	3.209396e-02
2.510000	3.978607e-02
2.515000	4.496196e-02
2.520000	4.291282e-02
2.525000	2.755888e-02
2.530000	4.098183e-03
2.535000	-1.691103e-02
2.540000	-2.684939e-02
2.545000	-2.330099e-02
2.550000	-5.902165e-03
2.555000	3.436415e-02
2.560000	9.183508e-02
2.565000	1.510802e-01
2.570000	1.881945e-01
2.575000	1.846950e-01
2.580000	1.492894e-01
2.585000	9.202816e-02
2.590000	1.958910e-02
2.595000	-3.360516e-02
2.600000	-5.017306e-02
2.605000	-6.134285e-02
2.610000	-8.382529e-02
2.615000	-1.046224e-01
2.620000	-1.020462e-01
2.625000	-6.388792e-02
2.630000	-4.897860e-04
2.635000	6.497567e-02
2.640000	1.035278e-01
2.645000	8.038000e-02
2.650000	-2.195334e-02
2.655000	-1.596915e-01
2.660000	-2.094226e-01
2.665000	-1.589272e-01
2.670000	-9.831804e-02
2.675000	-8.183080e-02
2.680000	-9.422635e-02
2.685000	-1.011129e-01
2.690000	-8.725388e-02
2.695000	-4.930787e-02
2.700000	4.097835e-03
2.705000	6.334482e-02
2.710000	1.244171e-01
2.715000	1.714057e-01
2.720000	1.843134e-01
2.725000	1.591055e-01
2.730000	1.036978e-01
2.735000	5.353360e-02
2.740000	2.207925e-02
2.745000	-4.242945e-03
2.750000	-4.313093e-02
2.755000	-1.008505e-01
2.760000	-1.645555e-01
2.765000	-1.838835e-01
2.770000	-1.320574e-01
2.775000	-5.410092e-02
2.780000	7.032681e-03
2.785000	5.436593e-02
2.790000	7.960027e-02
2.795000	8.123499e-02
2.800000	7.834142e-02
2.805000	7.875062e-02
2.810000	7.795679e-02
2.815000	6.992218e-02
2.820000	5.471625e-02
2.825000	3.837663e-02
2.830000	2.317985e-02
2.835000	1.072365e-02
2.840000	1.618141e-02
2.845000	4.231817e-02
2.850000	7.471617e-02
2.855000	9.057506e-02
2.860000	6.892183e-02
2.865000	3.578001e-03
2.870000	-9.837997e-02
2.875000	-1.889297e-01
2.880000	-2.067680e-01
2.885000	-1.483250e-01
2.890000	-5.208120e-02
2.895000	4.048444e-02
2.900000	1.246272e-01
2.905000	1.726891e-01
2.910000	1.604867e-01
2.915000	9.567456e-02
2.920000	-1.061531e-02
2.925000	-1.082650e-01
2.930000	-1.302751e-01
2.935000	-9.186905e-02
2.940000	-4.621590e-02
2.945000	-1.368169e-02
2.950000	-2.030479e-03
2.955000	-1.049380e-02
2.960000	-2.284546e-02
2.965000	-1.660648e-02
2.970000	1.674508e-02
2.975000	7.329159e-02
2.980000	1.386999e-01
2.985000	1.714687e-01
2.990000	1.382328e-01
2.995000	4.488800e-02
3.000000	-8.911808e-02
3.005000	-1.935893e-01
3.010000	-2.128310e-01
3.015000	-1.761197e-01
3.020000	-1.331325e-01
3.025000	-8.467009e-02
3.030000	-1.885710e-02
3.035000	5.283044e-02
3.040000	9.561552e-02
3.045000	8.812126e-02
3.050000	5.033533e-02
3.055000	9.410448e-03
3.060000	-6.483757e-03
3.065000	8.966193e-03
3.070000	2.913840e-02
3.075000	3.645991e-02
3.080000	2.822337e-02
3.085000	9.892535e-03
3.090000	-4.693505e-03
3.095000	3.713048e-03
3.100000	4.170008e-02
3.105000	9.351225e-02
3.110000	1.465007e-01
3.115000	1.837074e-01
3.120000	1.820240e-01
3.125000	1.345305e-01
3.130000	6.237613e-02
3.135000	1.846380e-02
3.140000	2.478125e-02
3.145000	5.027242e-02
3.150000	6.154594e-02
3.155000	4.731843e-02
3.160000	1.757536e-02
3.165000	-1.021388e-02
3.170000	-3.076635e-02
3.175000	-4.148098e-02
3.180000	-4.063900e-02
3.185000	-3.835018e-02
3.190000	-4.048628e-02
3.195000	-4.824211e-02
3.200000	-7.000288e-02
3.205000	-1.186462e-01
3.210000	-2.013933e-01
3.215000	-2.995428e-01
3.220000	-3.477974e-01
3.225000	-3.193156e-01
3.230000	-2.371325e-01
3.235000	-1.221385e-01
3.240000	4.061646e-02
3.245000	2.284505e-01
3.250000	3.275780e-01
3.255000	2.819564e-01
3.260000	1.323477e-01
3.265000	-3.457442e-02
3.270000	-1.006160e-01
3.275000	-5.745934e-02
3.280000	5.067731e-03
3.285000	3.513646e-02
3.290000	5.233888e-02
3.295000	8.637190e-02
3.300000	1.363123e-01
3.305000	1.681843e-01
3.310000	1.545659e-01
3.315000	9.568757e-02
3.320000	-8.288546e-03
3.325000	-1.282193e-01
3.330000	-1.998486e-01
3.335000	-2.040474e-01
3.340000	-1.801537e-01
3.345000	-1.585700e-01
3.350000	-1.370724e-01
3.355000	-1.071737e-01
3.360000	-7.192998e-02
3.365000	-3.359001e-02
3.370000	-1.056232e-03
3.375000	1.658962e-02
3.380000	1.938899e-02
3.385000	6.305763e-03
3.390000	-1.962531e-02
3.395000	-4.809865e-02
3.400000	-6.258128e-02
3.405000	-4.465188e-02
3.410000	1.427200e-03
3.415000	5.402693e-02
3.420000	9.830847e-02
3.425000	1.155403e-01
3.430000	1.034342e-01
3.435000	7.889375e-02
3.440000	6.151947e-02
3.445000	5.066302e-02
3.450000	3.524368e-02
3.455000	1.253276e-02
3.460000	-1.062138e-02
3.465000	-2.961390e-02
3.470000	-4.371433e-02
3.475000	-4.731294e-02
3.480000	-3.995129e-02
3.485000	-3.041219e-02
3.490000	-2.232429e-02
3.495000	-1.288988e-02
3.500000	2.532381e-03
3.505000	2.414700e-02
3.510000	4.962634e-02
3.515000	7.434739e-02
3.520000	9.173414e-02
3.525000	7.456412e-02
3.530000	6.560714e-03
3.535000	-9.435264e-02
3.540000	-2.011002e-01
3.545000	-2.752360e-01
3.550000	-2.904227e-01
3.555000	-2.640837e-01
3.560000	-2.200591e-01
3.565000	-1.606602e-01
3.570000	-8.189525e-02
3.575000	9.405057e-03
3.580000	1.028540e-01
3.585000	1.722685e-01
3.590000	1.946786e-01
3.595000	1.772807e-01
3.600000	1.244842e-01
3.605000	3.748996e-02
3.610000	-5.132483e-02
3.615000	-8.779601e-02
3.620000	-5.984539e-02
3.625000	-9.234643e-03
3.630000	2.709789e-02
3.635000	4.373244e-02
3.640000	4.581161e-02
3.645000	4.049892e-02
3.650000	3.240438e-02
3.655000	2.069043e-02
3.660000	1.372985e-03
3.665000	-4.133537e-02
3.670000	-1.210838e-01
3.675000	-1.904257e-01
3.680000	-1.812802e-01
3.685000	-1.064852e-01
3.690000	-1.623903e-02
3.695000	1.002254e-01
3.700000	2.409931e-01
3.705000	3.240764e-01
3.710000	3.148428e-01
3.715000	2.466965e-01
3.720000	1.144140e-01
3.725000	-2.906165e-02
3.730000	-7.898612e-02
3.735000	-4.756387e-02
3.740000	-1.088974e-02
3.745000	-2.915153e-03
3.750000	-1.153228e-02
3.755000	-2.153611e-02
3.760000	-3.550735e-02
3.765000	-5.334129e-02
3.770000	-6.447293e-02
3.775000	-6.459781e-02
3.780000	-6.070734e-02
3.785000	-5.255492e-02
3.790000	-2.180086e-02
3.795000	3.206883e-02
3.800000	8.406272e-02
3.805000	1.084573e-01
3.810000	9.026483e-02
3.815000	2.725410e-02
3.820000	-5.967497e-02
3.825000	-1.163098e-01
3.830000	-1.027542e-01
3.835000	-5.901588e-02
3.840000	-2.669347e-02
3.845000	-5.906506e-03
3.850000	1.860620e-02
3.855000	5.355026e-02
3.860000	9.022143e-02
3.865000	1.178251e-01
3.870000	1.324125e-01
3.875000	1.335303e-01
3.880000	1.196552e-01
3.885000	9.004009e-02
3.890000	4.320386e-02
3.895000	-9.325796e-03
3.900000	-3.377519e-02
3.905000	-3.023059e-02
3.910000	-2.300271e-02
3.915000	-2.271680e-02
3.920000	-2.448552e-02
3.925000	-2.173052e-02
3.930000	-1.596490e-02
3.935000	-1.446469e-02
3.940000	-2.156997e-02
3.945000	-3.151835e-02
3.950000	-4.078583e-02
3.955000	-4.341183e-02
3.960000	-2.584288e-02
3.965000	2.087540e-02
3.970000	8.257897e-02
3.975000	1.261241e-01
3.980000	1.281502e-01
3.985000	8.891109e-02
3.990000	2.935995e-02
3.995000	-1.275793e-02
4.000000	-2.091615e-02
4.005000	-1.692835e-02
4.010000	-2.092005e-02
4.015000	-2.994292e-02
4.020000	-3.200003e-02
4.025000	-2.331122e-02
4.030000	-5.587531e-03
4.035000	1.723965e-02
4.040000	4.473973e-02
4.045000	7.379235e-02
4.050000	9.023146e-02
4.055000	8.256345e-02
4.060000	5.845248e-02
4.065000	3.165836e-02
4.070000	8.430728e-03
4.075000	-3.378350e-03
4.080000	-2.324946e-03
4.085000	2.519922e-03
4.090000	1.729761e-03
4.095000	-1.031582e-02
4.100000	-3.313157e-02
4.105000	-6.583797e-02
4.110000	-9.532595e-02
4.115000	-1.039734e-01
4.120000	-9.305627e-02
4.125000	-7.096027e-02
4.130000	-4.409280e-02
4.135000	-1.620743e-02
4.140000	1.331169e-02
4.145000	4.662884e-02
4.150000	8.563326e-02
4.155000	1.238235e-01
4.160000	1.509324e-01
4.165000	1.543691e-01
4.170000	1.299876e-01
4.175000	8.949813e-02
4.180000	4.425178e-02
4.185000	-5.645639e-03
4.190000	-6.354695e-02
4.195000	-1.238025e-01
4.200000	-1.629395e-01
4.205000	-1.659322e-01
4.210000	-1.454087e-01
4.215000	-1.123866e-01
4.220000	-7.534894e-02
4.225000	-4.577109e-02
4.230000	-3.192814e-02
4.235000	-2.180261e-02
4.240000	-6.120871e-03
4.245000	1.473770e-02
4.250000	3.688090e-02
4.255000	5.923247e-02
4.260000	8.507023e-02
4.265000	1.103497e-01
4.270000	1.198800e-01
4.275000	1.054315e-01
4.280000	7.945730e-02
4.285000	5.004244e-02
4.290000	1.866136e-02
4.295000	-1.517230e-02
4.300000	-5.311921e-02
4.305000	-8.703739e-02
4.310000	-9.329313e-02
4.315000	-6.773986e-02
4.320000	-2.878817e-02
4.325000	4.909832e-03
4.330000	2.808021e-02
4.335000	4.311561e-02
4.340000	5.667794e-02
4.345000	7.119962e-02
4.350000	7.881290e-02
4.355000	6.935904e-02
4.360000	4.093127e-02
4.365000	4.814508e-03
4.370000	-3.017413e-02
4.375000	-5.002301e-02
4.380000	-4.973137e-02
4.385000	-4.485481e-02
4.390000	-4.513266e-02
4.395000	-4.516521e-02
4.400000	-3.401823e-02
4.405000	-3.851165e-03
4.410000	4.030146e-02
4.415000	7.597178e-02
4.420000	8.030185e-02
4.425000	6.358892e-02
4.430000	5.014092e-02
4.435000	4.569677e-02
4.440000	3.944849e-02
4.445000	1.970143e-02
4.450000	-2.459807e-02
4.455000	-8.831842e-02
4.460000	-1.558381e-01
4.465000	-1.961991e-01
4.470000	-1.936090e-01
4.475000	-1.697735e-01
4.480000	-1.450499e-01
4.485000	-1.128272e-01
4.490000	-5.180128e-02
4.495000	4.249314e-02
4.500000	1.465759e-01
4.505000	2.193533e-01
4.510000	2.308638e-01
4.515000	1.754338e-01
4.520000	5.502463e-02
4.525000	-8.611273e-02
4.530000	-1.769628e-01
4.535000	-1.808138e-01
4.540000	-1.398162e-01
4.545000	-1.012278e-01
4.550000	-6.470451e-02
4.555000	-3.660996e-02
4.560000	-3.335298e-02
4.565000	-4.399147e-02
4.570000	-5.142520e-02
4.575000	-5.328444e-02
4.580000	-5.552216e-02
4.585000	-5.982505e-02
4.590000	-6.032064e-02
4.595000	-4.637635e-02
4.600000	-1.099436e-03
4.605000	9.574458e-02
4.610000	2.066220e-01
4.615000	2.613664e-01
4.620000	2.208144e-01
4.625000	9.055791e-02
4.630000	-7.211916e-02
4.635000	-1.337596e-01
4.640000	-9.372657e-02
4.645000	-6.098105e-02
4.650000	-8.891701e-02
4.655000	-1.600391e-01
4.660000	-2.477632e-01
4.665000	-3.185847e-01
4.670000	-3.238925e-01
4.675000	-2.600893e-01
4.680000	-1.546028e-01
4.685000	-4.500507e-02
4.690000	5.163979e-02
4.695000	1.356600e-01
4.700000	1.815760e-01
4.705000	1.627866e-01
4.710000	1.042909e-01
4.715000	6.508227e-02
4.720000	6.926599e-02
4.725000	8.741738e-02
4.730000	8.979801e-02
4.735000	7.983796e-02
4.740000	7.346209e-02
4.745000	7.626803e-02
4.750000	8.109762e-02
4.755000	6.647325e-02
4.760000	9.440711e-03
4.765000	-6.269455e-02
4.770000	-1.199610e-01
4.775000	-1.365429e-01
4.780000	-1.092048e-01
4.785000	-6.458457e-02
4.790000	-2.352930e-02
4.795000	1.563567e-02
4.800000	4.002562e-02
4.805000	4.093379e-02
4.810000	2.797748e-02
4.815000	1.610300e-02
4.820000	7.648353e-03
4.825000	-2.603351e-03
4.830000	-1.741445e-02
4.835000	-3.468498e-02
4.840000	-5.181370e-02
4.845000	-6.841969e-02
4.850000	-8.407327e-02
4.855000	-9.479757e-02
4.860000	-8.491948e-02
4.865000	-5.471000e-02
4.870000	-2.205019e-02
4.875000	-6.549092e-03
4.880000	-1.862854e-02
4.885000	-3.824329e-02
4.890000	-4.248476e-02
4.895000	-9.930798e-03
4.900000	6.085581e-02
4.905000	1.478628e-01
4.910000	2.174659e-01
4.915000	2.366408e-01
4.920000	2.031840e-01
4.925000	1.520212e-01
4.930000	1.301226e-01
4.935000	1.605543e-01
4.940000	2.155373e-01
4.945000	2.491713e-01
4.950000	2.224416e-01
4.955000	1.174078e-01
4.960000	-3.785483e-02
4.965000	-1.566549e-01
4.970000	-1.658712e-01
4.975000	-1.030777e-01
4.980000	-4.406528e-02
4.985000	-2.387994e-02
4.990000	-3.405207e-02
4.995000	-4.145202e-02
5.000000	-1.380226e-02
5.005000	5.914834e-02
5.010000	1.548190e-01
5.015000	2.315463e-01
5.020000	2.700242e-01
5.025000	1.602642e-01
5.030000	-2.594266e-01
5.035000	-5.316344e-01
5.040000	-4.246982e-01
5.045000	-1.531732e-01
5.050000	1.005319e-01
5.055000	2.672274e-01
5.060000	3.099524e-01
5.065000	1.841009e-01
5.070000	-7.809810e-02
5.075000	-1.855550e-01
5.080000	-6.877790e-02
5.085000	1.045212e-01
5.090000	2.397906e-01
5.095000	3.020787e-01
5.100000	3.034640e-01
5.105000	2.534644e-01
5.110000	1.385933e-01
5.115000	2.215483e-02
5.120000	-1.635789e-03
5.125000	3.331059e-02
5.130000	4.462409e-02
5.135000	1.842619e-02
5.140000	-9.931687e-03
5.145000	-1.636681e-02
5.150000	-5.604411e-04
5.155000	2.278728e-02
5.160000	4.026009e-02
5.165000	4.394933e-02
5.170000	2.307791e-02
5.175000	-4.320276e-02
5.180000	-1.369213e-01
5.185000	-1.819312e-01
5.190000	-1.457061e-01
5.195000	-4.613376e-02
5.200000	8.372991e-02
5.205000	1.465578e-01
5.210000	1.182095e-01
5.215000	6.561011e-02
5.220000	3.015151e-02
5.225000	1.531186e-02
5.230000	1.942660e-02
5.235000	3.529989e-02
5.240000	5.643094e-02
5.245000	7.836192e-02
5.250000	9.194782e-02
5.255000	8.332162e-02
5.260000	5.032410e-02
5.265000	-1.587535e-02
5.270000	-1.224672e-01
5.275000	-2.344194e-01
5.280000	-2.913791e-01
5.285000	-2.651257e-01
5.290000	-1.965177e-01
5.295000	-1.143076e-01
5.300000	-5.127178e-03
5.305000	1.131424e-01
5.310000	1.975362e-01
5.315000	2.225877e-01
5.320000	1.995147e-01
5.325000	1.567070e-01
5.330000	1.218409e-01
5.335000	1.117271e-01
5.340000	1.132643e-01
5.345000	1.064382e-01
5.350000	8.815465e-02
5.355000	6.433327e-02
5.360000	3.803975e-02
5.365000	1.844513e-02
5.370000	2.162764e-02
5.375000	3.963178e-02
5.380000	5.178398e-02
5.385000	3.957096e-02
5.390000	-3.330906e-02
5.395000	-1.584316e-01
5.400000	-2.812800e-01
5.405000	-3.551828e-01
5.410000	-3.620489e-01
5.415000	-3.230870e-01
5.420000	-2.691519e-01
5.425000	-2.081483e-01
5.430000	-1.283535e-01
5.435000	-3.528783e-02
5.440000	5.482082e-02
5.445000	1.179479e-01
5.450000	1.318743e-01
5.455000	1.043579e-01
5.460000	5.679746e-02
5.465000	-3.464271e-03
5.470000	-6.339687e-02
5.475000	-9.573625e-02
5.480000	-8.631320e-02
5.485000	-5.113466e-02
5.490000	-8.803160e-03
5.495000	3.521781e-02
5.500000	8.525334e-02
5.505000	1.381188e-01
5.510000	1.731024e-01
5.515000	1.778862e-01
5.520000	1.592046e-01
5.525000	1.210115e-01
5.530000	5.693248e-02
5.535000	-2.854688e-02
5.540000	-1.161683e-01
5.545000	-1.907945e-01
5.550000	-2.194112e-01
5.555000	-2.186361e-01
5.560000	-2.231875e-01
5.565000	-2.388562e-01
5.570000	-2.524205e-01
5.575000	-2.559877e-01
5.580000	-2.520615e-01
5.585000	-2.335259e-01
5.590000	-1.769638e-01
5.595000	-9.750570e-02
5.600000	-2.836145e-02
5.605000	1.839053e-02
5.610000	4.313015e-02
5.615000	4.340161e-02
5.620000	2.970023e-02
5.625000	2.412781e-02
5.630000	4.582652e-02
5.635000	8.972690e-02
5.640000	1.384985e-01
5.645000	1.755235e-01
5.650000	1.823712e-01
5.655000	1.479235e-01
5.660000	7.761799e-02
5.665000	-1.084146e-02
5.670000	-9.766817e-02
5.675000	-1.719044e-01
5.680000	-2.200493e-01
5.685000	-2.361555e-01
5.690000	-2.287669e-01
5.695000	-2.080443e-01
5.700000	-1.710700e-01
5.705000	-1.122600e-01
5.710000	-6.260438e-02
5.715000	-5.676933e-02
5.720000	-7.862587e-02
5.725000	-9.552584e-02
5.730000	-8.829647e-02
5.735000	-5.780961e-02
5.740000	-9.678321e-03
5.745000	4.687480e-02
5.750000	1.025105e-01
5.755000	1.563005e-01
5.760000	2.009988e-01
5.765000	2.269911e-01
5.770000	2.232752e-01
5.775000	1.900565e-01
5.780000	1.382349e-01
5.785000	8.205339e-02
5.790000	3.061202e-02
5.795000	-2.062683e-03
5.800000	-2.357793e-02
5.805000	-4.616197e-02
5.810000	-7.112165e-02
5.815000	-9.439362e-02
5.820000	-1.119814e-01
5.825000	-1.222572e-01
5.830000	-1.214370e-01
5.835000	-1.015610e-01
5.840000	-5.346685e-02
5.845000	2.717502e-02
5.850000	1.243346e-01
5.855000	2.031194e-01
5.860000	2.396405e-01
5.865000	2.211557e-01
5.870000	1.637048e-01
5.875000	1.007084e-01
5.880000	6.953234e-02
5.885000	8.474032e-02
5.890000	1.193176e-01
5.895000	1.410552e-01
5.900000	1.379742e-01
5.905000	1.169542e-01
5.910000	8.491900e-02
5.915000	3.818784e-02
5.920000	-2.749304e-02
5.925000	-1.079748e-01
5.930000	-1.598899e-01
5.935000	-1.555395e-01
5.940000	-1.121327e-01
5.945000	-4.170637e-02
5.950000	5.598194e-02
5.955000	1.578953e-01
5.960000	2.177710e-01
5.965000	2.004522e-01
5.970000	1.089211e-01
5.975000	-8.047329e-03
5.980000	-5.274610e-02
5.985000	-2.228899e-02
5.990000	1.680914e-02
5.995000	3.179509e-02
6.000000	3.929166e-02
6.005000	5.128724e-02
6.010000	6.050102e-02
6.015000	5.338485e-02
6.020000	3.033343e-02
6.025000	3.172847e-03
6.030000	-1.624445e-02
6.035000	-2.321666e-02
6.040000	-2.293741e-02
6.045000	-2.107754e-02
6.050000	-1.947929e-02
6.055000	-1.835267e-02
6.060000	-1.966152e-02
6.065000	-2.914289e-02
6.070000	-5.172728e-02
6.075000	-7.925276e-02
6.080000	-9.086441e-02
6.085000	-7.655895e-02
6.090000	-4.991247e-02
6.095000	-2.709516e-02
6.100000	-1.161121e-02
6.105000	-2.943570e-03
6.110000	-5.168085e-03
6.115000	-1.655167e-02
6.120000	-3.046481e-02
6.125000	-4.298077e-02
6.130000	-5.569137e-02
6.135000	-6.963142e-02
6.140000	-8.348774e-02
6.145000	-9.402317e-02
6.150000	-8.768387e-02
6.155000	-5.612875e-02
6.160000	-1.733050e-02
6.165000	1.540671e-02
6.170000	4.062348e-02
6.175000	5.936450e-02
6.180000	6.392485e-02
6.185000	5.182435e-02
6.190000	3.368816e-02
6.195000	1.810767e-02
6.200000	4.857920e-03
6.205000	-9.554954e-03
6.210000	-2.606949e-02
6.215000	-4.176971e-02
6.220000	-5.420856e-02
6.225000	-5.776255e-02
6.230000	-4.734403e-02
6.235000	-2.784924e-02
6.240000	-8.416656e-03
6.245000	-5.692545e-04
6.250000	-1.271712e-02
6.255000	-3.709533e-02
6.260000	-5.547967e-02
6.265000	-5.898434e-02
6.270000	-4.697141e-02
6.275000	-2.287609e-02
6.280000	5.948050e-03
6.285000	3.417815e-02
6.290000	6.193523e-02
6.295000	8.324353e-02
6.300000	9.211184e-02
6.305000	9.133484e-02
6.310000	8.420367e-02
6.315000	6.486298e-02
6.320000	2.623921e-02
6.325000	-2.433492e-02
6.330000	-5.760643e-02
6.335000	-5.739979e-02
6.340000	-4.486542e-02
6.345000	-3.930784e-02
6.350000	-3.706422e-02
6.355000	-2.608156e-02
6.360000	-6.770406e-03
6.365000	1.387186e-02
6.370000	2.779931e-02
6.375000	1.690232e-02
6.380000	-2.319907e-02
6.385000	-7.269738e-02
6.390000	-1.021970e-01
6.395000	-8.599960e-02
6.400000	-3.707991e-02
6.405000	2.040005e-02
6.410000	7.803998e-02
6.415000	1.225870e-01
6.420000	1.379003e-01
6.425000	1.280357e-01
6.430000	1.054566e-01
6.435000	6.825212e-02
6.440000	2.054245e-02
6.445000	-1.719237e-02
6.450000	-3.346290e-02
6.455000	-3.938368e-02
6.460000	-4.817542e-02
6.465000	-6.151948e-02
6.470000	-7.400181e-02
6.475000	-8.288302e-02
6.480000	-9.072425e-02
6.485000	-1.010414e-01
6.490000	-1.163479e-01
6.495000	-1.418215e-01
6.500000	-1.864663e-01
6.505000	-2.330114e-01
6.510000	-2.376403e-01
6.515000	-1.760460e-01
6.520000	-7.532751e-02
6.525000	2.206929e-02
6.530000	1.033986e-01
6.535000	1.559746e-01
6.540000	1.703853e-01
6.545000	1.596556e-01
6.550000	1.397118e-01
6.555000	1.071983e-01
6.560000	4.943081e-02
6.565000	-2.453994e-02
6.570000	-8.668362e-02
6.575000	-1.200856e-01
6.580000	-1.198692e-01
6.585000	-9.061188e-02
6.590000	-3.748363e-02
6.595000	2.977538e-02
6.600000	7.847597e-02
6.605000	8.756825e-02
6.610000	7.795283e-02
6.615000	7.356833e-02
6.620000	7.748188e-02
6.625000	7.955226e-02
6.630000	7.420005e-02
6.635000	6.635769e-02
6.640000	6.260691e-02
6.645000	6.597450e-02
6.650000	7.815659e-02
6.655000	1.022110e-01
6.660000	1.374960e-01
6.665000	1.752025e-01
6.670000	1.915039e-01
6.675000	1.781541e-01
6.680000	1.407657e-01
6.685000	8.681727e-02
6.690000	3.630451e-02
6.695000	6.937738e-03
6.700000	-1.292218e-02
6.705000	-3.858399e-02
6.710000	-6.523516e-02
6.715000	-7.413086e-02
6.720000	-5.959989e-02
6.725000	-2.628098e-02
6.730000	1.692768e-02
6.735000	3.406847e-02
6.740000	8.711921e-03
6.745000	-3.886551e-02
6.750000	-8.307745e-02
6.755000	-1.112306e-01
6.760000	-1.155841e-01
6.765000	-1.128281e-01
6.770000	-1.168647e-01
6.775000	-1.235126e-01
6.780000	-1.219625e-01
6.785000	-1.065148e-01
6.790000	-7.916790e-02
6.795000	-4.675724e-02
6.800000	-1.283896e-02
6.805000	2.318138e-02
6.810000	6.280851e-02
6.815000	9.786047e-02
6.820000	1.132202e-01
6.825000	1.086299e-01
6.830000	9.320413e-02
6.835000	7.277294e-02
6.840000	4.841025e-02
6.845000	1.653879e-02
6.850000	-2.064576e-02
6.855000	-5.555765e-02
6.860000	-7.921224e-02
6.865000	-8.613504e-02
6.870000	-8.806585e-02
6.875000	-9.703209e-02
6.880000	-1.101660e-01
6.885000	-1.218017e-01
6.890000	-1.293098e-01
6.895000	-1.205771e-01
6.900000	-9.183702e-02
6.905000	-5.663169e-02
6.910000	-2.523725e-02
6.915000	3.914549e-03
6.920000	3.514664e-02
6.925000	6.280166e-02
6.930000	7.763365e-02
6.935000	7.528548e-02
6.940000	6.318588e-02
6.945000	4.918060e-02
6.950000	3.532961e-02
6.955000	1.898227e-02
6.960000	-4.075692e-04
6.965000	-2.297207e-02
6.970000	-4.608681e-02
6.975000	-6.569458e-02
6.980000	-7.755550e-02
6.985000	-6.912967e-02
6.990000	-3.572285e-02
6.995000	1.232618e-02
7.000000	6.046769e-02
7.005000	1.021277e-01
7.010000	1.326785e-01
7.015000	1.429765e-01
7.020000	1.262468e-01
7.025000	8.737561e-02
7.030000	4.138957e-02
7.035000	1.356488e-02
7.040000	2.295633e-03
7.045000	-9.423910e-03
7.050000	-2.860269e-02
7.055000	-4.896441e-02
7.060000	-5.821264e-02
7.065000	-4.379015e-02
7.070000	-9.691153e-03
7.075000	3.030889e-02
7.080000	6.516708e-02
7.085000	7.963601e-02
7.090000	6.858709e-02
7.095000	3.811990e-02
7.100000	7.080104e-03
7.105000	-1.630229e-02
7.110000	-3.867128e-02
7.115000	-6.653948e-02
7.120000	-1.001394e-01
7.125000	-1.397910e-01
7.130000	-1.833927e-01
7.135000	-2.164954e-01
7.140000	-2.191025e-01
7.145000	-1.946604e-01
7.150000	-1.600296e-01
7.155000	-1.176173e-01
7.160000	-6.363914e-02
7.165000	-1.273399e-02
7.170000	1.277926e-02
7.175000	9.710737e-03
7.180000	-1.046876e-02
7.185000	-3.208079e-02
7.190000	-4.583411e-02
7.195000	-4.489109e-02
7.200000	-3.677567e-02
7.205000	-3.411235e-02
7.210000	-3.756621e-02
7.215000	-3.993075e-02
7.220000	-3.795501e-02
7.225000	-3.377005e-02
7.230000	-2.844834e-02
7.235000	-1.610030e-02
7.240000	1.611577e-02
7.245000	6.557188e-02
7.250000	1.032667e-01
7.255000	1.143032e-01
7.260000	1.056623e-01
7.265000	8.674536e-02
7.270000	6.094772e-02
7.275000	2.959423e-02
7.280000	-1.583935e-03
7.285000	-1.916560e-02
7.290000	-1.286736e-02
7.295000	1.739877e-02
7.300000	5.505589e-02
7.305000	8.747375e-02
7.310000	1.120671e-01
7.315000	1.237312e-01
7.320000	1.203688e-01
7.325000	1.056204e-01
7.330000	8.427269e-02
7.335000	5.454834e-02
7.340000	1.423265e-02
7.345000	-2.779062e-02
7.350000	-6.765405e-02
7.355000	-1.060395e-01
7.360000	-1.281955e-01
7.365000	-1.191306e-01
7.370000	-8.559046e-02
7.375000	-4.467393e-02
7.380000	-9.089762e-03
7.385000	2.153292e-02
7.390000	3.480079e-02
7.395000	2.619615e-02
7.400000	1.377932e-02
7.405000	1.038927e-02
7.410000	1.467347e-02
7.415000	1.819343e-02
7.420000	1.738136e-02
7.425000	1.480814e-02
7.430000	1.384594e-02
7.435000	1.491540e-02
7.440000	1.661323e-02
7.445000	1.779780e-02
7.450000	1.843781e-02
7.455000	1.905772e-02
7.460000	1.993551e-02
7.465000	2.099823e-02
7.470000	2.213609e-02
7.475000	2.325144e-02
7.480000	2.512489e-02
7.485000	3.215244e-02
7.490000	5.034625e-02
7.495000	7.572053e-02
7.500000	1.009094e-01
7.505000	1.109081e-01
7.510000	8.590432e-02
7.515000	3.312566e-02
7.520000	-2.842582e-02
7.525000	-7.756220e-02
7.530000	-1.020860e-01
7.535000	-1.089630e-01
7.540000	-1.094334e-01
7.545000	-1.040149e-01
7.550000	-8.857558e-02
7.555000	-6.138294e-02
7.560000	-2.483114e-02
7.565000	1.827404e-02
7.570000	6.273556e-02
7.575000	1.021937e-01
7.580000	1.401264e-01
7.585000	1.746211e-01
7.590000	1.954844e-01
7.595000	2.011918e-01
7.600000	1.864248e-01
7.605000	1.204494e-01
7.610000	2.306976e-02
7.615000	-3.969767e-02
7.620000	-3.776757e-02
7.625000	-1.315098e-02
7.630000	-4.589831e-03
7.635000	-1.016255e-02
7.640000	-1.022738e-02
7.645000	1.387165e-03
7.650000	1.617904e-02
7.655000	2.516664e-02
7.660000	2.653925e-02
7.665000	2.156916e-02
7.670000	1.293042e-02
7.675000	1.634009e-03
7.680000	-1.096579e-02
7.685000	-2.426610e-02
7.690000	-3.635628e-02
7.695000	-4.567492e-02
7.700000	-5.098195e-02
7.705000	-5.357475e-02
7.710000	-5.439038e-02
7.715000	-5.450558e-02
7.720000	-5.342314e-02
7.725000	-5.111565e-02
7.730000	-4.648438e-02
7.735000	-3.836347e-02
7.740000	-2.635678e-02
7.745000	-9.020502e-03
7.750000	1.047115e-02
7.755000	2.751346e-02
7.760000	3.917250e-02
7.765000	3.767274e-02
7.770000	1.559640e-02
7.775000	-1.505915e-02
7.780000	-4.105179e-02
7.785000	-5.770094e-02
7.790000	-5.697708e-02
7.795000	-4.289548e-02
7.800000	-2.914021e-02
7.805000	-2.029023e-02
7.810000	-1.137802e-02
7.815000	1.925814e-03
7.820000	1.807214e-02
7.825000	3.214389e-02
7.830000	4.001121e-02
7.835000	3.920893e-02
7.840000	3.013498e-02
7.845000	1.254650e-02
7.850000	-2.164159e-02
7.855000	-6.904548e-02
7.860000	-1.166535e-01
7.865000	-1.587911e-01
7.870000	-1.903351e-01
7.875000	-1.966204e-01
7.880000	-1.733879e-01
7.885000	-1.299300e-01
7.890000	-7.885962e-02
7.895000	-3.072993e-02
7.900000	2.036576e-02
7.905000	7.992855e-02
7.910000	1.345241e-01
7.915000	1.626881e-01
7.920000	1.598421e-01
7.925000	1.228294e-01
7.930000	4.890609e-02
7.935000	-2.132018e-02
7.940000	-4.378858e-02
7.945000	-2.890733e-02
7.950000	-1.448609e-02
7.955000	-1.404561e-02
7.960000	-1.655490e-02
7.965000	-1.186758e-02
7.970000	-5.908761e-04
7.975000	1.178135e-02
7.980000	2.358166e-02
7.985000	3.794334e-02
7.990000	5.748839e-02
7.995000	7.470543e-02
8.000000	6.873593e-02
8.005000	4.689037e-02
8.010000	2.735189e-02
8.015000	1.532625e-02
8.020000	1.234560e-02
8.025000	1.982875e-02
8.030000	3.369557e-02
8.035000	4.714519e-02
8.040000	5.581452e-02
8.045000	5.740786e-02
8.050000	5.126978e-02
8.055000	4.385461e-02
8.060000	4.022472e-02
8.065000	4.383301e-02
8.070000	5.170895e-02
8.075000	5.766494e-02
8.080000	6.130857e-02
8.085000	6.420345e-02
8.090000	5.968234e-02
8.095000	4.257468e-02
8.100000	1.769612e-02
8.105000	-1.040752e-02
8.110000	-3.066541e-02
8.115000	-3.005576e-02
8.120000	-2.076525e-02
8.125000	-1.776598e-02
8.130000	-2.028608e-02
8.135000	-2.091408e-02
8.140000	-1.686494e-02
8.145000	-1.060982e-02
8.150000	-5.416171e-03
8.155000	-3.468020e-03
8.160000	-6.256145e-03
8.165000	-1.567868e-02
8.170000	-3.202203e-02
8.175000	-5.164917e-02
8.180000	-7.201923e-02
8.185000	-9.442826e-02
8.190000	-1.128835e-01
8.195000	-1.146055e-01
8.200000	-9.900705e-02
8.205000	-7.764733e-02
8.210000	-5.731642e-02
8.215000	-3.830648e-02
8.220000	-1.838585e-02
8.225000	-4.214655e-03
8.230000	-3.578219e-03
8.235000	-1.614921e-02
8.240000	-3.326630e-02
8.245000	-4.787620e-02
8.250000	-6.082909e-02
8.255000	-6.676779e-02
8.260000	-5.298537e-02
8.265000	-2.733353e-02
8.270000	-4.636125e-03
8.275000	1.290718e-02
8.280000	3.114059e-02
8.285000	5.275194e-02
8.290000	6.874782e-02
8.295000	6.734781e-02
8.300000	5.117314e-02
8.305000	3.232839e-02
8.310000	1.775504e-02
8.315000	1.259983e-02
8.320000	2.775507e-02
8.325000	5.992765e-02
8.330000	9.278725e-02
8.335000	1.174280e-01
8.340000	1.339654e-01
8.345000	1.418790e-01
8.350000	1.371852e-01
8.355000	1.195206e-01
8.360000	9.661796e-02
8.365000	7.503764e-02
8.370000	5.362363e-02
8.375000	2.914909e-02
8.380000	6.596522e-03
8.385000	-2.150120e-03
8.390000	1.755486e-03
8.395000	7.028596e-03
8.400000	8.554093e-03
8.405000	7.740498e-03
8.410000	6.572173e-03
8.415000	4.820532e-03
8.420000	4.151223e-04
8.425000	-8.114710e-03
8.430000	-2.003676e-02
8.435000	-3.479202e-02
8.440000	-5.005004e-02
8.445000	-6.456775e-02
8.450000	-7.448254e-02
8.455000	-6.921343e-02
8.460000	-4.998923e-02
8.465000	-2.875834e-02
8.470000	-1.152838e-02
8.475000	5.671279e-03
8.480000	2.472831e-02
8.485000	3.399410e-02
8.490000	2.329114e-02
8.495000	-4.683763e-03
8.500000	-3.543997e-02
8.505000	-4.586229e-02
8.510000	-3.858831e-02
8.515000	-3.187327e-02
8.520000	-3.260514e-02
8.525000	-3.343081e-02
8.530000	-2.892318e-02
8.535000	-1.848427e-02
8.540000	-2.782050e-03
8.545000	1.647342e-02
8.550000	3.924181e-02
8.555000	6.636958e-02
8.560000	8.871474e-02
8.565000	9.093105e-02
8.570000	7.198242e-02
8.575000	4.211857e-02
8.580000	1.293288e-02
8.585000	-5.174393e-03
8.590000	-1.032799e-02
8.595000	-1.024470e-02
8.600000	-1.111736e-02
8.605000	-1.154757e-02
8.610000	-7.995750e-03
8.615000	-9.810967e-04
8.620000	6.834801e-03
8.625000	1.351954e-02
8.630000	1.376858e-02
8.635000	5.878705e-03
8.640000	-3.935704e-03
8.645000	-1.127099e-02
8.650000	-1.784970e-02
8.655000	-2.263427e-02
8.660000	-1.886073e-02
8.665000	-8.709357e-03
8.670000	5.563992e-04
8.675000	7.997373e-03
8.680000	1.641959e-02
8.685000	2.256344e-02
8.690000	1.668611e-02
8.695000	2.381953e-05
8.700000	-1.388737e-02
8.705000	-1.897255e-02
8.710000	-2.069176e-02
8.715000	-2.516296e-02
8.720000	-3.260000e-02
8.725000	-4.369657e-02
8.730000	-5.966067e-02
8.735000	-7.636742e-02
8.740000	-8.821613e-02
8.745000	-8.031831e-02
8.750000	-4.899107e-02
8.755000	-1.352854e-02
8.760000	1.551400e-02
8.765000	3.349336e-02
8.770000	3.519658e-02
8.775000	2.035204e-02
8.780000	1.259723e-03
8.785000	-1.487892e-02
8.790000	-2.713196e-02
8.795000	-2.431693e-02
8.800000	-8.229380e-03
8.805000	7.093220e-03
8.810000	1.750131e-02
8.815000	2.977896e-02
8.820000	4.325396e-02
8.825000	4.935817e-02
8.830000	4.509653e-02
8.835000	3.664232e-02
8.840000	2.985353e-02
8.845000	2.461093e-02
8.850000	2.161982e-02
8.855000	3.037534e-02
8.860000	4.996776e-02
8.865000	6.993329e-02
8.870000	8.618270e-02
8.875000	1.023515e-01
8.880000	1.196731e-01
8.885000	1.305023e-01
8.890000	1.212921e-01
8.895000	8.817262e-02
8.900000	4.386584e-02
8.905000	2.297977e-03
8.910000	-3.285815e-02
8.915000	-4.832913e-02
8.920000	-3.513735e-02
8.925000	-7.376696e-03
8.930000	1.730354e-02
8.935000	3.599377e-02
8.940000	5.106562e-02
8.945000	5.494018e-02
8.950000	4.185053e-02
8.955000	2.219230e-02
8.960000	7.066078e-03
8.965000	1.930860e-03
8.970000	5.679612e-03
8.975000	1.126941e-02
8.980000	1.369172e-02
8.985000	1.163061e-02
8.990000	6.532610e-03
8.995000	2.722223e-03
9.000000	2.306386e-03
9.005000	3.203431e-03
9.010000	2.744224e-03
9.015000	8.673545e-04
9.020000	-1.026294e-03
9.025000	-2.187293e-03
9.030000	-3.109713e-03
9.035000	-4.356777e-03
9.040000	-2.261806e-03
9.045000	9.303234e-03
9.050000	2.697372e-02
9.055000	4.398468e-02
9.060000	5.849757e-02
9.065000	7.282039e-02
9.070000	8.745440e-02
9.075000	9.714627e-02
9.080000	9.250764e-02
9.085000	6.337053e-02
9.090000	2.178242e-02
9.095000	-1.476827e-02
9.100000	-4.400164e-02
9.105000	-6.169774e-02
9.110000	-6.684687e-02
9.115000	-6.713655e-02
9.120000	-6.858698e-02
9.125000	-7.036688e-02
9.130000	-6.937448e-02
9.135000	-6.574161e-02
9.140000	-6.100176e-02
9.145000	-5.634388e-02
9.150000	-5.198889e-02
9.155000	-4.663872e-02
9.160000	-4.013544e-02
9.165000	-3.121295e-02
9.170000	-1.808247e-02
9.175000	2.581975e-03
9.180000	2.945076e-02
9.185000	5.851211e-02
9.190000	8.718094e-02
9.195000	1.124664e-01
9.200000	1.301912e-01
9.205000	1.356042e-01
9.210000	1.290862e-01
9.215000	1.146364e-01
9.220000	9.661007e-02
9.225000	7.477503e-02
9.230000	4.692512e-02
9.235000	1.634068e-02
9.240000	-1.372172e-02
9.245000	-4.317352e-02
9.250000	-7.341060e-02
9.255000	-1.040465e-01
9.260000	-1.259525e-01
9.265000	-1.248574e-01
9.270000	-1.070172e-01
9.275000	-9.014805e-02
9.280000	-7.815747e-02
9.285000	-6.475532e-02
9.290000	-4.688528e-02
9.295000	-2.664940e-02
9.300000	-6.903796e-03
9.305000	1.166335e-02
9.310000	2.992356e-02
9.315000	4.858411e-02
9.320000	6.741291e-02
9.325000	8.461997e-02
9.330000	9.705048e-02
9.335000	1.021049e-01
9.340000	1.002049e-01
9.345000	8.675870e-02
9.350000	4.546831e-02
9.355000	-1.234598e-02
9.360000	-4.395472e-02
9.365000	-4.518137e-02
9.370000	-4.762826e-02
9.375000	-6.474500e-02
9.380000	-8.649166e-02
9.385000	-1.001458e-01
9.390000	-9.024317e-02
9.395000	-5.353474e-02
9.400000	-7.508879e-03
9.405000	2.668985e-02
9.410000	4.457765e-02
9.415000	4.976334e-02
9.420000	4.684400e-02
9.425000	3.729066e-02
9.430000	2.087288e-02
9.435000	9.806913e-03
9.440000	5.759750e-03
9.445000	3.874558e-03
9.450000	4.695145e-03
9.455000	6.684686e-03
9.460000	2.997064e-03
9.465000	-2.012072e-02
9.470000	-5.155780e-02
9.475000	-6.794814e-02
9.480000	-6.416839e-02
9.485000	-4.905150e-02
9.490000	-2.850564e-02
9.495000	-2.421818e-03
9.500000	3.025241e-02
9.505000	5.825449e-02
9.510000	7.066395e-02
9.515000	6.884984e-02
9.520000	5.566290e-02
9.525000	3.306442e-02
9.530000	8.770368e-03
9.535000	-1.311907e-02
9.540000	-3.305792e-02
9.545000	-5.411503e-02
9.550000	-7.723204e-02
9.555000	-9.919217e-02
9.560000	-1.124831e-01
9.565000	-1.127754e-01
9.570000	-1.005711e-01
9.575000	-8.471228e-02
9.580000	-7.350211e-02
9.585000	-6.587034e-02
9.590000	-4.949893e-02
9.595000	-3.433141e-02
9.600000	-3.634622e-02
9.605000	-4.715060e-02
9.610000	-5.152865e-02
9.615000	-3.675292e-02
9.620000	2.093901e-05
9.625000	4.706600e-02
9.630000	7.794124e-02
9.635000	8.382493e-02
9.640000	6.849699e-02
9.645000	3.716791e-02
9.650000	2.206455e-03
9.655000	-2.393789e-02
9.660000	-3.473519e-02
9.665000	-3.364923e-02
9.670000	-3.311298e-02
9.675000	-3.727953e-02
9.680000	-4.765940e-02
9.685000	-6.775409e-02
9.690000	-8.082411e-02
9.695000	-6.326499e-02
9.700000	-2.598525e-02
9.705000	-4.036203e-03
9.710000	-6.791611e-03
9.715000	-2.157613e-02
9.720000	-3.261078e-02
9.725000	-3.246419e-02
9.730000	-1.726962e-02
9.735000	1.560816e-02
9.740000	5.223718e-02
9.745000	8.071676e-02
9.750000	9.464486e-02
9.755000	8.742767e-02
9.760000	5.905113e-02
9.765000	1.577428e-02
9.770000	-1.388190e-02
9.775000	-1.701453e-02
9.780000	-7.219090e-03
9.785000	1.493989e-02
9.790000	4.888337e-02
9.795000	7.358161e-02
9.800000	7.502204e-02
9.805000	5.441513e-02
9.810000	2.819907e-02
9.815000	7.213873e-03
9.820000	-1.116003e-02
9.825000	-3.271806e-02
9.830000	-5.288492e-02
9.835000	-6.490258e-02
9.840000	-7.313352e-02
9.845000	-8.302273e-02
9.850000	-9.412996e-02
9.855000	-9.958394e-02
9.860000	-9.205425e-02
9.865000	-7.810240e-02
9.870000	-6.746949e-02
9.875000	-6.593761e-02
9.880000	-6.795904e-02
9.885000	-6.638845e-02
9.890000	-5.953860e-02
9.895000	-4.417845e-02
9.900000	-1.542921e-02
9.905000	1.970208e-02
9.910000	5.955146e-02
9.915000	9.344490e-02
9.920000	1.088209e-01
9.925000	1.066332e-01
9.930000	9.637523e-02
9.935000	7.858241e-02
9.940000	5.005975e-02
9.945000	1.705954e-02
9.950000	-9.023210e-03
9.955000	-2.394237e-02
9.960000	-3.611157e-02
9.965000	-4.903083e-02
9.970000	-6.039480e-02
9.975000	-6.728072e-02
9.980000	-7.054294e-02
9.985000	-7.189881e-02
9.990000	-7.101491e-02
9.995000	-6.659251e-02
10.000000	-5.661396e-02
10.005000	-4.074099e-02
10.010000	-1.925261e-02
10.015000	4.071523e-03
10.020000	2.656524e-02
10.025000	4.834205e-02
10.030000	6.721036e-02
10.035000	7.413072e-02
10.040000	6.361048e-02
10.045000	3.547819e-02
10.050000	-2.446191e-03
10.055000	-3.693712e-02
10.060000	-5.319732e-02
10.065000	-5.178431e-02
10.070000	-4.415146e-02
10.075000	-3.685640e-02
10.080000	-3.016509e-02
10.085000	-2.172257e-02
10.090000	-1.396657e-02
10.095000	-1.288745e-02
10.100000	-2.214465e-02
10.105000	-3.812566e-02
10.110000	-5.263033e-02
10.115000	-6.093506e-02
10.120000	-5.988147e-02
10.125000	-5.073764e-02
10.130000	-3.840883e-02
10.135000	-2.842334e-02
10.140000	-2.678949e-02
10.145000	-3.353626e-02
10.150000	-4.616431e-02
10.155000	-6.248464e-02
10.160000	-7.344398e-02
10.165000	-7.038616e-02
10.170000	-5.188322e-02
10.175000	-2.267688e-02
10.180000	5.771319e-03
10.185000	2.714894e-02
10.190000	3.661603e-02
10.195000	3.681786e-02
10.200000	3.352803e-02
10.205000	3.001919e-02
10.210000	2.536598e-02
10.215000	1.707718e-02
10.220000	5.020574e-03
10.225000	-7.697028e-03
10.230000	-1.886809e-02
10.235000	-2.661225e-02
10.240000	-2.509713e-02
10.245000	-9.719328e-03
10.250000	9.771423e-03
10.255000	2.239400e-02
10.260000	2.441055e-02
10.265000	1.954447e-02
10.270000	1.647908e-02
10.275000	1.731612e-02
10.280000	2.448203e-02
10.285000	4.459630e-02
10.290000	6.954353e-02
10.295000	8.509048e-02
10.300000	8.252401e-02
10.305000	5.841944e-02
10.310000	1.638592e-02
10.315000	-2.761888e-02
10.320000	-5.662102e-02
10.325000	-6.784394e-02
10.330000	-7.093395e-02
10.335000	-7.393610e-02
10.340000	-7.678385e-02
10.345000	-7.381364e-02
10.350000	-6.388406e-02
10.355000	-4.992223e-02
10.360000	-3.417958e-02
10.365000	-1.599337e-02
10.370000	6.595347e-03
10.375000	3.467752e-02
10.380000	6.267482e-02
10.385000	8.187982e-02
10.390000	8.223314e-02
10.395000	5.663189e-02
10.400000	-8.984328e-04
10.405000	-5.734861e-02
10.410000	-8.340541e-02
10.415000	-8.027677e-02
10.420000	-6.938958e-02
10.425000	-6.067850e-02
10.430000	-5.601665e-02
10.435000	-5.319703e-02
10.440000	-4.715990e-02
10.445000	-3.565278e-02
10.450000	-1.555315e-02
10.455000	9.655357e-03
10.460000	3.191987e-02
10.465000	4.403378e-02
10.470000	4.223679e-02
10.475000	2.816267e-02
10.480000	2.062977e-02
10.485000	2.937603e-02
10.490000	4.328383e-02
10.495000	5.111735e-02
10.500000	5.415779e-02
10.505000	5.556223e-02
10.510000	5.079342e-02
10.515000	3.840260e-02
10.520000	1.557467e-02
10.525000	-1.060061e-02
10.530000	-2.555567e-02
10.535000	-2.839452e-02
10.540000	-2.655097e-02
10.545000	-2.242774e-02
10.550000	-1.473035e-02
10.555000	-3.674439e-03
10.560000	8.897174e-03
10.565000	2.040073e-02
10.570000	2.549207e-02
10.575000	2.028309e-02
10.580000	1.064430e-02
10.585000	3.991320e-03
10.590000	1.390237e-03
10.595000	9.925879e-05
10.600000	3.031372e-04
10.605000	1.023370e-02
10.610000	3.224140e-02
10.615000	5.571699e-02
10.620000	6.778997e-02
10.625000	6.147068e-02
10.630000	3.509323e-02
10.635000	5.358146e-03
10.640000	-6.300064e-03
10.645000	-4.952808e-03
10.650000	-6.669365e-03
10.655000	-1.507719e-02
10.660000	-2.389078e-02
10.665000	-2.832067e-02
10.670000	-2.892923e-02
10.675000	-2.843258e-02
10.680000	-2.620712e-02
10.685000	-1.423674e-02
10.690000	7.023207e-03
10.695000	2.121794e-02
10.700000	2.013110e-02
10.705000	4.387863e-03
10.710000	-1.688856e-02
10.715000	-3.133669e-02
10.720000	-3.401658e-02
10.725000	-2.742015e-02
10.730000	-1.497914e-02
10.735000	-2.994014e-03
10.740000	6.283060e-03
10.745000	1.403044e-02
10.750000	1.407671e-02
10.755000	6.096562e-03
10.760000	-9.753198e-04
10.765000	-3.832193e-03
10.770000	-4.331292e-03
10.775000	-2.630888e-03
10.780000	5.193865e-03
10.785000	1.886459e-02
10.790000	3.451028e-02
10.795000	4.952045e-02
10.800000	6.450244e-02
10.805000	7.721214e-02
10.810000	7.961787e-02
10.815000	6.986265e-02
10.820000	6.031546e-02
10.825000	6.217574e-02
10.830000	6.892798e-02
10.835000	6.806725e-02
10.840000	5.907270e-02
10.845000	5.024311e-02
10.850000	4.529716e-02
10.855000	4.158013e-02
10.860000	3.471265e-02
10.865000	2.262554e-02
10.870000	3.465612e-03
10.875000	-9.967416e-03
10.880000	9.015300e-03
10.885000	2.991806e-02
10.890000	1.462815e-02
10.895000	-1.953424e-02
10.900000	-3.448880e-02
10.905000	-2.212724e-02
10.910000	3.115690e-04
10.915000	1.115857e-02
10.920000	-7.254333e-03
10.925000	-3.420321e-02
10.930000	-4.326456e-02
10.935000	-3.313725e-02
10.940000	-1.598471e-02
10.945000	-3.720940e-03
10.950000	-6.509400e-04
10.955000	-4.549281e-03
10.960000	-7.890452e-03
10.965000	-3.803759e-03
10.970000	4.640682e-03
10.975000	1.201087e-02
10.980000	1.670913e-02
10.985000	1.892092e-02
10.990000	1.845510e-02
10.995000	1.275287e-02
11.000000	2.481733e-03
11.005000	-6.848745e-03
11.010000	-1.155526e-02
11.015000	-7.440550e-03
11.020000	1.226695e-02
11.025000	3.828920e-02
11.030000	5.269659e-02
11.035000	4.434973e-02
11.040000	1.914945e-02
11.045000	-9.151261e-03
11.050000	-2.669912e-02
11.055000	-3.143494e-02
11.060000	-3.316533e-02
11.065000	-3.796083e-02
11.070000	-3.832897e-02
11.075000	-2.656582e-02
11.080000	-6.638658e-03
11.085000	1.201120e-02
11.090000	2.571563e-02
11.095000	3.656591e-02
11.100000	4.399480e-02
11.105000	4.365471e-02
11.110000	2.874380e-02
11.115000	3.454131e-03
11.120000	-1.622002e-02
11.125000	-2.273396e-02
11.130000	-2.056162e-02
11.135000	-1.005076e-02
11.140000	6.426219e-03
11.145000	2.308169e-02
11.150000	3.624306e-02
11.155000	4.623516e-02
11.160000	5.436402e-02
11.165000	6.086358e-02
11.170000	6.405569e-02
11.175000	6.255540e-02
11.180000	5.697427e-02
11.185000	4.764531e-02
11.190000	3.297785e-02
11.195000	2.000392e-02
11.200000	1.403157e-02
11.205000	1.449210e-02
11.210000	1.975498e-02
11.215000	3.027133e-02
11.220000	4.556358e-02
11.225000	5.816027e-02
11.230000	5.894218e-02
11.235000	3.976235e-02
11.240000	-6.213106e-04
11.245000	-5.180593e-02
11.250000	-8.848544e-02
11.255000	-9.979478e-02
11.260000	-9.453983e-02
11.265000	-7.960422e-02
11.270000	-5.548987e-02
11.275000	-2.711954e-02
11.280000	-5.642154e-03
11.285000	6.057734e-03
11.290000	1.330469e-02
11.295000	1.548149e-02
11.300000	1.251035e-02
11.305000	6.245650e-03
11.310000	-2.758925e-03
11.315000	-1.520695e-02
11.320000	-2.865671e-02
11.325000	-3.888691e-02
11.330000	-3.971021e-02
11.335000	-2.681996e-02
11.340000	-2.319418e-03
11.345000	2.418952e-02
11.350000	3.864982e-02
11.355000	3.680812e-02
11.360000	2.022782e-02
11.365000	8.247752e-04
11.370000	-8.401614e-03
11.375000	-9.796199e-03
11.380000	-8.112983e-03
11.385000	-4.637198e-03
11.390000	-4.413948e-03
11.395000	-6.089922e-03
11.400000	-6.323390e-03
11.405000	-6.470887e-03
11.410000	-8.308657e-03
11.415000	-1.036717e-02
11.420000	-1.131180e-02
11.425000	-1.188680e-02
11.430000	-1.291070e-02
11.435000	-1.429158e-02
11.440000	-1.559016e-02
11.445000	-1.665452e-02
11.450000	-1.763171e-02
11.455000	-1.788695e-02
11.460000	-1.236332e-02
11.465000	-4.440606e-04
11.470000	1.316821e-02
11.475000	2.568128e-02
11.480000	3.494436e-02
11.485000	3.939508e-02
11.490000	4.151355e-02
11.495000	4.256215e-02
11.500000	4.128259e-02
11.505000	3.614162e-02
11.510000	2.541326e-02
11.515000	1.025725e-02
11.520000	-6.785364e-03
11.525000	-2.370609e-02
11.530000	-3.805876e-02
11.535000	-4.674586e-02
11.540000	-4.760926e-02
11.545000	-4.285633e-02
11.550000	-3.588460e-02
11.555000	-2.935619e-02
11.560000	-2.317314e-02
11.565000	-1.629816e-02
11.570000	-9.607538e-03
11.575000	-5.102167e-03
11.580000	-4.753485e-03
11.585000	-1.088291e-02
11.590000	-1.933142e-02
11.595000	-2.409275e-02
11.600000	-1.939531e-02
11.605000	-3.220778e-03
11.610000	1.668232e-02
11.615000	3.347150e-02
11.620000	4.484933e-02
11.625000	4.672250e-02
11.630000	3.957917e-02
11.635000	2.934079e-02
11.640000	1.921223e-02
11.645000	9.434188e-03
11.650000	2.031570e-03
11.655000	-2.025018e-03
11.660000	-3.537352e-03
11.665000	-3.395665e-03
11.670000	-2.332903e-03
11.675000	-2.292114e-03
11.680000	-5.306351e-03
11.685000	-1.160148e-02
11.690000	-1.950261e-02
11.695000	-2.562825e-02
11.700000	-2.387889e-02
11.705000	-1.505869e-02
11.710000	-6.458709e-03
11.715000	-9.574318e-04
11.720000	5.054684e-04
11.725000	-1.348568e-03
11.730000	-4.895994e-03
11.735000	-6.954106e-03
11.740000	-5.672354e-03
11.745000	-3.578254e-03
11.750000	-2.791206e-03
11.755000	-4.068681e-03
11.760000	-9.823913e-03
11.765000	-2.358432e-02
11.770000	-4.072911e-02
11.775000	-4.723639e-02
11.780000	-3.721703e-02
11.785000	-1.287363e-02
11.790000	1.220237e-02
11.795000	2.610728e-02
11.800000	2.918953e-02
11.805000	2.522253e-02
11.810000	2.004894e-02
11.815000	1.602958e-02
11.820000	1.501931e-02
11.825000	2.065987e-02
11.830000	2.900066e-02
11.835000	3.479812e-02
11.840000	3.755359e-02
11.845000	3.602874e-02
11.850000	3.057858e-02
11.855000	2.417034e-02
11.860000	1.799602e-02
11.865000	1.121419e-02
11.870000	1.026164e-03
11.875000	-1.331742e-02
11.880000	-2.800254e-02
11.885000	-3.872306e-02
11.890000	-4.233552e-02
11.895000	-3.617356e-02
11.900000	-2.650145e-02
11.905000	-1.914741e-02
11.910000	-1.375464e-02
11.915000	-8.441477e-03
11.920000	-2.569955e-03
11.925000	2.820861e-03
11.930000	7.427355e-03
11.935000	1.116952e-02
11.940000	1.240455e-02
11.945000	1.092390e-02
11.950000	6.432821e-03
11.955000	-4.733558e-06
11.960000	-7.307971e-03
11.965000	-1.549222e-02
11.970000	-2.468060e-02
11.975000	-3.423265e-02
11.980000	-4.373986e-02
11.985000	-5.321147e-02
11.990000	-6.001468e-02
11.995000	-5.770950e-02
12.000000	-4.493307e-02
12.005000	-2.714483e-02
12.010000	-1.078991e-02
12.015000	2.037884e-03
12.020000	7.658307e-03
12.025000	2.712326e-03
12.030000	-1.141106e-02
12.035000	-2.636050e-02
12.040000	-3.474178e-02
12.045000	-3.127659e-02
12.050000	-1.630919e-02
12.055000	7.954298e-03
12.060000	3.418437e-02
12.065000	5.513860e-02
12.070000	6.407146e-02
12.075000	5.958946e-02
12.080000	4.122963e-02
12.085000	1.587914e-02
12.090000	-6.178916e-03
12.095000	-1.569113e-02
12.100000	-1.318755e-02
12.105000	-6.734038e-03
12.110000	-1.699334e-03
12.115000	3.491893e-03
12.120000	1.000162e-02
12.125000	1.478705e-02
12.130000	1.605778e-02
12.135000	1.398040e-02
12.140000	7.203152e-03
12.145000	-8.060949e-03
12.150000	-2.776227e-02
12.155000	-4.522052e-02
12.160000	-5.699709e-02
12.165000	-6.374181e-02
12.170000	-6.995939e-02
12.175000	-7.689493e-02
12.180000	-7.993270e-02
12.185000	-7.073742e-02
12.190000	-4.753654e-02
12.195000	-1.834597e-02
12.200000	4.541388e-03
12.205000	1.718702e-02
12.210000	1.986052e-02
12.215000	1.574846e-02
12.220000	1.188005e-02
12.225000	1.073869e-02
12.230000	1.060440e-02
12.235000	1.360607e-02
12.240000	2.016162e-02
12.245000	2.703301e-02
12.250000	3.297602e-02
12.255000	3.514889e-02
12.260000	2.840480e-02
12.265000	1.746768e-02
12.270000	8.699702e-03
12.275000	4.728095e-03
12.280000	6.645839e-03
12.285000	9.847612e-03
12.290000	1.063303e-02
12.295000	9.570541e-03
12.300000	6.127901e-03
12.305000	4.924622e-04
12.310000	-6.875059e-03
12.315000	-1.468936e-02
12.320000	-2.207478e-02
12.325000	-2.844867e-02
12.330000	-3.342194e-02
12.335000	-3.658333e-02
12.340000	-3.583188e-02
12.345000	-2.844402e-02
12.350000	-1.482719e-02
12.355000	1.091583e-03
12.360000	1.669839e-02
12.365000	3.186384e-02
12.370000	4.084296e-02
12.375000	4.010264e-02
12.380000	3.681787e-02
12.385000	3.779788e-02
12.390000	4.801360e-02
12.395000	7.470450e-02
12.400000	1.117049e-01
12.405000	1.354724e-01
12.410000	1.110985e-01
12.415000	2.234558e-02
12.420000	-6.162376e-02
12.425000	-6.480750e-02
12.430000	-2.261680e-02
12.435000	7.724437e-04
12.440000	-9.507858e-03
12.445000	-3.207680e-02
12.450000	-4.291805e-02
12.455000	-3.910952e-02
12.460000	-2.839768e-02
12.465000	-1.970806e-02
12.470000	-1.921451e-02
12.475000	-3.202330e-02
12.480000	-5.079933e-02
12.485000	-6.389152e-02
12.490000	-6.912913e-02
12.495000	-6.638265e-02
12.500000	-4.805598e-02
12.505000	-9.163925e-03
12.510000	3.601354e-02
12.515000	7.143292e-02
12.520000	9.036362e-02
12.525000	9.093543e-02
12.530000	8.461344e-02
12.535000	7.740128e-02
12.540000	6.258880e-02
12.545000	3.969039e-02
12.550000	1.656446e-02
12.555000	-3.874361e-03
12.560000	-2.147308e-02
12.565000	-3.694185e-02
12.570000	-4.518659e-02
12.575000	-4.185675e-02
12.580000	-3.438235e-02
12.585000	-3.183131e-02
12.590000	-3.266169e-02
12.595000	-3.108127e-02
12.600000	-2.478980e-02
12.605000	-1.700297e-02
12.610000	-1.093779e-02
12.615000	-6.779399e-03
12.620000	-2.732431e-03
12.625000	1.873031e-03
12.630000	6.985013e-03
12.635000	1.534276e-02
12.640000	2.609571e-02
12.645000	3.640052e-02
12.650000	3.910253e-02
12.655000	3.245836e-02
12.660000	2.480768e-02
12.665000	1.943758e-02
12.670000	1.475989e-02
12.675000	1.086442e-02
12.680000	8.702556e-03
12.685000	9.758852e-03
12.690000	1.428702e-02
12.695000	2.092138e-02
12.700000	2.784311e-02
12.705000	3.454069e-02
12.710000	4.144743e-02
12.715000	4.943998e-02
12.720000	5.893380e-02
12.725000	6.812544e-02
12.730000	7.170009e-02
12.735000	6.248632e-02
12.740000	4.546814e-02
12.745000	3.098854e-02
12.750000	2.225909e-02
12.755000	1.406501e-02
12.760000	2.891671e-03
12.765000	-9.702713e-03
12.770000	-2.329799e-02
12.775000	-3.931148e-02
12.780000	-5.715453e-02
12.785000	-6.854366e-02
12.790000	-6.398117e-02
12.795000	-4.873522e-02
12.800000	-3.682164e-02
12.805000	-3.086655e-02
12.810000	-2.440603e-02
12.815000	-1.264338e-02
12.820000	4.334149e-03
12.825000	2.482763e-02
12.830000	4.490246e-02
12.835000	6.228748e-02
12.840000	7.427862e-02
12.845000	7.718660e-02
12.850000	6.667585e-02
12.855000	4.230916e-02
12.860000	1.550020e-02
12.865000	-2.097053e-03
12.870000	-1.264736e-02
12.875000	-2.155005e-02
12.880000	-2.340894e-02
12.885000	-1.318735e-02
12.890000	1.414306e-03
12.895000	1.309289e-02
12.900000	1.735715e-02
12.905000	1.249525e-02
12.910000	3.256517e-03
12.915000	-5.023563e-03
12.920000	-8.301012e-03
12.925000	-6.595451e-03
12.930000	-4.439505e-03
12.935000	-4.395979e-03
12.940000	-9.225428e-03
12.945000	-1.756688e-02
12.950000	-2.525416e-02
12.955000	-2.814376e-02
12.960000	-2.609836e-02
12.965000	-2.336489e-02
12.970000	-2.209963e-02
12.975000	-2.147217e-02
12.980000	-2.007511e-02
12.985000	-1.768562e-02
12.990000	-1.424480e-02
12.995000	-9.897134e-03
13.000000	-5.619375e-03
13.005000	-1.834976e-03
13.010000	1.699870e-03
13.015000	4.157824e-03
13.020000	4.259602e-03
13.025000	-1.256315e-03
13.030000	-1.569073e-02
13.035000	-3.025531e-02
13.040000	-3.519467e-02
13.045000	-2.876252e-02
13.050000	-1.619096e-02
13.055000	-5.082321e-03
13.060000	2.991148e-03
13.065000	6.434712e-03
13.070000	2.456255e-03
13.075000	-3.260508e-03
13.080000	-5.740576e-03
13.085000	-6.570753e-03
13.090000	-8.922140e-03
13.095000	-1.312386e-02
13.100000	-1.760386e-02
13.105000	-2.135503e-02
13.110000	-2.459860e-02
13.115000	-2.773975e-02
13.120000	-2.933343e-02
13.125000	-2.423174e-02
13.130000	-1.051272e-02
13.135000	5.195393e-03
13.140000	1.629172e-02
13.145000	2.055746e-02
13.150000	1.934685e-02
13.155000	1.532956e-02
13.160000	9.221106e-03
13.165000	1.867814e-03
13.170000	-5.354175e-03
13.175000	-1.175413e-02
13.180000	-1.276014e-02
13.185000	-7.727682e-03
13.190000	-2.745401e-03
13.195000	7.487835e-04
13.200000	7.956469e-03
13.205000	2.004103e-02
13.210000	3.067360e-02
13.215000	3.294393e-02
13.220000	3.015114e-02
13.225000	2.925838e-02
13.230000	3.205483e-02
13.235000	3.745816e-02
13.240000	4.177962e-02
13.245000	4.081044e-02
13.250000	3.484438e-02
13.255000	2.737630e-02
13.260000	1.864880e-02
13.265000	8.363213e-03
13.270000	-1.506151e-03
13.275000	-6.135713e-03
13.280000	-6.093725e-03
13.285000	-6.452716e-03
13.290000	-8.715623e-03
13.295000	-1.438554e-02
13.300000	-2.745877e-02
13.305000	-4.269827e-02
13.310000	-5.093083e-02
13.315000	-5.014193e-02
13.320000	-4.718150e-02
13.325000	-4.638480e-02
13.330000	-4.682427e-02
13.335000	-4.610630e-02
13.340000	-4.267205e-02
13.345000	-3.582840e-02
13.350000	-2.403458e-02
13.355000	-1.044700e-02
13.360000	2.446187e-03
13.365000	1.678444e-02
13.370000	2.902597e-02
13.375000	3.800283e-02
13.380000	4.485986e-02
13.385000	5.000597e-02
13.390000	5.175539e-02
13.395000	4.596259e-02
13.400000	2.988071e-02
13.405000	8.192254e-03
13.410000	-1.328949e-02
13.415000	-2.643292e-02
13.420000	-2.825224e-02
13.425000	-2.501567e-02
13.430000	-2.184129e-02
13.435000	-1.774005e-02
13.440000	-1.187143e-02
13.445000	-4.618629e-03
13.450000	3.673965e-03
13.455000	1.151966e-02
13.460000	1.513289e-02
13.465000	1.244691e-02
13.470000	6.355274e-03
13.475000	3.086863e-04
13.480000	-4.817345e-03
13.485000	-8.787311e-03
13.490000	-1.148672e-02
13.495000	-1.316631e-02
13.500000	-1.397012e-02
13.505000	-1.401421e-02
13.510000	-1.281397e-02
13.515000	-6.803757e-03
13.520000	7.983448e-03
13.525000	2.641168e-02
13.530000	4.239858e-02
13.535000	5.287888e-02
13.540000	5.268797e-02
13.545000	3.965458e-02
13.550000	2.056314e-02
13.555000	4.081615e-03
13.560000	-7.165457e-03
13.565000	-1.640380e-02
13.570000	-2.445468e-02
13.575000	-2.947331e-02
13.580000	-3.014150e-02
13.585000	-2.690469e-02
13.590000	-2.127866e-02
13.595000	-1.536685e-02
13.600000	-1.006268e-02
13.605000	-6.021849e-03
13.610000	-4.150028e-03
13.615000	-2.750512e-03
13.620000	-4.361400e-04
13.625000	3.214308e-03
13.630000	7.879367e-03
13.635000	1.327506e-02
13.640000	1.694012e-02
13.645000	1.484287e-02
13.650000	8.609263e-03
13.655000	3.178747e-03
13.660000	-6.629537e-04
13.665000	-4.393248e-03
13.670000	-6.435383e-03
13.675000	-5.638821e-03
13.680000	-2.032101e-03
13.685000	2.677140e-03
13.690000	4.240215e-03
13.695000	-7.222414e-04
13.700000	-8.253550e-03
13.705000	-1.373277e-02
13.710000	-1.531514e-02
13.715000	-1.398677e-02
13.720000	-1.200160e-02
13.725000	-1.109305e-02
13.730000	-1.061557e-02
13.735000	-9.282838e-03
13.740000	-7.809481e-03
13.745000	-7.765021e-03
13.750000	-1.091822e-02
13.755000	-1.754184e-02
13.760000	-2.768794e-02
13.765000	-4.090851e-02
13.770000	-5.205048e-02
13.775000	-5.360355e-02
13.780000	-4.475863e-02
13.785000	-2.934214e-02
13.790000	-1.405020e-02
13.795000	-1.290130e-03
13.800000	1.063680e-02
13.805000	2.220900e-02
13.810000	2.785617e-02
13.815000	2.542650e-02
13.820000	1.820136e-02
13.825000	8.608763e-03
13.830000	-1.895433e-03
13.835000	-1.089451e-02
13.840000	-1.281998e-02
13.845000	-6.290324e-03
13.850000	2.613869e-03
13.855000	9.284843e-03
13.860000	1.235427e-02
13.865000	1.200533e-02
13.870000	9.084568e-03
13.875000	3.502013e-03
13.880000	-5.836599e-03
13.885000	-1.733298e-02
13.890000	-2.865850e-02
13.895000	-3.702042e-02
13.900000	-3.667967e-02
13.905000	-2.783920e-02
13.910000	-1.270070e-02
13.915000	4.836332e-03
13.920000	2.063135e-02
13.925000	3.082747e-02
13.930000	3.377307e-02
13.935000	2.951144e-02
13.940000	1.551286e-02
13.945000	-4.912346e-03
13.950000	-2.534722e-02
13.955000	-4.074819e-02
13.960000	-4.831871e-02
13.965000	-4.896730e-02
13.970000	-4.651502e-02
13.975000	-4.312025e-02
13.980000	-3.804881e-02
13.985000	-2.900829e-02
13.990000	-1.618065e-02
13.995000	-2.226590e-03
14.000000	8.715574e-03
14.005000	1.444604e-02
14.010000	1.740014e-02
14.015000	1.995753e-02
14.020000	2.238344e-02
14.025000	2.417342e-02
14.030000	2.508144e-02
14.035000	2.528233e-02
14.040000	2.458639e-02
14.045000	2.169016e-02
14.050000	1.135272e-02
14.055000	-4.424413e-03
14.060000	-1.626297e-02
14.065000	-1.755403e-02
14.070000	-8.458929e-03
14.075000	1.882186e-03
14.080000	7.110444e-03
14.085000	3.545885e-03
14.090000	-3.083951e-03
14.095000	-5.958202e-03
14.100000	-2.894360e-03
14.105000	3.745900e-03
14.110000	1.023374e-02
14.115000	1.502397e-02
14.120000	1.827805e-02
14.125000	1.993723e-02
14.130000	1.850326e-02
14.135000	1.334116e-02
14.140000	6.251372e-03
14.145000	1.284142e-04
14.150000	-4.387372e-03
14.155000	-8.140243e-03
14.160000	-1.172970e-02
14.165000	-1.536077e-02
14.170000	-1.733600e-02
14.175000	-1.503283e-02
14.180000	-6.819841e-03
14.185000	6.174869e-03
14.190000	1.955208e-02
14.195000	3.246189e-02
14.200000	4.423008e-02
14.205000	4.944357e-02
14.210000	4.605621e-02
14.215000	3.677499e-02
14.220000	2.711784e-02
14.225000	1.917697e-02
14.230000	1.195878e-02
14.235000	5.065072e-03
14.240000	-1.368191e-03
14.245000	-6.325370e-03
14.250000	-7.950765e-03
14.255000	-4.490088e-03
14.260000	3.597820e-03
14.265000	1.184688e-02
14.270000	1.865025e-02
14.275000	2.497560e-02
14.280000	2.755520e-02
14.285000	2.324448e-02
14.290000	1.711450e-02
14.295000	1.347737e-02
14.300000	1.494659e-02
14.305000	1.950364e-02
14.310000	2.277423e-02
14.315000	2.441162e-02
14.320000	2.624049e-02
14.325000	2.688344e-02
14.330000	2.561036e-02
14.335000	2.412176e-02
14.340000	2.325600e-02
14.345000	2.250465e-02
14.350000	2.088597e-02
14.355000	1.671082e-02
14.360000	6.692437e-03
14.365000	-6.430493e-03
14.370000	-1.838390e-02
14.375000	-2.873813e-02
14.380000	-3.431432e-02
14.385000	-3.088352e-02
14.390000	-1.966776e-02
14.395000	-6.602646e-03
14.400000	5.750717e-03
14.405000	1.768616e-02
14.410000	2.349075e-02
14.415000	1.993684e-02
14.420000	1.124034e-02
14.425000	3.634968e-03
14.430000	-2.526988e-03
14.435000	-7.666647e-03
14.440000	-1.202848e-02
14.445000	-1.442693e-02
14.450000	-1.473892e-02
14.455000	-1.367466e-02
14.460000	-1.226355e-02
14.465000	-1.056527e-02
14.470000	-7.401910e-03
14.475000	-3.106837e-03
14.480000	1.115202e-03
14.485000	4.927810e-03
14.490000	8.721583e-03
14.495000	1.287029e-02
14.500000	1.614255e-02
14.505000	1.567942e-02
14.510000	1.131621e-02
14.515000	4.733684e-03
14.520000	-2.156471e-03
14.525000	-8.244555e-03
14.530000	-1.309386e-02
14.535000	-1.649076e-02
14.540000	-1.877415e-02
14.545000	-1.977942e-02
14.550000	-1.934655e-02
14.555000	-1.733378e-02
14.560000	-1.352424e-02
14.565000	-8.524916e-03
14.570000	-3.591132e-03
14.575000	9.924480e-04
14.580000	5.245813e-03
14.585000	4.180310e-03
14.590000	-5.323351e-03
14.595000	-1.571323e-02
14.600000	-1.594966e-02
14.605000	-3.073596e-03
14.610000	1.312664e-02
14.615000	2.312827e-02
14.620000	2.565030e-02
14.625000	2.572620e-02
14.630000	2.414606e-02
14.635000	1.783778e-02
14.640000	6.841359e-03
14.645000	-5.880337e-03
14.650000	-1.874762e-02
14.655000	-2.958323e-02
14.660000	-3.582635e-02
14.665000	-3.819511e-02
14.670000	-3.815736e-02
14.675000	-3.840831e-02
14.680000	-3.937572e-02
14.685000	-3.995569e-02
14.690000	-3.966361e-02
14.695000	-3.851528e-02
14.700000	-3.329201e-02
14.705000	-2.158959e-02
14.710000	-6.763188e-03
14.715000	4.752018e-03
14.720000	8.661482e-03
14.725000	8.568267e-03
14.730000	9.440740e-03
14.735000	1.162934e-02
14.740000	1.351548e-02
14.745000	1.414337e-02
14.750000	1.372636e-02
14.755000	1.164930e-02
14.760000	7.608955e-03
14.765000	3.401556e-03
14.770000	-9.163658e-04
14.775000	-6.221504e-03
14.780000	-8.345159e-03
14.785000	-4.100117e-03
14.790000	3.404137e-03
14.795000	1.052400e-02
14.800000	1.309500e-02
14.805000	9.205169e-03
14.810000	3.587967e-03
14.815000	5.874643e-04
14.820000	8.467488e-04
14.825000	1.460172e-03
14.830000	5.524141e-04
14.835000	-1.310010e-03
14.840000	-5.986668e-03
14.845000	-1.341692e-02
14.850000	-2.072427e-02
14.855000	-2.681713e-02
14.860000	-2.825006e-02
14.865000	-2.181385e-02
14.870000	-1.130029e-02
14.875000	-2.294091e-03
14.880000	4.892431e-03
14.885000	1.269123e-02
14.890000	2.101166e-02
14.895000	2.818341e-02
14.900000	3.279637e-02
14.905000	3.295642e-02
14.910000	2.872589e-02
14.915000	2.129810e-02
14.920000	1.083741e-02
14.925000	-2.008125e-03
14.930000	-1.483227e-02
14.935000	-2.300535e-02
14.940000	-2.142646e-02
14.945000	-1.147984e-02
14.950000	-2.445307e-05
14.955000	8.612687e-03
14.960000	1.169305e-02
14.965000	6.038635e-03
14.970000	-4.254142e-03
14.975000	-1.252904e-02
14.980000	-1.703246e-02
14.985000	-1.534317e-02
14.990000	-8.816925e-03
14.995000	-2.460203e-03
15.000000	1.933687e-03
15.005000	5.039051e-03
15.010000	7.633655e-03
15.015000	8.212624e-03
15.020000	5.503172e-03
15.025000	-1.381928e-03
15.030000	-1.257488e-02
15.035000	-2.762763e-02
15.040000	-4.127980e-02
15.045000	-4.741595e-02
15.050000	-4.401982e-02
15.055000	-3.235718e-02
15.060000	-1.840494e-02
15.065000	-6.596524e-03
15.070000	2.990472e-03
15.075000	9.543199e-03
15.080000	9.940961e-03
15.085000	6.137633e-03
15.090000	1.815709e-03
15.095000	-1.993470e-03
15.100000	-4.399250e-03
15.105000	-2.851147e-03
15.110000	2.557709e-03
15.115000	9.278385e-03
15.120000	1.569333e-02
15.125000	1.879084e-02
15.130000	1.735198e-02
15.135000	1.265726e-02
15.140000	3.878183e-03
15.145000	-7.840444e-03
15.150000	-1.983271e-02
15.155000	-3.122870e-02
15.160000	-4.153034e-02
15.165000	-4.815324e-02
15.170000	-4.908402e-02
15.175000	-4.492496e-02
15.180000	-3.611574e-02
15.185000	-2.645083e-02
15.190000	-1.765294e-02
15.195000	-9.371273e-03
15.200000	-3.154588e-03
15.205000	1.996331e-03
15.210000	7.664334e-03
15.215000	1.491088e-02
15.220000	2.700416e-02
15.225000	3.999426e-02
15.230000	4.476699e-02
15.235000	3.880884e-02
15.240000	3.085557e-02
15.245000	2.671234e-02
15.250000	2.378647e-02
15.255000	1.934251e-02
15.260000	1.537339e-02
15.265000	1.331546e-02
15.270000	1.302704e-02
15.275000	1.077972e-02
15.280000	1.655539e-03
15.285000	-1.061625e-02
15.290000	-2.093744e-02
15.295000	-2.872393e-02
15.300000	-3.496918e-02
15.305000	-3.885479e-02
15.310000	-3.518030e-02
15.315000	-2.210601e-02
15.320000	-3.162793e-03
15.325000	1.638817e-02
15.330000	3.104379e-02
15.335000	4.027864e-02
15.340000	4.294233e-02
15.345000	3.671946e-02
15.350000	2.591459e-02
15.355000	1.592890e-02
15.360000	7.145717e-03
15.365000	1.660327e-04
15.370000	-3.423600e-03
15.375000	-3.894135e-03
15.380000	-2.907336e-03
15.385000	-2.283849e-03
15.390000	-2.252505e-03
15.395000	-2.533562e-03
15.400000	-3.939474e-03
15.405000	-6.549286e-03
15.410000	-9.211227e-03
15.415000	-1.189311e-02
15.420000	-1.518279e-02
15.425000	-1.728077e-02
15.430000	-1.659735e-02
15.435000	-1.247644e-02
15.440000	-4.858761e-03
15.445000	5.611841e-03
15.450000	1.603886e-02
15.455000	2.334708e-02
15.460000	2.363457e-02
15.465000	1.874327e-02
15.470000	1.349512e-02
15.475000	9.236274e-03
15.480000	5.512314e-03
15.485000	2.481382e-03
15.490000	1.328947e-03
15.495000	3.043388e-03
15.500000	7.669928e-03
15.505000	1.260503e-02
15.510000	1.668031e-02
15.515000	2.039717e-02
15.520000	2.411180e-02
15.525000	2.602085e-02
15.530000	2.383457e-02
15.535000	1.637993e-02
15.540000	7.604463e-03
15.545000	-1.199627e-04
15.550000	-5.672698e-03
15.555000	-8.554704e-03
15.560000	-7.279377e-03
15.565000	-3.948922e-03
15.570000	-1.484269e-03
15.575000	1.791741e-04
15.580000	2.271416e-03
15.585000	4.610808e-03
15.590000	6.255795e-03
15.595000	6.669217e-03
15.600000	7.254411e-03
15.605000	9.395880e-03
15.610000	1.449511e-02
15.615000	2.099767e-02
15.620000	2.677999e-02
15.625000	3.231072e-02
15.630000	3.851444e-02
15.635000	4.141338e-02
15.640000	3.614670e-02
15.645000	2.724903e-02
15.650000	1.898122e-02
15.655000	1.269076e-02
15.660000	8.412000e-03
15.665000	5.112223e-03
15.670000	2.442990e-03
15.675000	-2.432121e-04
15.680000	-2.859858e-03
15.685000	-5.116149e-03
15.690000	-7.051784e-03
15.695000	-8.909679e-03
15.700000	-1.084698e-02
15.705000	-1.289337e-02
15.710000	-1.499936e-02
15.715000	-1.708297e-02
15.720000	-1.912408e-02
15.725000	-2.059225e-02
15.730000	-2.087147e-02
15.735000	-1.886518e-02
15.740000	-1.180838e-02
15.745000	4.124138e-04
15.750000	1.169375e-02
15.755000	1.483509e-02
15.760000	1.094402e-02
15.765000	7.733113e-03
15.770000	7.718514e-03
15.775000	8.359414e-03
15.780000	8.636576e-03
15.785000	8.447011e-03
15.790000	8.026041e-03
15.795000	7.672548e-03
15.800000	6.230553e-03
15.805000	-3.871313e-03
15.810000	-2.375199e-02
15.815000	-4.399040e-02
15.820000	-5.581235e-02
15.825000	-5.853666e-02
15.830000	-5.442238e-02
15.835000	-4.860956e-02
15.840000	-4.151143e-02
15.845000	-3.033084e-02
15.850000	-1.431363e-02
15.855000	4.848119e-03
15.860000	2.540118e-02
15.865000	4.440409e-02
15.870000	5.544708e-02
15.875000	5.616424e-02
15.880000	4.706658e-02
15.885000	3.293413e-02
15.890000	1.986773e-02
15.895000	9.847810e-03
15.900000	1.426459e-03
15.905000	-6.226893e-03
15.910000	-1.273545e-02
15.915000	-1.689860e-02
15.920000	-1.780485e-02
15.925000	-1.579201e-02
15.930000	-1.136020e-02
15.935000	-5.095062e-03
15.940000	2.585724e-03
15.945000	8.624287e-03
15.950000	9.805557e-03
15.955000	6.604230e-03
15.960000	-1.056659e-03
15.965000	-1.331179e-02
15.970000	-2.630489e-02
15.975000	-3.561515e-02
15.980000	-3.939881e-02
15.985000	-3.769247e-02
15.990000	-3.351834e-02
15.995000	-2.912437e-02
16.000000	-2.462750e-02
16.005000	-1.949532e-02
16.010000	-1.356827e-02
16.015000	-7.187918e-03
16.020000	-3.377275e-04
16.025000	7.081600e-03
16.030000	1.511695e-02
16.035000	2.289863e-02
16.040000	2.952729e-02
16.045000	3.417063e-02
16.050000	3.651069e-02
16.055000	3.698195e-02
16.060000	3.693953e-02
16.065000	3.730057e-02
16.070000	3.775512e-02
16.075000	3.781286e-02
16.080000	3.750423e-02
16.085000	3.669016e-02
16.090000	3.436235e-02
16.095000	2.968632e-02
16.100000	2.361473e-02
16.105000	1.784365e-02
16.110000	1.231594e-02
16.115000	5.881746e-03
16.120000	-2.349086e-03
16.125000	-1.081447e-02
16.130000	-1.731459e-02
16.135000	-2.034172e-02
16.140000	-2.051793e-02
16.145000	-1.823090e-02
16.150000	-1.523627e-02
16.155000	-1.285422e-02
16.160000	-1.284229e-02
16.165000	-1.402153e-02
16.170000	-1.438746e-02
16.175000	-1.379907e-02
16.180000	-1.289601e-02
16.185000	-1.067794e-02
16.190000	-7.330426e-03
16.195000	-3.220578e-03
16.200000	1.437975e-03
16.205000	6.849811e-03
16.210000	1.385225e-02
16.215000	2.316030e-02
16.220000	3.208187e-02
16.225000	3.746750e-02
16.230000	3.963483e-02
16.235000	3.867790e-02
16.240000	3.574994e-02
16.245000	3.017614e-02
16.250000	2.296480e-02
16.255000	1.581051e-02
16.260000	1.010546e-02
16.265000	5.150396e-03
16.270000	-1.677747e-04
16.275000	-5.609598e-03
16.280000	-9.948149e-03
16.285000	-1.171683e-02
16.290000	-1.023195e-02
16.295000	-4.999214e-03
16.300000	2.236879e-03
16.305000	6.239931e-03
16.310000	2.847967e-03
16.315000	-3.500912e-03
16.320000	-7.646970e-03
16.325000	-1.036032e-02
16.330000	-1.251091e-02
16.335000	-1.331369e-02
16.340000	-1.161801e-02
16.345000	-8.854488e-03
16.350000	-6.580543e-03
16.355000	-4.655655e-03
16.360000	-2.374568e-03
16.365000	3.898009e-04
16.370000	3.278376e-03
16.375000	5.832245e-03
16.380000	6.678269e-03
16.385000	4.317718e-03
16.390000	-3.076852e-03
16.395000	-1.233063e-02
16.400000	-1.999534e-02
16.405000	-2.493034e-02
16.410000	-2.409877e-02
16.415000	-1.828874e-02
16.420000	-1.283276e-02
16.425000	-8.190162e-03
16.430000	-2.855914e-03
16.435000	1.537932e-03
16.440000	2.905346e-03
16.445000	1.888810e-03
16.450000	1.120595e-03
16.455000	7.876643e-04
16.460000	-3.532246e-04
16.465000	-5.095343e-04
16.470000	2.049231e-03
16.475000	7.558717e-03
16.480000	1.375376e-02
16.485000	1.908254e-02
16.490000	2.404844e-02
16.495000	2.953043e-02
16.500000	3.512324e-02
16.505000	3.651091e-02
16.510000	3.063128e-02
16.515000	1.931638e-02
16.520000	7.393392e-03
16.525000	-1.535471e-03
16.530000	-2.399628e-03
16.535000	2.335710e-03
16.540000	6.695279e-03
16.545000	9.318191e-03
16.550000	1.114318e-02
16.555000	1.307385e-02
16.560000	1.398370e-02
16.565000	1.387080e-02
16.570000	1.373710e-02
16.575000	1.382363e-02
16.580000	1.379966e-02
16.585000	1.349979e-02
16.590000	1.307148e-02
16.595000	1.269988e-02
16.600000	1.246453e-02
16.605000	1.209555e-02
16.610000	1.027396e-02
16.615000	6.703847e-03
16.620000	1.822159e-03
16.625000	-3.609772e-03
16.630000	-9.034330e-03
16.635000	-1.390704e-02
16.640000	-1.700318e-02
16.645000	-1.747141e-02
16.650000	-1.361625e-02
16.655000	-6.378230e-03
16.660000	6.263995e-04
16.665000	6.321560e-03
16.670000	1.035790e-02
16.675000	9.197917e-03
16.680000	6.496384e-04
16.685000	-1.011683e-02
16.690000	-1.992686e-02
16.695000	-2.673784e-02
16.700000	-2.994375e-02
16.705000	-3.026141e-02
16.710000	-2.865049e-02
16.715000	-2.479035e-02
16.720000	-1.943718e-02
16.725000	-1.399064e-02
16.730000	-9.468186e-03
16.735000	-6.166188e-03
16.740000	-5.047652e-03
16.745000	-6.663313e-03
16.750000	-1.105307e-02
16.755000	-1.652662e-02
16.760000	-2.139525e-02
16.765000	-2.286662e-02
16.770000	-1.902398e-02
16.775000	-1.338359e-02
16.780000	-9.345122e-03
16.785000	-6.486474e-03
16.790000	-3.185247e-03
16.795000	2.892655e-04
16.800000	3.186480e-03
16.805000	5.552077e-03
16.810000	7.686981e-03
16.815000	9.682200e-03
16.820000	1.131276e-02
16.825000	1.227530e-02
16.830000	1.193827e-02
16.835000	9.958982e-03
16.840000	6.264904e-03
16.845000	2.273434e-03
16.850000	-1.449589e-03
16.855000	-5.689350e-03
16.860000	-9.729242e-03
16.865000	-1.241002e-02
16.870000	-1.292723e-02
16.875000	-1.199765e-02
16.880000	-1.132433e-02
16.885000	-1.122483e-02
16.890000	-1.103322e-02
16.895000	-1.038029e-02
16.900000	-9.481362e-03
16.905000	-8.662616e-03
16.910000	-8.458584e-03
16.915000	-9.261620e-03
16.920000	-1.031383e-02
16.925000	-1.103701e-02
16.930000	-1.157439e-02
16.935000	-1.209318e-02
16.940000	-1.228798e-02
16.945000	-1.080271e-02
16.950000	-7.725102e-03
16.955000	-4.678106e-03
16.960000	-2.528626e-03
16.965000	-1.086207e-03
16.970000	2.477085e-04
16.975000	1.536684e-03
16.980000	2.364006e-03
16.985000	2.396234e-03
16.990000	1.176375e-03
16.995000	-1.079719e-03
17.000000	-4.684310e-03
17.005000	-9.088786e-03
17.010000	-1.340237e-02
17.015000	-1.641968e-02
17.020000	-1.773544e-02
17.025000	-1.744315e-02
17.030000	-1.702805e-02
17.035000	-1.749677e-02
17.040000	-1.905198e-02
17.045000	-2.070933e-02
17.050000	-2.194080e-02
17.055000	-2.396498e-02
17.060000	-2.677166e-02
17.065000	-2.782562e-02
17.070000	-2.335606e-02
17.075000	-1.464193e-02
17.080000	-6.450228e-03
17.085000	1.051354e-03
17.090000	8.744499e-03
17.095000	1.472776e-02
17.100000	1.740994e-02
17.105000	1.656383e-02
17.110000	1.268462e-02
17.115000	6.733046e-03
17.120000	1.487068e-03
17.125000	-1.471228e-03
17.130000	-2.156843e-03
17.135000	-1.641668e-03
17.140000	4.626830e-04
17.145000	4.135248e-03
17.150000	8.551101e-03
17.155000	1.160898e-02
17.160000	1.285214e-02
17.165000	1.223757e-02
17.170000	1.083992e-02
17.175000	9.703653e-03
17.180000	1.055283e-02
17.185000	1.305771e-02
17.190000	1.521573e-02
17.195000	1.649782e-02
17.200000	1.765210e-02
17.205000	1.887615e-02
17.210000	1.986703e-02
17.215000	2.036558e-02
17.220000	2.047750e-02
17.225000	2.030754e-02
17.230000	1.958168e-02
17.235000	1.813196e-02
17.240000	1.609151e-02
17.245000	1.283467e-02
17.250000	8.866820e-03
17.255000	3.858067e-03
17.260000	-2.548503e-03
17.265000	-8.188896e-03
17.270000	-1.041414e-02
17.275000	-8.021422e-03
17.280000	-4.805255e-03
17.285000	-3.185118e-03
17.290000	-1.901693e-03
17.295000	3.121583e-04
17.300000	3.579094e-04
17.305000	-2.770332e-03
17.310000	-6.264432e-03
17.315000	-8.671699e-03
17.320000	-1.061067e-02
17.325000	-1.206982e-02
17.330000	-1.302242e-02
17.335000	-1.404919e-02
17.340000	-1.575803e-02
17.345000	-1.821065e-02
17.350000	-2.103464e-02
17.355000	-2.332808e-02
17.360000	-2.414621e-02
17.365000	-2.213489e-02
17.370000	-1.803396e-02
17.375000	-1.423196e-02
17.380000	-1.097139e-02
17.385000	-7.869276e-03
17.390000	-8.402208e-03
17.395000	-1.174881e-02
17.400000	-1.473786e-02
17.405000	-1.660889e-02
17.410000	-1.622065e-02
17.415000	-1.364623e-02
17.420000	-8.593985e-03
17.425000	-2.404303e-03
17.430000	3.347186e-03
17.435000	8.784577e-03
17.440000	1.462692e-02
17.445000	2.098958e-02
17.450000	2.689730e-02
17.455000	3.079293e-02
17.460000	3.207542e-02
17.465000	3.040863e-02
17.470000	2.703496e-02
17.475000	2.376031e-02
17.480000	2.226443e-02
17.485000	2.275759e-02
17.490000	2.528692e-02
17.495000	2.880616e-02
17.500000	3.228698e-02
17.505000	3.446724e-02
17.510000	3.421363e-02
17.515000	3.040199e-02
17.520000	2.286082e-02
17.525000	1.279002e-02
17.530000	1.848490e-03
17.535000	-7.551698e-03
17.540000	-1.383840e-02
17.545000	-1.479558e-02
17.550000	-1.320385e-02
17.555000	-1.290237e-02
17.560000	-1.389239e-02
17.565000	-1.461613e-02
17.570000	-1.591728e-02
17.575000	-1.850704e-02
17.580000	-2.138664e-02
17.585000	-2.299317e-02
17.590000	-2.300951e-02
17.595000	-2.258665e-02
17.600000	-2.228140e-02
17.605000	-2.165291e-02
17.610000	-1.933164e-02
17.615000	-1.460825e-02
17.620000	-7.530234e-03
17.625000	7.262024e-04
17.630000	9.614638e-03
17.635000	1.652429e-02
17.640000	1.535051e-02
17.645000	8.169845e-03
17.650000	1.239216e-03
17.655000	-4.001714e-03
17.660000	-5.230104e-03
17.665000	-4.539017e-03
17.670000	-5.308751e-03
17.675000	-7.057174e-03
17.680000	-8.035489e-03
17.685000	-9.856020e-03
17.690000	-1.344864e-02
17.695000	-1.733114e-02
17.700000	-2.038839e-02
17.705000	-2.270887e-02
17.710000	-2.425484e-02
17.715000	-2.535619e-02
17.720000	-2.613825e-02
17.725000	-2.603049e-02
17.730000	-2.424818e-02
17.735000	-1.896067e-02
17.740000	-1.170198e-02
17.745000	-5.044673e-03
17.750000	1.500893e-03
17.755000	9.082846e-03
17.760000	1.515825e-02
17.765000	1.822510e-02
17.770000	1.738849e-02
17.775000	1.479712e-02
17.780000	1.287260e-02
17.785000	1.262044e-02
17.790000	1.415454e-02
17.795000	1.687254e-02
17.800000	2.062315e-02
17.805000	2.491752e-02
17.810000	2.877654e-02
17.815000	3.137251e-02
17.820000	3.216219e-02
17.825000	3.073203e-02
17.830000	2.648234e-02
17.835000	1.891408e-02
17.840000	7.620424e-03
17.845000	-4.576771e-03
17.850000	-1.605543e-02
17.855000	-2.519405e-02
17.860000	-2.855757e-02
17.865000	-2.588878e-02
17.870000	-2.230045e-02
17.875000	-2.055842e-02
17.880000	-1.874465e-02
17.885000	-1.600494e-02
17.890000	-1.456282e-02
17.895000	-1.598713e-02
17.900000	-2.069504e-02
17.905000	-2.679128e-02
17.910000	-3.280829e-02
17.915000	-3.681600e-02
17.920000	-3.818828e-02
17.925000	-3.703994e-02
17.930000	-3.452472e-02
17.935000	-3.110046e-02
17.940000	-2.751296e-02
17.945000	-2.390517e-02
17.950000	-2.004141e-02
17.955000	-1.588414e-02
17.960000	-1.163357e-02
17.965000	-7.454906e-03
17.970000	-3.582700e-03
17.975000	-1.170429e-03
17.980000	-2.826066e-04
17.985000	-8.573984e-04
17.990000	-2.146814e-03
17.995000	-3.460537e-03
18.000000	-3.987832e-03
18.005000	-3.124363e-03
18.010000	-4.905977e-05
18.015000	3.842068e-03
18.020000	7.173864e-03
18.025000	1.037799e-02
18.030000	1.397574e-02
18.035000	1.682876e-02
18.040000	1.776050e-02
18.045000	1.641423e-02
18.050000	1.466707e-02
18.055000	1.363538e-02
18.060000	1.285533e-02
18.065000	1.166441e-02
18.070000	1.018162e-02
18.075000	9.685033e-03
18.080000	1.059090e-02
18.085000	1.289751e-02
18.090000	1.527706e-02
18.095000	1.636624e-02
18.100000	1.544127e-02
18.105000	1.238846e-02
18.110000	7.248936e-03
18.115000	1.155106e-03
18.120000	-4.719136e-03
18.125000	-9.085787e-03
18.130000	-1.159161e-02
18.135000	-1.221466e-02
18.140000	-1.173603e-02
18.145000	-1.042305e-02
18.150000	-8.850902e-03
18.155000	-7.276099e-03
18.160000	-5.568946e-03
18.165000	-3.651079e-03
18.170000	-1.630086e-03
18.175000	3.614162e-04
18.180000	2.161937e-03
18.185000	3.118961e-03
18.190000	3.519480e-03
18.195000	4.071381e-03
18.200000	4.885153e-03
18.205000	5.793775e-03
18.210000	7.253131e-03
18.215000	9.142854e-03
18.220000	1.095984e-02
18.225000	1.183242e-02
18.230000	1.154768e-02
18.235000	1.120558e-02
18.240000	1.134213e-02
18.245000	1.162476e-02
18.250000	1.167291e-02
18.255000	1.149854e-02
18.260000	1.130475e-02
18.265000	1.059663e-02
18.270000	8.056449e-03
18.275000	4.559579e-03
18.280000	1.465000e-03
18.285000	-1.160831e-03
18.290000	-3.904636e-03
18.295000	-7.010087e-03
18.300000	-1.027141e-02
18.305000	-1.331286e-02
18.310000	-1.535864e-02
18.315000	-1.560208e-02
18.320000	-1.348099e-02
18.325000	-9.113438e-03
18.330000	-2.829674e-03
18.335000	3.564392e-03
18.340000	8.751836e-03
18.345000	1.183476e-02
18.350000	1.282486e-02
18.355000	1.147514e-02
18.360000	9.654853e-03
18.365000	8.455922e-03
18.370000	7.375238e-03
18.375000	5.782649e-03
18.380000	3.754975e-03
18.385000	1.709222e-03
18.390000	-2.731401e-05
18.395000	-1.250986e-03
18.400000	-2.580584e-04
18.405000	4.848933e-03
18.410000	1.115402e-02
18.415000	1.637529e-02
18.420000	1.959557e-02
18.425000	2.003397e-02
18.430000	1.817886e-02
18.435000	1.458871e-02
18.440000	1.099481e-02
18.445000	7.836108e-03
18.450000	4.470284e-03
18.455000	5.467708e-04
18.460000	-3.659382e-03
18.465000	-7.765453e-03
18.470000	-1.074093e-02
18.475000	-1.168037e-02
18.480000	-1.206373e-02
18.485000	-1.308550e-02
18.490000	-1.448810e-02
18.495000	-1.577246e-02
18.500000	-1.708232e-02
18.505000	-1.928721e-02
18.510000	-2.211072e-02
18.515000	-2.388426e-02
18.520000	-2.289713e-02
18.525000	-1.923321e-02
18.530000	-1.558469e-02
18.535000	-1.298236e-02
18.540000	-1.049741e-02
18.545000	-8.169608e-03
18.550000	-7.270140e-03
18.555000	-8.567337e-03
18.560000	-1.121828e-02
18.565000	-1.361761e-02
18.570000	-1.548570e-02
18.575000	-1.727017e-02
18.580000	-1.830825e-02
18.585000	-1.801978e-02
18.590000	-1.514223e-02
18.595000	-1.080886e-02
18.600000	-6.921891e-03
18.605000	-3.623866e-03
18.610000	-1.293296e-04
18.615000	3.882258e-03
18.620000	8.112897e-03
18.625000	1.217283e-02
18.630000	1.511733e-02
18.635000	1.658275e-02
18.640000	1.739920e-02
18.645000	1.839120e-02
18.650000	2.005761e-02
18.655000	2.315980e-02
18.660000	2.882145e-02
18.665000	3.738094e-02
18.670000	4.744893e-02
18.675000	5.528177e-02
18.680000	5.665227e-02
18.685000	5.243749e-02
18.690000	4.702825e-02
18.695000	4.222465e-02
18.700000	3.697406e-02
18.705000	3.050929e-02
18.710000	2.388517e-02
18.715000	1.919479e-02
18.720000	1.701486e-02
18.725000	1.511243e-02
18.730000	1.219267e-02
18.735000	8.499929e-03
18.740000	3.639881e-03
18.745000	-2.757301e-03
18.750000	-9.328236e-03
18.755000	-1.538049e-02
18.760000	-2.119903e-02
18.765000	-2.633236e-02
18.770000	-3.009620e-02
18.775000	-3.188923e-02
18.780000	-3.211862e-02
18.785000	-3.084259e-02
18.790000	-2.761550e-02
18.795000	-2.293377e-02
18.800000	-1.823739e-02
18.805000	-1.390624e-02
18.810000	-9.490412e-03
18.815000	-4.823266e-03
18.820000	-1.775338e-04
18.825000	3.464986e-03
18.830000	5.704259e-03
18.835000	7.673807e-03
18.840000	9.083802e-03
18.845000	9.162046e-03
18.850000	8.156281e-03
18.855000	6.078804e-03
18.860000	3.489568e-03
18.865000	1.024863e-03
18.870000	-1.132411e-03
18.875000	-2.904720e-03
18.880000	-4.001977e-03
18.885000	-3.400916e-03
18.890000	-1.409868e-03
18.895000	1.384879e-03
18.900000	3.541663e-03
18.905000	4.348674e-03
18.910000	4.545229e-03
18.915000	4.284020e-03
18.920000	2.477924e-03
18.925000	-5.131721e-04
18.930000	-3.768766e-03
18.935000	-7.241341e-03
18.940000	-1.107699e-02
18.945000	-1.509205e-02
18.950000	-1.834169e-02
18.955000	-2.031299e-02
18.960000	-1.965816e-02
18.965000	-1.640731e-02
18.970000	-1.127549e-02
18.975000	-5.406072e-03
18.980000	7.758910e-04
18.985000	6.263603e-03
18.990000	1.043986e-02
18.995000	1.230582e-02
19.000000	1.288500e-02
19.005000	1.338978e-02
19.010000	1.491758e-02
19.015000	1.748313e-02
19.020000	2.157536e-02
19.025000	2.617671e-02
19.030000	2.891413e-02
19.035000	2.914773e-02
19.040000	2.612438e-02
19.045000	1.961436e-02
19.050000	1.066342e-02
19.055000	2.807233e-03
19.060000	-2.254071e-03
19.065000	-5.331770e-03
19.070000	-7.370082e-03
19.075000	-7.933783e-03
19.080000	-5.821695e-03
19.085000	-1.972718e-03
19.090000	2.054923e-03
19.095000	5.108763e-03
19.100000	7.127064e-03
19.105000	6.952883e-03
19.110000	4.447554e-03
19.115000	1.870952e-04
19.120000	-4.015091e-03
19.125000	-6.635904e-03
19.130000	-6.419869e-03
19.135000	-4.620564e-03
19.140000	-2.483430e-03
19.145000	-1.422658e-03
19.150000	-1.601261e-03
19.155000	-3.584060e-03
19.160000	-7.049425e-03
19.165000	-1.132512e-02
19.170000	-1.486785e-02
19.175000	-1.713149e-02
19.180000	-1.834739e-02
19.185000	-1.792586e-02
19.190000	-1.541261e-02
19.195000	-1.181263e-02
19.200000	-7.964448e-03
19.205000	-4.166107e-03
19.210000	-6.267053e-04
19.215000	2.174741e-03
19.220000	3.262625e-03
19.225000	2.613106e-03
19.230000	-1.102534e-04
19.235000	-4.311535e-03
19.240000	-9.048106e-03
19.245000	-1.271837e-02
19.250000	-1.488410e-02
19.255000	-1.596190e-02
19.260000	-1.661916e-02
19.265000	-1.688286e-02
19.270000	-1.541207e-02
19.275000	-1.214434e-02
19.280000	-8.679560e-03
19.285000	-5.979414e-03
19.290000	-3.969139e-03
19.295000	-2.364011e-03
19.300000	-8.672314e-04
19.305000	9.942238e-04
19.310000	2.714151e-03
19.315000	3.467474e-03
19.320000	2.961922e-03
19.325000	1.488929e-03
19.330000	2.008402e-04
19.335000	-3.898302e-05
19.340000	9.508017e-04
19.345000	2.503821e-03
19.350000	4.044317e-03
19.355000	4.232715e-03
19.360000	3.133193e-03
19.365000	1.565145e-03
19.370000	3.459800e-04
19.375000	-3.055905e-04
19.380000	3.663546e-04
19.385000	1.725520e-03
19.390000	2.700848e-03
19.395000	3.534393e-03
19.400000	4.852564e-03
19.405000	6.437266e-03
19.410000	7.640348e-03
19.415000	7.731079e-03
19.420000	6.326593e-03
19.425000	3.435886e-03
19.430000	-1.068217e-03
19.435000	-5.961023e-03
19.440000	-9.667189e-03
19.445000	-1.088288e-02
19.450000	-9.891633e-03
19.455000	-7.625981e-03
19.460000	-5.902305e-03
19.465000	-5.794155e-03
19.470000	-6.911798e-03
19.475000	-8.703385e-03
19.480000	-1.048201e-02
19.485000	-1.149507e-02
19.490000	-1.100438e-02
19.495000	-8.576834e-03
19.500000	-4.907236e-03
19.505000	-1.097212e-04
19.510000	4.271281e-03
19.515000	6.777049e-03
19.520000	5.517373e-03
19.525000	5.986591e-04
19.530000	-6.392924e-03
19.535000	-1.326018e-02
19.540000	-1.982813e-02
19.545000	-2.289913e-02
19.550000	-2.246867e-02
19.555000	-1.803039e-02
19.560000	-7.837911e-03
19.565000	3.819659e-03
19.570000	1.278669e-02
19.575000	1.923711e-02
19.580000	2.209628e-02
19.585000	2.132665e-02
19.590000	1.634948e-02
19.595000	8.846090e-03
19.600000	1.042851e-03
19.605000	-5.336044e-03
19.610000	-1.035181e-02
19.615000	-1.461565e-02
19.620000	-1.756954e-02
19.625000	-1.864925e-02
19.630000	-1.906721e-02
19.635000	-1.958634e-02
19.640000	-1.998418e-02
19.645000	-2.028684e-02
19.650000	-2.084745e-02
19.655000	-2.226262e-02
19.660000	-2.418950e-02
19.665000	-2.527526e-02
19.670000	-2.396296e-02
19.675000	-2.000423e-02
19.680000	-1.420731e-02
19.685000	-7.896585e-03
19.690000	-2.844119e-03
19.695000	7.679408e-04
19.700000	3.300279e-03
19.705000	4.973220e-03
19.710000	5.567191e-03
19.715000	5.424470e-03
19.720000	5.175843e-03
19.725000	5.286949e-03
19.730000	5.765060e-03
19.735000	6.433456e-03
19.740000	7.066084e-03
19.745000	7.388215e-03
19.750000	6.874416e-03
19.755000	5.541094e-03
19.760000	3.658249e-03
19.765000	1.029308e-03
19.770000	-2.480242e-03
19.775000	-6.619008e-03
19.780000	-1.035834e-02
19.785000	-1.300814e-02
19.790000	-1.434371e-02
19.795000	-1.468976e-02
19.800000	-1.422117e-02
19.805000	-1.290982e-02
19.810000	-1.031298e-02
19.815000	-5.162127e-03
19.820000	1.927933e-03
19.825000	1.008137e-02
19.830000	1.772132e-02
19.835000	2.109656e-02
19.840000	2.025945e-02
19.845000	1.624816e-02
19.850000	1.119610e-02
19.855000	6.946888e-03
19.860000	6.197351e-03
19.865000	8.753905e-03
19.870000	1.384467e-02
19.875000	1.858313e-02
19.880000	2.035376e-02
19.885000	1.960047e-02
19.890000	1.787698e-02
19.895000	1.813122e-02
19.900000	1.974778e-02
19.905000	1.783134e-02
19.910000	7.649738e-03
19.915000	-2.980284e-03
19.920000	-6.557349e-03
19.925000	-5.165746e-03
19.930000	-3.745909e-03
19.935000	-4.446876e-03
19.940000	-6.096558e-03
19.945000	-7.629655e-03
19.950000	-1.099406e-02
19.955000	-1.621294e-02
19.960000	-1.986307e-02
19.965000	-1.892653e-02
19.970000	-1.353996e-02
19.975000	-6.059762e-03
19.980000	1.474446e-03
19.985000	5.735438e-03
19.990000	7.595867e-03
19.995000	9.105127e-03
20.000000	1.090256e-02
20.005000	1.243065e-02
20.010000	1.352212e-02
20.015000	1.434199e-02
20.020000	1.507241e-02
20.025000	1.543492e-02
20.030000	1.514194e-02
20.035000	1.388705e-02
20.040000	1.181047e-02
20.045000	9.456844e-03
20.050000	8.369228e-03
20.055000	9.388742e-03
20.060000	1.272028e-02
20.065000	1.711473e-02
20.070000	2.019763e-02
20.075000	2.130934e-02
20.080000	2.076040e-02
20.085000	1.968823e-02
20.090000	1.879459e-02
20.095000	1.827179e-02
20.100000	1.793520e-02
20.105000	1.772427e-02
20.110000	1.702898e-02
20.115000	1.532519e-02
20.120000	1.217827e-02
20.125000	8.028442e-03
20.130000	3.724149e-03
20.135000	1.074098e-03
20.140000	-2.845133e-04
20.145000	-1.585517e-03
20.150000	-3.411722e-03
20.155000	-5.481921e-03
20.160000	-7.233549e-03
20.165000	-8.134470e-03
20.170000	-7.406601e-03
20.175000	-5.071009e-03
20.180000	-1.851242e-03
20.185000	2.685679e-04
20.190000	-2.808418e-06
20.195000	-3.601888e-03
20.200000	-8.530230e-03
20.205000	-1.274975e-02
20.210000	-1.539111e-02
20.215000	-1.675958e-02
20.220000	-1.703187e-02
20.225000	-1.638356e-02
20.230000	-1.470067e-02
20.235000	-1.236113e-02
20.240000	-9.470156e-03
20.245000	-5.488982e-03
20.250000	-1.751746e-03
20.255000	4.259037e-04
20.260000	1.119212e-03
20.265000	1.341701e-03
20.270000	2.196904e-03
20.275000	3.568380e-03
20.280000	4.833583e-03
20.285000	5.226133e-03
20.290000	4.350197e-03
20.295000	1.801496e-03
20.300000	-1.520847e-03
20.305000	-4.559075e-03
20.310000	-4.866080e-03
20.315000	-2.151710e-03
20.320000	1.919600e-03
20.325000	5.130431e-03
20.330000	6.473658e-03
20.335000	5.504329e-03
20.340000	3.401825e-03
20.345000	2.946595e-03
20.350000	4.983856e-03
20.355000	8.777560e-03
20.360000	1.177534e-02
20.365000	1.292137e-02
20.370000	1.140172e-02
20.375000	8.366936e-03
20.380000	5.247894e-03
20.385000	3.138587e-03
20.390000	1.784132e-03
20.395000	7.875835e-04
20.400000	-5.360923e-04
20.405000	-2.772428e-03
20.410000	-6.193842e-03
20.415000	-1.030290e-02
20.420000	-1.419273e-02
20.425000	-1.649306e-02
20.430000	-1.680617e-02
20.435000	-1.595703e-02
20.440000	-1.500307e-02
20.445000	-1.497916e-02
20.450000	-1.592224e-02
20.455000	-1.766438e-02
20.460000	-1.965098e-02
20.465000	-2.109078e-02
20.470000	-2.085278e-02
20.475000	-1.871906e-02
20.480000	-1.537224e-02
20.485000	-1.273884e-02
20.490000	-1.088362e-02
20.495000	-8.201709e-03
20.500000	-4.419452e-03
20.505000	-3.829098e-04
20.510000	2.242071e-03
20.515000	2.751042e-03
20.520000	1.508391e-03
20.525000	4.271876e-04
20.530000	9.942597e-04
20.535000	2.324646e-03
20.540000	3.416583e-03
20.545000	4.591333e-03
20.550000	5.412531e-03
20.555000	4.840483e-03
20.560000	2.954376e-03
20.565000	3.791944e-04
20.570000	-1.395640e-03
20.575000	-1.826918e-03
20.580000	-1.064424e-03
20.585000	8.172552e-04
20.590000	3.532801e-03
20.595000	6.855772e-03
20.600000	1.016627e-02
20.605000	1.277917e-02
20.610000	1.389521e-02
20.615000	1.293973e-02
20.620000	9.195708e-03
20.625000	3.448464e-03
20.630000	-3.079443e-03
20.635000	-8.044417e-03
20.640000	-1.033127e-02
20.645000	-9.671398e-03
20.650000	-6.462372e-03
20.655000	-2.861392e-04
20.660000	6.511826e-03
20.665000	1.206844e-02
20.670000	1.471791e-02
20.675000	1.518250e-02
20.680000	1.374966e-02
20.685000	1.113078e-02
20.690000	7.915782e-03
20.695000	4.399669e-03
20.700000	1.295491e-03
20.705000	-4.842723e-04
20.710000	-8.690693e-04
20.715000	-4.761454e-04
20.720000	5.263581e-04
20.725000	1.839484e-03
20.730000	2.957374e-03
20.735000	3.041528e-03
20.740000	2.111304e-03
20.745000	4.258192e-04
20.750000	-1.457675e-03
20.755000	-3.097469e-03
20.760000	-4.313208e-03
20.765000	-5.018793e-03
20.770000	-4.902833e-03
20.775000	-3.944076e-03
20.780000	-2.004398e-03
20.785000	1.016947e-03
20.790000	4.911778e-03
20.795000	9.934808e-03
20.800000	1.520523e-02
20.805000	1.946323e-02
20.810000	2.188593e-02
20.815000	2.243548e-02
20.820000	2.158910e-02
20.825000	1.940660e-02
20.830000	1.553923e-02
20.835000	1.135734e-02
20.840000	8.287281e-03
20.845000	7.058390e-03
20.850000	6.823465e-03
20.855000	6.727671e-03
20.860000	6.791762e-03
20.865000	7.243910e-03
20.870000	7.804314e-03
20.875000	8.199974e-03
20.880000	8.307676e-03
20.885000	7.845709e-03
20.890000	6.902734e-03
20.895000	5.882611e-03
20.900000	5.086964e-03
20.905000	4.626598e-03
20.910000	4.566514e-03
20.915000	4.778541e-03
20.920000	5.087552e-03
20.925000	4.976756e-03
20.930000	3.892502e-03
20.935000	1.933274e-03
20.940000	-3.336447e-04
20.945000	-2.348346e-03
20.950000	-3.849085e-03
20.955000	-4.625965e-03
20.960000	-4.254375e-03
20.965000	-3.011211e-03
20.970000	-1.799114e-03
20.975000	-7.483931e-04
20.980000	4.997555e-04
20.985000	1.483115e-03
20.990000	1.855085e-03
20.995000	1.811514e-03
21.000000	1.556334e-03
21.005000	1.013966e-03
21.010000	4.864344e-04
21.015000	1.209931e-04
21.020000	-3.128180e-04
21.025000	-1.208803e-03
21.030000	-2.820114e-03
21.035000	-4.892593e-03
21.040000	-6.669682e-03
21.045000	-7.119002e-03
21.050000	-5.790503e-03
21.055000	-2.465325e-03
21.060000	1.026258e-03
21.065000	3.580347e-03
21.070000	5.145037e-03
21.075000	6.025707e-03
21.080000	6.152351e-03
21.085000	5.774196e-03
21.090000	5.095934e-03
21.095000	4.674955e-03
21.100000	4.998038e-03
21.105000	6.267887e-03
21.110000	7.488723e-03
21.115000	8.026253e-03
21.120000	8.012599e-03
21.125000	7.284026e-03
21.130000	5.256486e-03
21.135000	1.743093e-03
21.140000	-3.131618e-03
21.145000	-8.468279e-03
21.150000	-1.315457e-02
21.155000	-1.632773e-02
21.160000	-1.667339e-02
21.165000	-1.432758e-02
21.170000	-1.047032e-02
21.175000	-6.384583e-03
21.180000	-2.331444e-03
21.185000	1.143388e-03
21.190000	3.555242e-03
21.195000	4.858734e-03
21.200000	5.567891e-03
21.205000	5.831915e-03
21.210000	6.414173e-03
21.215000	7.818494e-03
21.220000	9.505292e-03
21.225000	1.073364e-02
21.230000	1.086585e-02
21.235000	9.642420e-03
21.240000	7.249837e-03
21.245000	4.154715e-03
21.250000	7.250040e-04
21.255000	-2.565810e-03
21.260000	-5.173959e-03
21.265000	-6.900911e-03
21.270000	-7.878772e-03
21.275000	-7.908284e-03
21.280000	-6.510079e-03
21.285000	-3.918653e-03
21.290000	-8.223928e-04
21.295000	3.958784e-04
21.300000	-1.023229e-03
21.305000	-5.688555e-03
21.310000	-1.268918e-02
21.315000	-2.040979e-02
21.320000	-2.672147e-02
21.325000	-3.134010e-02
21.330000	-3.441497e-02
21.335000	-3.499625e-02
21.340000	-3.267471e-02
21.345000	-2.780408e-02
21.350000	-2.184759e-02
21.355000	-1.552785e-02
21.360000	-9.135022e-03
21.365000	-2.906472e-03
21.370000	1.930833e-03
21.375000	5.590945e-03
21.380000	8.815605e-03
21.385000	1.147959e-02
21.390000	1.265468e-02
21.395000	1.127567e-02
21.400000	8.099749e-03
21.405000	5.179943e-03
21.410000	3.855763e-03
21.415000	4.452254e-03
21.420000	6.099371e-03
21.425000	8.056177e-03
21.430000	1.071853e-02
21.435000	1.340111e-02
21.440000	1.473786e-02
21.445000	1.396092e-02
21.450000	1.148100e-02
21.455000	1.034120e-02
21.460000	1.139656e-02
21.465000	1.344292e-02
21.470000	1.439939e-02
21.475000	1.374371e-02
21.480000	1.215675e-02
21.485000	1.023946e-02
21.490000	7.970583e-03
21.495000	6.326156e-03
21.500000	5.599375e-03
21.505000	5.399812e-03
21.510000	4.505772e-03
21.515000	1.887227e-03
21.520000	-2.080802e-03
21.525000	-5.891019e-03
21.530000	-7.788663e-03
21.535000	-9.137798e-03
21.540000	-1.171338e-02
21.545000	-1.358385e-02
21.550000	-1.297082e-02
21.555000	-1.004851e-02
21.560000	-5.733855e-03
21.565000	-5.227783e-05
21.570000	5.510871e-03
21.575000	1.002402e-02
21.580000	1.269250e-02
21.585000	1.383058e-02
21.590000	1.309500e-02
21.595000	1.004023e-02
21.600000	4.935246e-03
21.605000	-4.698737e-04
21.610000	-5.260722e-03
21.615000	-9.400739e-03
21.620000	-1.156897e-02
21.625000	-1.135576e-02
21.630000	-7.915864e-03
21.635000	-3.174095e-03
21.640000	3.491334e-04
21.645000	2.527165e-03
21.650000	4.129363e-03
21.655000	4.655579e-03
21.660000	4.124085e-03
21.665000	2.728342e-03
21.670000	9.537159e-04
21.675000	-7.046535e-04
21.680000	-1.362148e-03
21.685000	-8.904587e-04
21.690000	9.197649e-04
21.695000	2.555652e-03
21.700000	2.846401e-03
21.705000	2.252479e-03
21.710000	1.790479e-03
21.715000	2.169803e-03
21.720000	2.874818e-03
21.725000	3.201450e-03
21.730000	2.854261e-03
21.735000	1.723171e-03
21.740000	-6.507951e-04
21.745000	-3.661469e-03
21.750000	-6.342937e-03
21.755000	-7.315113e-03
21.760000	-6.521522e-03
21.765000	-3.654485e-03
21.770000	7.367392e-04
21.775000	5.951148e-03
21.780000	1.170611e-02
21.785000	1.716131e-02
21.790000	2.025736e-02
21.795000	2.084108e-02
21.800000	1.916639e-02
21.805000	1.533477e-02
21.810000	1.027769e-02
21.815000	5.919628e-03
21.820000	3.848903e-03
21.825000	4.148746e-03
21.830000	6.017310e-03
21.835000	8.304824e-03
21.840000	9.389275e-03
21.845000	9.107295e-03
21.850000	7.598691e-03
21.855000	4.281153e-03
21.860000	-8.120983e-04
21.865000	-6.801212e-03
21.870000	-1.221915e-02
21.875000	-1.621974e-02
21.880000	-1.788894e-02
21.885000	-1.792161e-02
21.890000	-1.671351e-02
21.895000	-1.512964e-02
21.900000	-1.375653e-02
21.905000	-1.260262e-02
21.910000	-1.169486e-02
21.915000	-1.152032e-02
21.920000	-1.223198e-02
21.925000	-1.348777e-02
21.930000	-1.404024e-02
21.935000	-1.289665e-02
21.940000	-9.191561e-03
21.945000	-4.201639e-03
21.950000	7.790189e-04
21.955000	4.293626e-03
21.960000	6.261368e-03
21.965000	6.165380e-03
21.970000	4.262971e-03
21.975000	1.028860e-03
21.980000	-2.618909e-03
21.985000	-5.768289e-03
21.990000	-7.387256e-03
21.995000	-7.357915e-03
22.000000	-5.486920e-03
22.005000	-2.125089e-03
22.010000	1.989089e-03
22.015000	6.117030e-03
22.020000	9.501254e-03
22.025000	1.150166e-02
22.030000	1.182858e-02
22.035000	1.025495e-02
22.040000	6.642756e-03
22.045000	2.684876e-03
22.050000	-1.460765e-03
22.055000	-3.716358e-03
22.060000	-3.600542e-03
22.065000	-1.602291e-03
22.070000	9.123915e-04
22.075000	2.936641e-03
22.080000	4.218560e-03
22.085000	4.664664e-03
22.090000	3.093167e-03
22.095000	-8.135769e-04
22.100000	-6.478661e-03
22.105000	-1.100371e-02
22.110000	-1.301468e-02
22.115000	-1.296694e-02
22.120000	-1.234511e-02
22.125000	-1.189184e-02
22.130000	-1.162433e-02
22.135000	-1.003564e-02
22.140000	-5.778096e-03
22.145000	-9.948389e-04
22.150000	2.285865e-03
22.155000	3.485551e-03
22.160000	3.776906e-03
22.165000	3.817595e-03
22.170000	4.087462e-03
22.175000	4.927125e-03
22.180000	7.193521e-03
22.185000	1.009024e-02
22.190000	1.216481e-02
22.195000	1.297385e-02
22.200000	1.294779e-02
22.205000	1.238206e-02
22.210000	1.127425e-02
22.215000	9.708319e-03
22.220000	8.503514e-03
22.225000	8.215078e-03
22.230000	8.825896e-03
22.235000	1.007077e-02
22.240000	1.171073e-02
22.245000	1.253222e-02
22.250000	1.179849e-02
22.255000	9.763479e-03
22.260000	7.275464e-03
22.265000	5.324307e-03
22.270000	3.562659e-03
22.275000	1.472127e-03
22.280000	8.344130e-06
22.285000	-6.693284e-04
22.290000	-1.086044e-03
22.295000	-7.098572e-04
22.300000	1.043771e-03
22.305000	3.595193e-03
22.310000	5.661895e-03
22.315000	5.934004e-03
22.320000	4.045362e-03
22.325000	5.651773e-04
22.330000	-2.873689e-03
22.335000	-5.309795e-03
22.340000	-6.726132e-03
22.345000	-7.537663e-03
22.350000	-7.721842e-03
22.355000	-7.013935e-03
22.360000	-5.245888e-03
22.365000	-2.334349e-03
22.370000	1.615191e-03
22.375000	6.330847e-03
22.380000	1.035029e-02
22.385000	1.273750e-02
22.390000	1.250751e-02
22.395000	1.060630e-02
22.400000	8.224890e-03
22.405000	5.500499e-03
22.410000	2.477069e-03
22.415000	-3.469964e-04
22.420000	-2.187093e-03
22.425000	-2.744429e-03
22.430000	-2.457999e-03
22.435000	-1.933826e-03
22.440000	-1.263761e-03
22.445000	-9.492032e-04
22.450000	-1.449359e-03
22.455000	-2.818364e-03
22.460000	-4.340433e-03
22.465000	-5.390269e-03
22.470000	-6.064099e-03
22.475000	-6.466891e-03
22.480000	-5.698889e-03
22.485000	-3.503966e-03
22.490000	-1.649316e-04
22.495000	4.277477e-03
22.500000	9.581243e-03
22.505000	1.292987e-02
22.510000	1.353146e-02
22.515000	1.140058e-02
22.520000	7.848175e-03
22.525000	4.067342e-03
22.530000	1.416580e-03
22.535000	-5.193544e-04
22.540000	-1.897307e-03
22.545000	-2.624782e-03
22.550000	-2.915376e-03
22.555000	-2.855317e-03
22.560000	-2.449727e-03
22.565000	-2.090040e-03
22.570000	-1.988953e-03
22.575000	-2.077960e-03
22.580000	-2.037410e-03
22.585000	-1.702878e-03
22.590000	-1.544408e-03
22.595000	-1.784124e-03
22.600000	-2.146003e-03
22.605000	-2.339524e-03
22.610000	-2.393776e-03
22.615000	-2.757158e-03
22.620000	-3.450758e-03
22.625000	-3.990873e-03
22.630000	-4.343804e-03
22.635000	-4.719366e-03
22.640000	-4.596595e-03
22.645000	-3.834120e-03
22.650000	-2.972593e-03
22.655000	-2.448480e-03
22.660000	-2.245154e-03
22.665000	-1.643497e-03
22.670000	-5.223843e-04
22.675000	2.831734e-04
22.680000	5.574068e-04
22.685000	6.295187e-04
22.690000	2.295036e-04
22.695000	-7.646857e-04
22.700000	-2.219833e-03
22.705000	-3.976746e-03
22.710000	-5.960819e-03
22.715000	-7.650415e-03
22.720000	-8.561951e-03
22.725000	-8.305187e-03
22.730000	-6.919029e-03
22.735000	-4.251556e-03
22.740000	-7.151653e-04
22.745000	3.109666e-03
22.750000	6.711461e-03
22.755000	9.527472e-03
22.760000	1.106777e-02
22.765000	1.169870e-02
22.770000	1.166215e-02
22.775000	1.078274e-02
22.780000	9.283987e-03
22.785000	7.480945e-03
22.790000	6.067254e-03
22.795000	5.507682e-03
22.800000	5.989600e-03
22.805000	6.985212e-03
22.810000	8.126913e-03
22.815000	9.053415e-03
22.820000	9.519311e-03
22.825000	9.127412e-03
22.830000	8.151886e-03
22.835000	6.879586e-03
22.840000	5.677099e-03
22.845000	4.721291e-03
22.850000	3.981254e-03
22.855000	3.175813e-03
22.860000	2.030865e-03
22.865000	6.665814e-04
22.870000	-6.623000e-04
22.875000	-1.695373e-03
22.880000	-2.550518e-03
22.885000	-3.427413e-03
22.890000	-3.988737e-03
22.895000	-3.993315e-03
22.900000	-4.033694e-03
22.905000	-4.270447e-03
22.910000	-4.259196e-03
22.915000	-3.859484e-03
22.920000	-3.342090e-03
22.925000	-3.274102e-03
22.930000	-3.584804e-03
22.935000	-3.904915e-03
22.940000	-4.109196e-03
22.945000	-4.253856e-03
22.950000	-4.142965e-03
22.955000	-3.715766e-03
22.960000	-2.930437e-03
22.965000	-2.569176e-03
22.970000	-3.307353e-03
22.975000	-5.421352e-03
22.980000	-8.174157e-03
22.985000	-1.095446e-02
22.990000	-1.279289e-02
22.995000	-1.324951e-02
23.000000	-1.126177e-02
23.005000	-6.390089e-03
23.010000	-1.592675e-03
23.015000	1.367406e-03
23.020000	2.324780e-03
23.025000	2.011615e-03
23.030000	2.707186e-04
23.035000	-2.609264e-03
23.040000	-6.216350e-03
23.045000	-1.032168e-02
23.050000	-1.404064e-02
23.055000	-1.653427e-02
23.060000	-1.683425e-02
23.065000	-1.532759e-02
23.070000	-1.196946e-02
23.075000	-7.517502e-03
23.080000	-2.845847e-03
23.085000	1.056875e-03
23.090000	3.659810e-03
23.095000	4.389433e-03
23.100000	4.357711e-03
23.105000	4.627972e-03
23.110000	5.635146e-03
23.115000	6.919072e-03
23.120000	7.689484e-03
23.125000	7.708296e-03
23.130000	7.136924e-03
23.135000	6.453257e-03
23.140000	5.865056e-03
23.145000	5.231511e-03
23.150000	4.402122e-03
23.155000	3.356094e-03
23.160000	1.957845e-03
23.165000	2.134585e-04
23.170000	-1.734705e-03
23.175000	-3.444347e-03
23.180000	-4.412283e-03
23.185000	-3.762062e-03
23.190000	-1.744890e-03
23.195000	4.553353e-04
23.200000	2.377457e-03
23.205000	4.332659e-03
23.210000	6.267366e-03
23.215000	7.978635e-03
23.220000	9.124515e-03
23.225000	9.211760e-03
23.230000	7.809887e-03
23.235000	5.522810e-03
23.240000	3.130901e-03
23.245000	1.036516e-03
23.250000	-5.941883e-04
23.255000	-1.502713e-03
23.260000	-1.623932e-03
23.265000	-1.324861e-03
23.270000	-1.212153e-03
23.275000	-1.762672e-03
23.280000	-3.205776e-03
23.285000	-4.728544e-03
23.290000	-5.314817e-03
23.295000	-4.077131e-03
23.300000	-2.231812e-03
23.305000	-9.584411e-04
23.310000	6.830269e-04
23.315000	3.689537e-03
23.320000	8.972001e-03
23.325000	1.286088e-02
23.330000	1.100875e-02
23.335000	6.467774e-03
23.340000	3.023217e-03
23.345000	2.016328e-03
23.350000	1.369159e-03
23.355000	-9.534983e-04
23.360000	-4.408269e-03
23.365000	-7.247757e-03
23.370000	-8.211841e-03
23.375000	-8.129715e-03
23.380000	-8.060937e-03
23.385000	-8.366300e-03
23.390000	-8.820159e-03
23.395000	-9.266832e-03
23.400000	-8.797364e-03
23.405000	-6.501920e-03
23.410000	-3.376681e-03
23.415000	-4.043796e-04
23.420000	2.803578e-03
23.425000	5.541727e-03
23.430000	6.463534e-03
23.435000	6.891858e-03
23.440000	8.027496e-03
23.445000	8.992260e-03
23.450000	8.346329e-03
23.455000	5.423303e-03
23.460000	1.088615e-03
23.465000	-3.207749e-03
23.470000	-6.186942e-03
23.475000	-7.329648e-03
23.480000	-6.216677e-03
23.485000	-3.897076e-03
23.490000	-1.609567e-03
23.495000	-6.844040e-04
23.500000	-8.151288e-04
23.505000	-1.184666e-03
23.510000	-1.244537e-03
23.515000	-1.092132e-03
23.520000	-7.710183e-04
23.525000	-7.466867e-05
23.530000	1.209921e-03
23.535000	2.119362e-03
23.540000	2.244856e-03
23.545000	1.983936e-03
23.550000	1.663484e-03
23.555000	1.095567e-03
23.560000	-4.543220e-04
23.565000	-2.814197e-03
23.570000	-4.884880e-03
23.575000	-6.507010e-03
23.580000	-8.191780e-03
23.585000	-1.018599e-02
23.590000	-1.209847e-02
23.595000	-1.319132e-02
23.600000	-1.312916e-02
23.605000	-1.212174e-02
23.610000	-1.055503e-02
23.615000	-8.844041e-03
23.620000	-7.628166e-03
23.625000	-7.095025e-03
23.630000	-6.987839e-03
23.635000	-6.695650e-03
23.640000	-5.859146e-03
23.645000	-4.205144e-03
23.650000	-2.371408e-03
23.655000	-9.829539e-04
23.660000	-3.925893e-04
23.665000	-4.087291e-04
23.670000	-6.904391e-04
23.675000	-8.926879e-04
23.680000	-8.506340e-04
23.685000	4.447466e-05
23.690000	1.826366e-03
23.695000	3.901480e-03
23.700000	5.497987e-03
23.705000	6.473599e-03
23.710000	7.408754e-03
23.715000	8.528810e-03
23.720000	9.514449e-03
23.725000	9.522570e-03
23.730000	7.658118e-03
23.735000	3.384326e-03
23.740000	-2.671635e-03
23.745000	-9.319255e-03
23.750000	-1.451672e-02
23.755000	-1.709164e-02
23.760000	-1.618235e-02
23.765000	-1.291908e-02
23.770000	-8.567509e-03
23.775000	-4.420736e-03
23.780000	-9.446719e-04
23.785000	7.386386e-04
23.790000	1.287645e-03
23.795000	1.714000e-03
23.800000	1.641703e-03
23.805000	4.536518e-04
23.810000	-1.291204e-03
23.815000	-2.882991e-03
23.820000	-4.056337e-03
23.825000	-4.876960e-03
23.830000	-5.444195e-03
23.835000	-5.804712e-03
23.840000	-6.097738e-03
23.845000	-6.473270e-03
23.850000	-7.201940e-03
23.855000	-8.370258e-03
23.860000	-9.562055e-03
23.865000	-1.031543e-02
23.870000	-1.042266e-02
23.875000	-1.004248e-02
23.880000	-9.479193e-03
23.885000	-8.908021e-03
23.890000	-8.197155e-03
23.895000	-7.184710e-03
23.900000	-6.117572e-03
23.905000	-5.179590e-03
23.910000	-4.263615e-03
23.915000	-3.427217e-03
23.920000	-2.914769e-03
23.925000	-3.384706e-03
23.930000	-5.122296e-03
23.935000	-7.408802e-03
23.940000	-8.851891e-03
23.945000	-8.455690e-03
23.950000	-6.470375e-03
23.955000	-3.520105e-03
23.960000	1.605331e-03
23.965000	8.211855e-03
23.970000	1.450378e-02
23.975000	1.957412e-02
23.980000	2.349652e-02
23.985000	2.550592e-02
23.990000	2.520310e-02
23.995000	2.282531e-02
24.000000	1.883155e-02
24.005000	1.368084e-02
24.010000	8.787237e-03
24.015000	5.432875e-03
24.020000	4.207702e-03
24.025000	4.478145e-03
24.030000	5.808424e-03
24.035000	7.581936e-03
24.040000	9.091769e-03
24.045000	9.458178e-03
24.050000	8.232625e-03
24.055000	5.674996e-03
24.060000	3.114271e-03
24.065000	1.442942e-03
24.070000	7.244062e-04
24.075000	1.612470e-04
24.080000	-6.619889e-04
24.085000	-1.982544e-03
24.090000	-3.735554e-03
24.095000	-5.720342e-03
24.100000	-6.689727e-03
24.105000	-6.221835e-03
24.110000	-3.910123e-03
24.115000	-1.385386e-03
24.120000	-5.516959e-04
24.125000	-1.264090e-03
24.130000	-2.587133e-03
24.135000	-3.538344e-03
24.140000	-4.040314e-03
24.145000	-4.428996e-03
24.150000	-4.164772e-03
24.155000	-2.799151e-03
24.160000	-1.475242e-03
24.165000	-4.210861e-04
24.170000	1.384926e-03
24.175000	3.988695e-03
24.180000	6.754144e-03
24.185000	9.392990e-03
24.190000	1.127214e-02
24.195000	1.089194e-02
24.200000	8.639940e-03
24.205000	5.269415e-03
24.210000	1.528601e-03
24.215000	-2.077426e-03
24.220000	-4.971278e-03
24.225000	-7.717793e-03
24.230000	-1.076923e-02
24.235000	-1.304464e-02
24.240000	-1.361171e-02
24.245000	-1.230300e-02
24.250000	-9.589523e-03
24.255000	-6.012711e-03
24.260000	-3.748430e-03
24.265000	-3.050807e-03
24.270000	-3.170999e-03
24.275000	-3.006863e-03
24.280000	-2.189822e-03
24.285000	-7.295546e-04
24.290000	7.199316e-04
24.295000	1.034238e-03
24.300000	7.353730e-05
24.305000	-1.597878e-03
24.310000	-3.505679e-03
24.315000	-5.338191e-03
24.320000	-6.523728e-03
24.325000	-7.680931e-03
24.330000	-9.339327e-03
24.335000	-1.038611e-02
24.340000	-1.034870e-02
24.345000	-9.384953e-03
24.350000	-7.920654e-03
24.355000	-6.143113e-03
24.360000	-3.800003e-03
24.365000	-1.057895e-03
24.370000	1.248403e-03
24.375000	2.550999e-03
24.380000	2.647187e-03
24.385000	2.424802e-03
24.390000	2.471994e-03
24.395000	2.647977e-03
24.400000	2.525038e-03
24.405000	1.834784e-03
24.410000	8.662145e-05
24.415000	-2.656189e-03
24.420000	-5.903795e-03
24.425000	-8.952948e-03
24.430000	-1.157589e-02
24.435000	-1.396907e-02
24.440000	-1.589716e-02
24.445000	-1.643438e-02
24.450000	-1.559992e-02
24.455000	-1.400928e-02
24.460000	-1.215160e-02
24.465000	-1.007233e-02
24.470000	-7.787692e-03
24.475000	-5.458623e-03
24.480000	-3.351878e-03
24.485000	-2.014928e-03
24.490000	-1.394145e-03
24.495000	-1.058459e-03
24.500000	-1.165804e-03
24.505000	-2.182324e-03
24.510000	-3.439708e-03
24.515000	-4.202377e-03
24.520000	-3.633858e-03
24.525000	-1.957206e-03
24.530000	2.169480e-04
24.535000	1.572115e-03
24.540000	1.676174e-03
24.545000	1.430978e-03
24.550000	1.245879e-03
24.555000	3.885528e-04
24.560000	-8.947797e-04
24.565000	-1.875481e-03
24.570000	-2.206666e-03
24.575000	-2.200749e-03
24.580000	-2.156596e-03
24.585000	-1.647742e-03
24.590000	-3.511219e-04
24.595000	9.279496e-04
24.600000	1.557814e-03
24.605000	1.214426e-03
24.610000	-2.431277e-04
24.615000	-2.651151e-03
24.620000	-5.089792e-03
24.625000	-6.688015e-03
24.630000	-7.111961e-03
24.635000	-6.925601e-03
24.640000	-6.526702e-03
24.645000	-6.292600e-03
24.650000	-5.864829e-03
24.655000	-4.412464e-03
24.660000	-2.228382e-03
24.665000	-9.426755e-05
24.670000	1.211403e-03
24.675000	1.302166e-03
24.680000	-3.306383e-04
24.685000	-3.249053e-03
24.690000	-6.533197e-03
24.695000	-8.333548e-03
24.700000	-8.365296e-03
24.705000	-6.548693e-03
24.710000	-3.973275e-03
24.715000	-1.797851e-03
24.720000	-8.687728e-04
24.725000	-6.308740e-04
24.730000	-5.236842e-04
24.735000	1.810797e-04
24.740000	1.586888e-03
24.745000	2.540681e-03
24.750000	2.889141e-03
24.755000	3.465343e-03
24.760000	3.983324e-03
24.765000	3.804099e-03
24.770000	3.178310e-03
24.775000	2.583679e-03
24.780000	2.265023e-03
24.785000	2.284346e-03
24.790000	2.588154e-03
24.795000	3.047881e-03
24.800000	3.412354e-03
24.805000	3.218809e-03
24.810000	2.501909e-03
24.815000	1.546504e-03
24.820000	4.923330e-04
24.825000	-5.277810e-04
24.830000	-1.144658e-03
24.835000	-1.556803e-03
24.840000	-2.107363e-03
24.845000	-2.862918e-03
24.850000	-3.672607e-03
24.855000	-4.387461e-03
24.860000	-4.402833e-03
24.865000	-3.398132e-03
24.870000	-1.593979e-03
24.875000	4.630736e-04
24.880000	2.094869e-03
24.885000	3.237796e-03
24.890000	4.044005e-03
24.895000	4.689692e-03
24.900000	5.297577e-03
24.905000	6.128613e-03
24.910000	7.364186e-03
24.915000	9.048477e-03
24.920000	1.029531e-02
24.925000	1.043604e-02
24.930000	9.110122e-03
24.935000	7.096881e-03
24.940000	5.221220e-03
24.945000	3.620679e-03
24.950000	2.053466e-03
24.955000	7.320695e-04
24.960000	-4.474538e-04
24.965000	-1.748439e-03
24.970000	-2.769620e-03
24.975000	-3.464316e-03
24.980000	-4.909883e-03
24.985000	-6.890903e-03
24.990000	-8.351323e-03
24.995000	-8.912246e-03
25.000000	-8.838391e-03
25.005000	-8.243586e-03
25.010000	-6.996983e-03
25.015000	-4.817562e-03
25.020000	-2.627561e-03
25.025000	-8.336725e-04
25.030000	1.545378e-03
25.035000	4.238061e-03
25.040000	6.052192e-03
25.045000	6.190015e-03
25.050000	4.646316e-03
25.055000	2.056306e-03
25.060000	1.480584e-04
25.065000	2.400635e-04
25.070000	7.340755e-04
25.075000	2.422220e-04
25.080000	-8.868767e-04
25.085000	-1.163803e-03
25.090000	3.245324e-04
25.095000	2.368221e-03
25.100000	3.845950e-03
25.105000	4.549434e-03
25.110000	4.891919e-03
25.115000	5.125750e-03
25.120000	5.724834e-03
25.125000	6.711711e-03
25.130000	7.102145e-03
25.135000	6.291549e-03
25.140000	4.344666e-03
25.145000	2.185764e-03
25.150000	7.311932e-04
25.155000	4.722682e-03
25.160000	6.842860e-03
25.165000	-1.487475e-03
25.170000	-6.458469e-03
25.175000	-4.694617e-03
25.180000	-1.971956e-03
25.185000	-1.356477e-03
25.190000	-1.607286e-03
25.195000	-8.063478e-04
25.200000	1.351235e-03
25.205000	4.018318e-03
25.210000	5.972395e-03
25.215000	6.861323e-03
25.220000	6.514662e-03
25.225000	5.576196e-03
25.230000	4.633080e-03
25.235000	3.842767e-03
25.240000	3.077533e-03
25.245000	2.373302e-03
25.250000	1.725473e-03
25.255000	1.106120e-03
25.260000	4.904772e-04
25.265000	-3.444118e-04
25.270000	-1.675205e-03
25.275000	-3.721389e-03
25.280000	-6.414560e-03
25.285000	-8.799465e-03
25.290000	-1.063461e-02
25.295000	-1.220295e-02
25.300000	-1.280315e-02
25.305000	-1.223443e-02
25.310000	-1.075330e-02
25.315000	-9.073848e-03
25.320000	-7.690078e-03
25.325000	-6.152104e-03
25.330000	-4.095097e-03
25.335000	-2.098914e-03
25.340000	-2.876395e-04
25.345000	1.748641e-03
25.350000	4.097402e-03
25.355000	6.450863e-03
25.360000	7.856333e-03
25.365000	8.433996e-03
25.370000	8.719425e-03
25.375000	8.683516e-03
25.380000	8.058035e-03
25.385000	6.813311e-03
25.390000	5.183596e-03
25.395000	3.527635e-03
25.400000	2.259362e-03
25.405000	1.645305e-03
25.410000	2.249543e-03
25.415000	3.691995e-03
25.420000	5.476156e-03
25.425000	6.765069e-03
25.430000	7.208717e-03
25.435000	7.237057e-03
25.440000	7.101242e-03
25.445000	6.589536e-03
25.450000	5.857781e-03
25.455000	5.208023e-03
25.460000	4.782957e-03
25.465000	4.374831e-03
25.470000	3.709871e-03
25.475000	2.824471e-03
25.480000	1.919676e-03
25.485000	1.258800e-03
25.490000	9.191905e-04
25.495000	1.028541e-03
25.500000	1.415421e-03
25.505000	1.829781e-03
25.510000	1.986523e-03
25.515000	1.842378e-03
25.520000	1.297151e-03
25.525000	4.970935e-04
25.530000	-3.371554e-04
25.535000	-9.016182e-04
25.540000	-1.183095e-03
25.545000	-1.189735e-03
25.550000	-1.333488e-03
25.555000	-1.861119e-03
25.560000	-2.433115e-03
25.565000	-2.824896e-03
25.570000	-3.146465e-03
25.575000	-3.534076e-03
25.580000	-4.025162e-03
25.585000	-4.734334e-03
25.590000	-5.520812e-03
25.595000	-6.112739e-03
25.600000	-6.390288e-03
25.605000	-6.374814e-03
25.610000	-5.827832e-03
25.615000	-4.627384e-03
25.620000	-2.861214e-03
25.625000	-1.202711e-03
25.630000	-5.125236e-05
25.635000	8.770149e-04
25.640000	1.793304e-03
25.645000	2.512211e-03
25.650000	3.210437e-03
25.655000	4.234353e-03
25.660000	5.581311e-03
25.665000	7.070663e-03
25.670000	8.790846e-03
25.675000	1.005855e-02
25.680000	9.962149e-03
25.685000	8.979080e-03
25.690000	7.995352e-03
25.695000	7.543329e-03
25.700000	7.023322e-03
25.705000	5.697692e-03
25.710000	4.034835e-03
25.715000	2.630148e-03
25.720000	1.513070e-03
25.725000	9.142533e-04
25.730000	1.293819e-03
25.735000	2.338667e-03
25.740000	3.405331e-03
25.745000	3.675241e-03
25.750000	3.255131e-03
25.755000	2.618863e-03
25.760000	2.164991e-03
25.765000	2.065599e-03
25.770000	3.255561e-03
25.775000	4.956243e-03
25.780000	5.744443e-03
25.785000	5.647275e-03
25.790000	5.182618e-03
25.795000	3.907260e-03
25.800000	2.009283e-03
25.805000	1.953250e-04
25.810000	-7.318838e-04
25.815000	-9.990257e-04
25.820000	-1.600390e-03
25.825000	-2.500891e-03
25.830000	-2.950103e-03
25.835000	-2.542933e-03
25.840000	-1.514316e-03
25.845000	1.974498e-04
25.850000	1.623073e-03
25.855000	1.594431e-03
25.860000	5.449441e-04
25.865000	-8.390777e-04
25.870000	-2.400263e-03
25.875000	-4.136924e-03
25.880000	-5.944095e-03
25.885000	-7.170036e-03
25.890000	-7.283492e-03
25.895000	-5.964248e-03
25.900000	-3.714657e-03
25.905000	-1.090118e-03
25.910000	1.195199e-03
25.915000	2.845173e-03
25.920000	3.607156e-03
25.925000	3.636790e-03
25.930000	2.721068e-03
25.935000	1.284682e-03
25.940000	-6.928567e-05
25.945000	-7.586727e-04
25.950000	-8.813019e-04
25.955000	-4.784050e-04
25.960000	1.887682e-04
25.965000	9.641654e-04
25.970000	2.180446e-03
25.975000	3.661502e-03
25.980000	4.467634e-03
25.985000	4.474219e-03
25.990000	4.158663e-03
25.995000	3.903589e-03
26.000000	3.835570e-03
26.005000	4.172696e-03
26.010000	5.054593e-03
26.015000	6.636255e-03
26.020000	8.387879e-03
26.025000	9.803181e-03
26.030000	1.016191e-02
26.035000	9.237481e-03
26.040000	7.023613e-03
26.045000	4.068289e-03
26.050000	1.026766e-03
26.055000	-1.485282e-03
26.060000	-3.095200e-03
26.065000	-3.826300e-03
26.070000	-3.897147e-03
26.075000	-3.339236e-03
26.080000	-2.061036e-03
26.085000	-2.093310e-04
26.090000	2.069324e-03
26.095000	4.098692e-03
26.100000	5.577375e-03
26.105000	6.308425e-03
26.110000	6.155592e-03
26.115000	4.968353e-03
26.120000	3.435415e-03
26.125000	2.229335e-03
26.130000	2.284958e-03
26.135000	3.530909e-03
26.140000	5.473533e-03
26.145000	7.149437e-03
26.150000	8.182190e-03
26.155000	8.413719e-03
26.160000	8.354501e-03
26.165000	8.495406e-03
26.170000	8.913098e-03
26.175000	9.354154e-03
26.180000	9.276677e-03
26.185000	8.741732e-03
26.190000	8.082921e-03
26.195000	7.845876e-03
26.200000	8.247160e-03
26.205000	9.114259e-03
26.210000	9.712648e-03
26.215000	9.138288e-03
26.220000	7.776907e-03
26.225000	6.260353e-03
26.230000	4.242066e-03
26.235000	1.721181e-03
26.240000	-8.616976e-04
26.245000	-2.640669e-03
26.250000	-3.245320e-03
26.255000	-3.098973e-03
26.260000	-2.820994e-03
26.265000	-2.479756e-03
26.270000	-1.613519e-03
26.275000	-9.013627e-05
26.280000	1.280846e-03
26.285000	2.039857e-03
26.290000	2.105212e-03
26.295000	2.048358e-03
26.300000	2.278174e-03
26.305000	2.699669e-03
26.310000	2.860942e-03
26.315000	2.234056e-03
26.320000	1.027502e-03
26.325000	-3.388130e-04
26.330000	-1.878162e-03
26.335000	-3.783618e-03
26.340000	-6.017972e-03
26.345000	-6.934005e-03
26.350000	-5.733876e-03
26.355000	-4.697240e-03
26.360000	-4.969581e-03
26.365000	-5.946934e-03
26.370000	-5.860300e-03
26.375000	-4.001971e-03
26.380000	-1.004913e-03
26.385000	1.629460e-03
26.390000	2.018221e-03
26.395000	7.352162e-04
26.400000	-1.042071e-03
26.405000	-2.002916e-03
26.410000	-2.210698e-03
26.415000	-2.586638e-03
26.420000	-3.336073e-03
26.425000	-3.840308e-03
26.430000	-2.990578e-03
26.435000	-9.817415e-04
26.440000	8.834497e-04
26.445000	1.880224e-03
26.450000	2.023703e-03
26.455000	1.661080e-03
26.460000	1.060162e-03
26.465000	6.686514e-05
26.470000	-1.041731e-03
26.475000	-1.846159e-03
26.480000	-3.160973e-03
26.485000	-5.129338e-03
26.490000	-6.670832e-03
26.495000	-7.381016e-03
26.500000	-7.466325e-03
26.505000	-7.027980e-03
26.510000	-6.272693e-03
26.515000	-5.636582e-03
26.520000	-5.039842e-03
26.525000	-4.171537e-03
26.530000	-3.069003e-03
26.535000	-1.877741e-03
26.540000	-5.647605e-04
26.545000	6.197328e-04
26.550000	1.251781e-03
26.555000	6.452531e-04
26.560000	-9.300320e-04
26.565000	-2.455209e-03
26.570000	-3.447081e-03
26.575000	-4.003893e-03
26.580000	-4.398291e-03
26.585000	-4.559063e-03
26.590000	-4.063965e-03
26.595000	-3.199072e-03
26.600000	-2.363910e-03
26.605000	-1.128209e-03
26.610000	6.100237e-04
26.615000	1.980453e-03
26.620000	2.495700e-03
26.625000	2.185183e-03
26.630000	1.170012e-03
26.635000	-1.688710e-04
26.640000	-1.198835e-03
26.645000	-1.824193e-03
26.650000	-2.218920e-03
26.655000	-2.743613e-03
26.660000	-3.353170e-03
26.665000	-3.633084e-03
26.670000	-3.594710e-03
26.675000	-3.512733e-03
26.680000	-3.733098e-03
26.685000	-4.211894e-03
26.690000	-4.627189e-03
26.695000	-5.001342e-03
26.700000	-5.552980e-03
26.705000	-6.019548e-03
26.710000	-6.015514e-03
26.715000	-5.249949e-03
26.720000	-4.125866e-03
26.725000	-2.990017e-03
26.730000	-1.659615e-03
26.735000	-4.240097e-04
26.740000	-3.865848e-04
26.745000	-1.441439e-03
26.750000	-2.981321e-03
26.755000	-3.865389e-03
26.760000	-3.910814e-03
26.765000	-3.736520e-03
26.770000	-3.746911e-03
26.775000	-3.775479e-03
26.780000	-3.207876e-03
26.785000	-1.814682e-03
26.790000	2.458528e-04
26.795000	2.597739e-03
26.800000	5.044382e-03
26.805000	6.666416e-03
26.810000	7.256563e-03
26.815000	6.940266e-03
26.820000	6.306261e-03
26.825000	5.833971e-03
26.830000	5.744024e-03
26.835000	6.096126e-03
26.840000	7.112754e-03
26.845000	8.327667e-03
26.850000	9.234943e-03
26.855000	9.696472e-03
26.860000	9.819508e-03
26.865000	9.063229e-03
26.870000	7.648773e-03
26.875000	6.216774e-03
26.880000	5.082257e-03
26.885000	4.133401e-03
26.890000	3.248553e-03
26.895000	2.323399e-03
26.900000	1.374793e-03
26.905000	6.125416e-04
26.910000	5.469624e-05
26.915000	-5.390877e-04
26.920000	-1.649415e-03
26.925000	-3.359560e-03
26.930000	-4.778967e-03
26.935000	-5.597464e-03
26.940000	-6.291194e-03
26.945000	-7.042172e-03
26.950000	-7.384170e-03
26.955000	-5.744322e-03
26.960000	-2.582777e-03
26.965000	8.516970e-04
26.970000	3.812274e-03
26.975000	6.302726e-03
26.980000	8.059746e-03
26.985000	9.160394e-03
26.990000	9.950960e-03
26.995000	1.075738e-02
27.000000	1.170222e-02
27.005000	1.258986e-02
27.010000	1.324432e-02
27.015000	1.341309e-02
27.020000	1.305168e-02
27.025000	1.214254e-02
27.030000	1.055600e-02
27.035000	8.380133e-03
27.040000	5.562502e-03
27.045000	2.471532e-03
27.050000	-3.544778e-04
27.055000	-2.365662e-03
27.060000	-3.704493e-03
27.065000	-4.935548e-03
27.070000	-6.308073e-03
27.075000	-7.607140e-03
27.080000	-8.209459e-03
27.085000	-7.974157e-03
27.090000	-7.162793e-03
27.095000	-5.934455e-03
27.100000	-4.377448e-03
27.105000	-3.274019e-03
27.110000	-2.993233e-03
27.115000	-3.428731e-03
27.120000	-4.279442e-03
27.125000	-5.555234e-03
27.130000	-6.792957e-03
27.135000	-7.526647e-03
27.140000	-7.429039e-03
27.145000	-6.786784e-03
27.150000	-5.770917e-03
27.155000	-4.375315e-03
27.160000	-2.743112e-03
27.165000	-1.492475e-03
27.170000	-9.882870e-04
27.175000	-1.242870e-03
27.180000	-1.466718e-03
27.185000	-1.103452e-03
27.190000	6.283089e-04
27.195000	2.951078e-03
27.200000	4.666883e-03
27.205000	5.571438e-03
27.210000	5.996214e-03
27.215000	5.809791e-03
27.220000	5.138889e-03
27.225000	4.094333e-03
27.230000	2.851612e-03
27.235000	1.579456e-03
27.240000	5.395667e-04
27.245000	-2.768835e-04
27.250000	-9.979851e-04
27.255000	-1.695979e-03
27.260000	-2.245724e-03
27.265000	-2.171910e-03
27.270000	-1.705695e-03
27.275000	-1.404656e-03
27.280000	-1.595169e-03
27.285000	-2.244962e-03
27.290000	-3.206575e-03
27.295000	-3.785043e-03
27.300000	-3.318746e-03
27.305000	-1.953512e-03
27.310000	-1.323777e-04
27.315000	1.130973e-03
27.320000	1.389265e-03
27.325000	2.449268e-04
27.330000	-1.400353e-03
27.335000	-2.571927e-03
27.340000	-2.638270e-03
27.345000	-1.953477e-03
27.350000	-6.457604e-04
27.355000	9.067728e-04
27.360000	2.359322e-03
27.365000	3.166437e-03
27.370000	3.134858e-03
27.375000	2.271945e-03
27.380000	1.438290e-03
27.385000	1.179236e-03
27.390000	1.074239e-03
27.395000	7.679798e-04
27.400000	4.261196e-04
27.405000	-1.616802e-05
27.410000	-7.114832e-04
27.415000	-1.520561e-03
27.420000	-2.066323e-03
27.425000	-1.821421e-03
27.430000	-1.148053e-03
27.435000	-5.696006e-04
27.440000	-5.555035e-05
27.445000	7.108396e-04
27.450000	1.903679e-03
27.455000	2.746892e-03
27.460000	2.604046e-03
27.465000	1.379263e-03
27.470000	-7.122471e-04
27.475000	-3.503486e-03
27.480000	-5.652723e-03
27.485000	-6.347297e-03
27.490000	-6.303224e-03
27.495000	-6.142918e-03
27.500000	-5.731907e-03
27.505000	-4.556898e-03
27.510000	-2.337007e-03
27.515000	-5.630794e-04
27.520000	1.180966e-04
27.525000	4.785669e-04
27.530000	7.911688e-04
27.535000	5.473450e-04
27.540000	-2.496447e-04
27.545000	-1.225662e-03
27.550000	-2.044032e-03
27.555000	-2.460346e-03
27.560000	-2.253256e-03
27.565000	-1.337395e-03
27.570000	-1.716020e-04
27.575000	-1.414969e-04
27.580000	-8.323085e-04
27.585000	-9.785775e-04
27.590000	-6.397596e-04
27.595000	-3.562391e-04
27.600000	4.039177e-04
27.605000	1.604174e-03
27.610000	2.648660e-03
27.615000	2.727291e-03
27.620000	1.674326e-03
27.625000	3.279878e-04
27.630000	-5.390593e-04
27.635000	-8.017294e-04
27.640000	-1.080854e-03
27.645000	-1.631364e-03
27.650000	-1.844855e-03
27.655000	-1.450785e-03
27.660000	-4.940936e-04
27.665000	8.304586e-04
27.670000	2.299261e-03
27.675000	3.309875e-03
27.680000	3.854312e-03
27.685000	4.165270e-03
27.690000	4.593309e-03
27.695000	5.204979e-03
27.700000	5.524311e-03
27.705000	5.366485e-03
27.710000	4.979445e-03
27.715000	4.625505e-03
27.720000	4.307617e-03
27.725000	3.756440e-03
27.730000	3.179722e-03
27.735000	3.352782e-03
27.740000	3.832995e-03
27.745000	3.802544e-03
27.750000	3.420505e-03
27.755000	3.238249e-03
27.760000	3.530652e-03
27.765000	4.208489e-03
27.770000	5.227226e-03
27.775000	6.539549e-03
27.780000	8.081459e-03
27.785000	9.964752e-03
27.790000	1.176026e-02
27.795000	1.286443e-02
27.800000	1.308485e-02
27.805000	1.249168e-02
27.810000	1.127953e-02
27.815000	9.325603e-03
27.820000	6.271002e-03
27.825000	2.450908e-03
27.830000	-1.403068e-03
27.835000	-4.578089e-03
27.840000	-7.041859e-03
27.845000	-8.835939e-03
27.850000	-9.925764e-03
27.855000	-1.034714e-02
27.860000	-1.019239e-02
27.865000	-9.958016e-03
27.870000	-1.003576e-02
27.875000	-1.027885e-02
27.880000	-1.037098e-02
27.885000	-9.916519e-03
27.890000	-9.219767e-03
27.895000	-8.779149e-03
27.900000	-8.522716e-03
27.905000	-8.240112e-03
27.910000	-8.173997e-03
27.915000	-8.264495e-03
27.920000	-8.120018e-03
27.925000	-6.982232e-03
27.930000	-4.979051e-03
27.935000	-2.926271e-03
27.940000	-1.168583e-03
27.945000	4.488937e-04
27.950000	2.073634e-03
27.955000	3.665733e-03
27.960000	5.133698e-03
27.965000	6.324299e-03
27.970000	6.986910e-03
27.975000	6.819279e-03
27.980000	5.856311e-03
27.985000	4.827158e-03
27.990000	3.896593e-03
27.995000	2.567032e-03
28.000000	8.514919e-04
28.005000	-8.644580e-04
28.010000	-2.251536e-03
28.015000	-3.438977e-03
28.020000	-4.650439e-03
28.025000	-5.697316e-03
28.030000	-6.410191e-03
28.035000	-7.205751e-03
28.040000	-8.226787e-03
28.045000	-9.265476e-03
28.050000	-1.006929e-02
28.055000	-1.055236e-02
28.060000	-1.057086e-02
28.065000	-1.031347e-02
28.070000	-1.003841e-02
28.075000	-9.882671e-03
28.080000	-9.733357e-03
28.085000	-9.101307e-03
28.090000	-8.292835e-03
28.095000	-7.938129e-03
28.100000	-7.538438e-03
28.105000	-6.430280e-03
28.110000	-4.422669e-03
28.115000	-2.209482e-03
28.120000	-4.533051e-04
28.125000	8.559920e-04
28.130000	1.902810e-03
28.135000	2.374545e-03
28.140000	2.394745e-03
28.145000	2.292759e-03
28.150000	2.714306e-03
28.155000	3.658852e-03
28.160000	3.257796e-03
28.165000	1.690394e-03
28.170000	5.693948e-04
28.175000	1.405040e-03
28.180000	3.972431e-03
28.185000	5.239481e-03
28.190000	4.583021e-03
28.195000	3.326390e-03
28.200000	3.196076e-03
28.205000	4.571752e-03
28.210000	6.682888e-03
28.215000	8.057678e-03
28.220000	7.322948e-03
28.225000	6.157879e-03
28.230000	5.879837e-03
28.235000	3.633659e-03
28.240000	-1.787422e-04
28.245000	-2.619273e-03
28.250000	-2.724417e-03
28.255000	-1.678173e-03
28.260000	-2.685157e-03
28.265000	-5.676431e-03
28.270000	-8.401810e-03
28.275000	-8.515658e-03
28.280000	-6.608233e-03
28.285000	-4.966644e-03
28.290000	-4.322280e-03
28.295000	-3.877186e-03
28.300000	-2.488465e-03
28.305000	-2.813472e-04
28.310000	1.461302e-03
28.315000	2.394086e-03
28.320000	3.025595e-03
28.325000	3.614673e-03
28.330000	4.042348e-03
28.335000	4.450157e-03
28.340000	4.973256e-03
28.345000	5.632226e-03
28.350000	6.464877e-03
28.355000	7.430962e-03
28.360000	7.772278e-03
28.365000	6.938444e-03
28.370000	5.557238e-03
28.375000	4.375101e-03
28.380000	3.408436e-03
28.385000	2.308331e-03
28.390000	8.558402e-04
28.395000	-6.486060e-04
28.400000	-1.582718e-03
28.405000	-1.915038e-03
28.410000	-1.987260e-03
28.415000	-2.073039e-03
28.420000	-2.341148e-03
28.425000	-3.118871e-03
28.430000	-4.428856e-03
28.435000	-5.972000e-03
28.440000	-6.894223e-03
28.445000	-7.242555e-03
28.450000	-7.490001e-03
28.455000	-7.544509e-03
28.460000	-7.057669e-03
28.465000	-5.894135e-03
28.470000	-4.455806e-03
28.475000	-3.132017e-03
28.480000	-1.566826e-03
28.485000	5.160030e-04
28.490000	2.229996e-03
28.495000	3.102088e-03
28.500000	3.449775e-03
28.505000	3.835865e-03
28.510000	4.363514e-03
28.515000	4.533953e-03
28.520000	4.260382e-03
28.525000	4.036042e-03
28.530000	3.786530e-03
28.535000	3.226840e-03
28.540000	2.663573e-03
28.545000	2.250631e-03
28.550000	1.705572e-03
28.555000	9.325529e-04
28.560000	6.470467e-05
28.565000	-7.658423e-04
28.570000	-1.725250e-03
28.575000	-3.244347e-03
28.580000	-5.321534e-03
28.585000	-7.549862e-03
28.590000	-8.957375e-03
28.595000	-9.526520e-03
28.600000	-9.750434e-03
28.605000	-9.297400e-03
28.610000	-7.661376e-03
28.615000	-5.249345e-03
28.620000	-2.582846e-03
28.625000	4.243938e-04
28.630000	3.247911e-03
28.635000	5.385154e-03
28.640000	6.970081e-03
28.645000	8.156503e-03
28.650000	8.761066e-03
28.655000	8.934621e-03
28.660000	8.907785e-03
28.665000	9.116116e-03
28.670000	9.598508e-03
28.675000	1.001675e-02
28.680000	1.010580e-02
28.685000	9.792260e-03
28.690000	9.070468e-03
28.695000	8.075986e-03
28.700000	6.878251e-03
28.705000	5.541269e-03
28.710000	4.133513e-03
28.715000	2.788290e-03
28.720000	1.683587e-03
28.725000	1.063509e-03
28.730000	3.408842e-04
28.735000	-1.133981e-03
28.740000	-2.842324e-03
28.745000	-4.181252e-03
28.750000	-5.105475e-03
28.755000	-6.001267e-03
28.760000	-7.064008e-03
28.765000	-8.045553e-03
28.770000	-8.763750e-03
28.775000	-9.166731e-03
28.780000	-9.329081e-03
28.785000	-9.254494e-03
28.790000	-8.578780e-03
28.795000	-7.410823e-03
28.800000	-6.019746e-03
28.805000	-4.867886e-03
28.810000	-4.141266e-03
28.815000	-3.595729e-03
28.820000	-3.010670e-03
28.825000	-2.264913e-03
28.830000	-9.221606e-04
28.835000	7.102924e-04
28.840000	1.536636e-03
28.845000	1.605306e-03
28.850000	1.494513e-03
28.855000	1.447600e-03
28.860000	1.297184e-03
28.865000	6.017227e-04
28.870000	-7.340032e-04
28.875000	-2.545314e-03
28.880000	-4.367411e-03
28.885000	-5.805060e-03
28.890000	-6.515960e-03
28.895000	-6.735217e-03
28.900000	-6.789974e-03
28.905000	-6.675801e-03
28.910000	-6.356385e-03
28.915000	-6.055630e-03
28.920000	-5.873371e-03
28.925000	-5.751354e-03
28.930000	-5.607112e-03
28.935000	-5.432204e-03
28.940000	-5.245300e-03
28.945000	-5.370379e-03
28.950000	-6.136722e-03
28.955000	-7.097123e-03
28.960000	-7.725875e-03
28.965000	-7.780245e-03
28.970000	-7.370742e-03
28.975000	-6.606949e-03
28.980000	-5.067671e-03
28.985000	-2.609144e-03
28.990000	4.279633e-04
28.995000	3.463629e-03
29.000000	6.218349e-03
29.005000	8.201260e-03
29.010000	9.167687e-03
29.015000	9.590001e-03
29.020000	9.804308e-03
29.025000	9.444230e-03
29.030000	8.311794e-03
29.035000	6.684857e-03
29.040000	5.378577e-03
29.045000	4.585234e-03
29.050000	4.175978e-03
29.055000	4.307771e-03
29.060000	5.098794e-03
29.065000	6.027897e-03
29.070000	6.342608e-03
29.075000	5.176218e-03
29.080000	3.435720e-03
29.085000	2.151588e-03
29.090000	1.096447e-03
29.095000	2.670388e-07
29.100000	-8.975635e-04
29.105000	-1.240872e-03
29.110000	-9.595641e-04
29.115000	-6.616065e-04
29.120000	-8.802887e-04
29.125000	-2.032862e-03
29.130000	-3.840135e-03
29.135000	-5.886713e-03
29.140000	-7.949060e-03
29.145000	-9.764370e-03
29.150000	-1.101894e-02
29.155000	-1.162639e-02
29.160000	-1.180357e-02
29.165000	-1.156610e-02
29.170000	-1.077615e-02
29.175000	-9.325269e-03
29.180000	-7.604432e-03
29.185000	-6.071827e-03
29.190000	-5.694669e-03
29.195000	-6.292007e-03
29.200000	-7.409675e-03
29.205000	-8.606308e-03
29.210000	-9.749651e-03
29.215000	-1.084707e-02
29.220000	-1.166453e-02
29.225000	-1.185303e-02
29.230000	-1.152852e-02
29.235000	-1.083947e-02
29.240000	-9.778353e-03
29.245000	-8.568040e-03
29.250000	-7.551883e-03
29.255000	-6.897241e-03
29.260000	-6.531036e-03
29.265000	-6.147762e-03
29.270000	-5.793225e-03
29.275000	-5.863322e-03
29.280000	-6.039668e-03
29.285000	-5.822553e-03
29.290000	-4.891875e-03
29.295000	-3.489610e-03
29.300000	-2.152646e-03
29.305000	-8.754003e-04
29.310000	6.162627e-04
29.315000	1.803853e-03
29.320000	2.457737e-03
29.325000	2.953198e-03
29.330000	3.519786e-03
29.335000	4.046721e-03
29.340000	4.217820e-03
29.345000	3.938995e-03
29.350000	3.555077e-03
29.355000	3.175475e-03
29.360000	2.549205e-03
29.365000	1.177276e-03
29.370000	-8.557669e-04
29.375000	-3.107811e-03
29.380000	-4.710850e-03
29.385000	-4.923388e-03
29.390000	-3.977680e-03
29.395000	-2.713116e-03
29.400000	-2.096523e-03
29.405000	-1.714868e-03
29.410000	-7.153743e-04
29.415000	5.008392e-04
29.420000	1.159019e-03
29.425000	8.014278e-04
29.430000	-4.440795e-05
29.435000	-7.451906e-04
29.440000	-1.374338e-03
29.445000	-2.177312e-03
29.450000	-2.680914e-03
29.455000	-2.470929e-03
29.460000	-1.468864e-03
29.465000	4.767985e-05
29.470000	1.721210e-03
29.475000	2.213801e-03
29.480000	1.655385e-03
29.485000	8.366652e-04
29.490000	5.170851e-05
29.495000	-8.485435e-04
29.500000	-1.702233e-03
29.505000	-2.281151e-03
29.510000	-2.451667e-03
29.515000	-2.153123e-03
29.520000	-1.409468e-03
29.525000	-6.984454e-04
29.530000	-3.249278e-04
29.535000	-2.657409e-04
29.540000	-6.698153e-05
29.545000	3.851635e-04
29.550000	4.013881e-04
29.555000	-7.683016e-05
29.560000	-5.783283e-04
29.565000	-8.927252e-04
29.570000	-1.111640e-03
29.575000	-1.217712e-03
29.580000	-1.199739e-03
29.585000	-1.080430e-03
29.590000	-1.087720e-03
29.595000	-1.326915e-03
29.600000	-1.586737e-03
29.605000	-1.347907e-03
29.610000	-2.373098e-04
29.615000	1.119876e-03
29.620000	2.158384e-03
29.625000	2.576678e-03
29.630000	2.843845e-03
29.635000	3.481018e-03
29.640000	4.185334e-03
29.645000	4.507618e-03
29.650000	4.392585e-03
29.655000	4.102035e-03
29.660000	3.814193e-03
29.665000	3.601108e-03
29.670000	3.425967e-03
29.675000	3.206319e-03
29.680000	2.975696e-03
29.685000	2.833496e-03
29.690000	2.864155e-03
29.695000	3.075369e-03
29.700000	3.370870e-03
29.705000	3.632714e-03
29.710000	3.840433e-03
29.715000	4.514849e-03
29.720000	5.894181e-03
29.725000	7.204383e-03
29.730000	7.977184e-03
29.735000	8.178782e-03
29.740000	7.860666e-03
29.745000	7.000499e-03
29.750000	5.477889e-03
29.755000	3.285496e-03
29.760000	5.032388e-04
29.765000	-2.035297e-03
29.770000	-3.722003e-03
29.775000	-4.331772e-03
29.780000	-4.322892e-03
29.785000	-3.865241e-03
29.790000	-2.785851e-03
29.795000	-1.298035e-03
29.800000	-1.402373e-04
29.805000	7.129193e-06
29.810000	-1.298691e-03
29.815000	-3.433581e-03
29.820000	-5.376819e-03
29.825000	-6.179635e-03
29.830000	-5.853031e-03
29.835000	-4.882131e-03
29.840000	-3.655870e-03
29.845000	-2.284859e-03
29.850000	-9.997335e-04
29.855000	1.213201e-04
29.860000	1.006785e-03
29.865000	1.478001e-03
29.870000	1.479181e-03
29.875000	1.060468e-03
29.880000	3.343004e-04
29.885000	-6.451425e-04
29.890000	-1.152348e-03
29.895000	-9.516694e-04
29.900000	-4.654357e-04
29.905000	1.634144e-04
29.910000	1.197150e-03
29.915000	2.208701e-03
29.920000	2.944154e-03
29.925000	3.681580e-03
29.930000	4.716075e-03
29.935000	6.078251e-03
29.940000	7.342524e-03
29.945000	8.316420e-03
29.950000	9.118603e-03
29.955000	9.752375e-03
29.960000	1.005697e-02
29.965000	1.010822e-02
29.970000	9.946401e-03
29.975000	9.291513e-03
29.980000	8.195957e-03
29.985000	6.931741e-03
29.990000	5.871077e-03
29.995000	5.357195e-03
30.000000	5.505415e-03
30.005000	5.841730e-03
30.010000	5.881830e-03
30.015000	4.555767e-03
30.020000	2.541377e-03
30.025000	1.148122e-03
30.030000	2.621295e-04
30.035000	-7.171341e-04
30.040000	-1.442585e-03
30.045000	-1.437433e-03
30.050000	-6.213395e-04
30.055000	1.996769e-05
30.060000	1.090212e-04
30.065000	2.974756e-04
30.070000	9.731126e-04
30.075000	1.959391e-03
30.080000	2.847478e-03
30.085000	3.528068e-03
30.090000	4.220799e-03
30.095000	4.813541e-03
30.100000	4.707446e-03
30.105000	3.497798e-03
30.110000	1.547764e-03
30.115000	7.374647e-04
30.120000	9.758671e-04
30.125000	9.016282e-04
30.130000	-1.071803e-04
30.135000	-1.507737e-03
30.140000	-1.696992e-03
30.145000	-8.520481e-04
30.150000	-1.844984e-04
30.155000	-3.118502e-04
30.160000	-8.098865e-04
30.165000	-2.257808e-04
30.170000	1.294848e-03
30.175000	2.625781e-03
30.180000	3.168025e-03
30.185000	3.234495e-03
30.190000	3.808597e-03
30.195000	4.929891e-03
30.200000	5.995456e-03
30.205000	6.933109e-03
30.210000	7.997583e-03
30.215000	9.017968e-03
30.220000	9.795377e-03
30.225000	1.030719e-02
30.230000	1.057851e-02
30.235000	1.046136e-02
30.240000	9.580751e-03
30.245000	7.893152e-03
30.250000	5.611870e-03
30.255000	3.253324e-03
30.260000	1.225297e-03
30.265000	1.904830e-04
30.270000	-2.676383e-04
30.275000	-8.653931e-04
30.280000	-1.777569e-03
30.285000	-2.813320e-03
30.290000	-3.979725e-03
30.295000	-5.218701e-03
30.300000	-6.432078e-03
30.305000	-7.621035e-03
30.310000	-8.698343e-03
30.315000	-8.971486e-03
30.320000	-8.728015e-03
30.325000	-8.696494e-03
30.330000	-8.419919e-03
30.335000	-7.241016e-03
30.340000	-5.291550e-03
30.345000	-3.347998e-03
30.350000	-2.081947e-03
30.355000	-1.441905e-03
30.360000	-1.089356e-03
30.365000	-8.848001e-04
30.370000	-9.217055e-04
30.375000	-1.279336e-03
30.380000	-2.086348e-03
30.385000	-3.213370e-03
30.390000	-3.680789e-03
30.395000	-3.395828e-03
30.400000	-2.764337e-03
30.405000	-1.937552e-03
30.410000	-8.817263e-04
30.415000	-9.079746e-05
30.420000	1.252891e-04
30.425000	-2.523923e-04
30.430000	-5.679663e-04
30.435000	-3.747731e-04
30.440000	3.166136e-04
30.445000	1.280186e-03
30.450000	2.373854e-03
30.455000	3.214585e-03
30.460000	3.681868e-03
30.465000	4.516979e-03
30.470000	5.661567e-03
30.475000	5.999214e-03
30.480000	5.867052e-03
30.485000	6.208487e-03
30.490000	6.634666e-03
30.495000	6.512743e-03
30.500000	5.422887e-03
30.505000	4.354003e-03
30.510000	4.486345e-03
30.515000	5.250400e-03
30.520000	5.687283e-03
30.525000	5.278712e-03
30.530000	4.292763e-03
30.535000	3.104217e-03
30.540000	2.215620e-03
30.545000	1.596316e-03
30.550000	7.235862e-04
30.555000	-4.662588e-04
30.560000	-1.680925e-03
30.565000	-2.949085e-03
30.570000	-4.319821e-03
30.575000	-5.627380e-03
30.580000	-6.828362e-03
30.585000	-7.933243e-03
30.590000	-8.618745e-03
30.595000	-8.723250e-03
30.600000	-8.312267e-03
30.605000	-7.360164e-03
30.610000	-5.652731e-03
30.615000	-3.865893e-03
30.620000	-2.513809e-03
30.625000	-1.889877e-03
30.630000	-1.892013e-03
30.635000	-2.401719e-03
30.640000	-3.135076e-03
30.645000	-4.021430e-03
30.650000	-5.084703e-03
30.655000	-5.976101e-03
30.660000	-6.175518e-03
30.665000	-5.364145e-03
30.670000	-3.881784e-03
30.675000	-2.233595e-03
30.680000	-7.380504e-04
30.685000	4.035365e-04
30.690000	1.455845e-03
30.695000	2.440882e-03
30.700000	2.121213e-03
30.705000	9.322789e-04
30.710000	3.905300e-04
30.715000	6.864223e-04
30.720000	1.130381e-03
30.725000	1.289893e-03
30.730000	1.430408e-03
30.735000	2.045871e-03
30.740000	2.737049e-03
30.745000	2.970890e-03
30.750000	2.801126e-03
30.755000	2.561258e-03
30.760000	2.501532e-03
30.765000	2.718310e-03
30.770000	3.236432e-03
30.775000	3.682101e-03
30.780000	3.759755e-03
30.785000	3.359064e-03
30.790000	2.624605e-03
30.795000	1.648125e-03
30.800000	1.040820e-03
30.805000	9.663364e-04
30.810000	1.035559e-03
30.815000	9.581224e-04
30.820000	7.900258e-04
30.825000	6.325426e-04
30.830000	5.583998e-04
30.835000	7.772410e-04
30.840000	1.043197e-03
30.845000	9.320120e-04
30.850000	3.322899e-04
30.855000	-5.444668e-04
30.860000	-1.667631e-03
30.865000	-2.885928e-03
30.870000	-3.930595e-03
30.875000	-4.294311e-03
30.880000	-3.876531e-03
30.885000	-2.875418e-03
30.890000	-1.631003e-03
30.895000	-1.836314e-04
30.900000	1.630972e-03
30.905000	3.733674e-03
30.910000	5.026901e-03
30.915000	5.436602e-03
30.920000	5.448603e-03
30.925000	5.105729e-03
30.930000	4.253929e-03
30.935000	3.280733e-03
30.940000	2.518068e-03
30.945000	2.130398e-03
30.950000	2.153221e-03
30.955000	2.462367e-03
30.960000	2.460479e-03
30.965000	2.100280e-03
30.970000	1.687808e-03
30.975000	1.512275e-03
30.980000	1.554419e-03
30.985000	1.476008e-03
30.990000	1.068755e-03
30.995000	2.291124e-04
31.000000	-6.353427e-04
31.005000	-1.186553e-03
31.010000	-1.482073e-03
31.015000	-1.771712e-03
31.020000	-2.157865e-03
31.025000	-2.769983e-03
31.030000	-3.598669e-03
31.035000	-4.192874e-03
31.040000	-4.362116e-03
31.045000	-4.206125e-03
31.050000	-3.675331e-03
31.055000	-2.685438e-03
31.060000	-1.624855e-03
31.065000	-9.013145e-04
31.070000	-8.264510e-04
31.075000	-4.602304e-04
31.080000	8.925601e-04
31.085000	2.476911e-03
31.090000	3.442785e-03
31.095000	3.461749e-03
31.100000	3.339935e-03
31.105000	3.737279e-03
31.110000	4.503000e-03
31.115000	5.221281e-03
31.120000	5.724287e-03
31.125000	6.399723e-03
31.130000	7.694697e-03
31.135000	9.412879e-03
31.140000	1.103981e-02
31.145000	1.173854e-02
31.150000	1.172380e-02
31.155000	1.157185e-02
31.160000	1.100755e-02
31.165000	9.774151e-03
31.170000	7.844865e-03
31.175000	5.772710e-03
31.180000	4.099116e-03
31.185000	2.628026e-03
31.190000	1.107289e-03
31.195000	-2.851108e-04
31.200000	-1.083954e-03
31.205000	-1.112507e-03
31.210000	-4.854629e-04
31.215000	5.166160e-04
31.220000	1.550796e-03
31.225000	2.680518e-03
31.230000	4.080684e-03
31.235000	5.043282e-03
31.240000	5.200080e-03
31.245000	4.398862e-03
31.250000	2.999330e-03
31.255000	1.429721e-03
31.260000	4.899867e-04
31.265000	2.444891e-04
31.270000	1.119131e-04
31.275000	-4.268582e-04
31.280000	-1.319352e-03
31.285000	-1.959473e-03
31.290000	-2.180495e-03
31.295000	-2.321052e-03
31.300000	-2.490827e-03
31.305000	-2.530150e-03
31.310000	-2.153594e-03
31.315000	-1.392108e-03
31.320000	-5.498920e-04
31.325000	1.647699e-04
31.330000	7.176615e-04
31.335000	9.809833e-04
31.340000	1.024244e-03
31.345000	1.129645e-03
31.350000	1.271054e-03
31.355000	1.229716e-03
31.360000	9.315263e-04
31.365000	4.056811e-04
31.370000	-3.962243e-04
31.375000	-1.390839e-03
31.380000	-2.475879e-03
31.385000	-3.259753e-03
31.390000	-3.444822e-03
31.395000	-2.856381e-03
31.400000	-2.486018e-03
31.405000	-3.069372e-03
31.410000	-4.263694e-03
31.415000	-5.527493e-03
31.420000	-6.680131e-03
31.425000	-7.659734e-03
31.430000	-8.398518e-03
31.435000	-8.621381e-03
31.440000	-8.357661e-03
31.445000	-7.571151e-03
31.450000	-6.545428e-03
31.455000	-5.512035e-03
31.460000	-4.249217e-03
31.465000	-2.817981e-03
31.470000	-1.799311e-03
31.475000	-1.109413e-03
31.480000	-3.836463e-04
31.485000	2.817164e-04
31.490000	7.667592e-04
31.495000	1.316875e-03
31.500000	2.364725e-03
31.505000	4.158634e-03
31.510000	5.757580e-03
31.515000	6.533637e-03
31.520000	6.869834e-03
31.525000	6.853673e-03
31.530000	6.063709e-03
31.535000	4.940750e-03
31.540000	3.894073e-03
31.545000	2.709360e-03
31.550000	1.345777e-03
31.555000	1.036031e-04
31.560000	-5.565325e-04
31.565000	-6.414763e-04
31.570000	-2.171144e-04
31.575000	3.534762e-04
31.580000	7.388003e-04
31.585000	1.024103e-03
31.590000	1.291643e-03
31.595000	1.055773e-03
31.600000	3.489234e-04
31.605000	-4.201018e-04
31.610000	-7.283998e-04
31.615000	-5.332881e-04
31.620000	-5.400580e-04
31.625000	-8.422047e-04
31.630000	-9.766959e-04
31.635000	-5.398613e-04
31.640000	4.907221e-04
31.645000	1.874686e-03
31.650000	3.298863e-03
31.655000	4.635347e-03
31.660000	5.718233e-03
31.665000	6.430754e-03
31.670000	6.592748e-03
31.675000	6.376432e-03
31.680000	6.315535e-03
31.685000	6.509148e-03
31.690000	6.736314e-03
31.695000	6.620734e-03
31.700000	6.295606e-03
31.705000	6.328132e-03
31.710000	6.668737e-03
31.715000	6.953003e-03
31.720000	7.082019e-03
31.725000	7.233868e-03
31.730000	7.615617e-03
31.735000	8.183562e-03
31.740000	8.802327e-03
31.745000	9.211008e-03
31.750000	9.362498e-03
31.755000	9.243385e-03
31.760000	8.838707e-03
31.765000	8.119930e-03
31.770000	7.398175e-03
31.775000	6.797037e-03
31.780000	6.043632e-03
31.785000	5.062578e-03
31.790000	3.978969e-03
31.795000	2.695073e-03
31.800000	1.424136e-03
31.805000	8.388022e-04
31.810000	8.809348e-04
31.815000	1.224451e-03
31.820000	1.576636e-03
31.825000	1.948809e-03
31.830000	2.642962e-03
31.835000	3.515116e-03
31.840000	4.181933e-03
31.845000	4.599999e-03
31.850000	4.817563e-03
31.855000	4.445695e-03
31.860000	3.651263e-03
31.865000	2.896427e-03
31.870000	2.496223e-03
31.875000	2.367142e-03
31.880000	1.977427e-03
31.885000	1.123165e-03
31.890000	2.749708e-05
31.895000	-3.840165e-04
31.900000	8.885094e-05
31.905000	1.163930e-03
31.910000	2.440605e-03
31.915000	3.760118e-03
31.920000	4.715449e-03
31.925000	5.136732e-03
31.930000	5.476801e-03
31.935000	6.024980e-03
31.940000	6.679826e-03
31.945000	6.962174e-03
31.950000	6.648098e-03
31.955000	5.870135e-03
31.960000	4.865308e-03
31.965000	3.824307e-03
31.970000	3.160876e-03
31.975000	3.114840e-03
31.980000	3.657507e-03
31.985000	4.286827e-03
31.990000	4.505348e-03
31.995000	4.209824e-03
32.000000	3.555256e-03
32.005000	2.659597e-03
32.010000	1.661883e-03
32.015000	8.671299e-04
32.020000	-1.794409e-05
32.025000	-1.299514e-03
32.030000	-2.606439e-03
32.035000	-3.706943e-03
32.040000	-4.806353e-03
32.045000	-5.728610e-03
32.050000	-6.190873e-03
32.055000	-6.175706e-03
32.060000	-5.943593e-03
32.065000	-5.592022e-03
32.070000	-5.158852e-03
32.075000	-4.598929e-03
32.080000	-3.391504e-03
32.085000	-1.676412e-03
32.090000	-3.563030e-04
32.095000	5.485232e-04
32.100000	1.487257e-03
32.105000	2.153277e-03
32.110000	2.301720e-03
32.115000	1.989170e-03
32.120000	1.315809e-03
32.125000	2.820349e-04
32.130000	-7.333747e-04
32.135000	-1.543137e-03
32.140000	-2.223562e-03
32.145000	-2.729479e-03
32.150000	-2.878161e-03
32.155000	-2.844757e-03
32.160000	-2.867953e-03
32.165000	-3.164626e-03
32.170000	-3.591098e-03
32.175000	-3.918741e-03
32.180000	-4.130018e-03
32.185000	-4.305156e-03
32.190000	-4.337356e-03
32.195000	-4.432680e-03
32.200000	-4.892438e-03
32.205000	-5.247656e-03
32.210000	-5.143926e-03
32.215000	-5.072988e-03
32.220000	-5.301960e-03
32.225000	-5.639990e-03
32.230000	-5.798961e-03
32.235000	-5.669453e-03
32.240000	-5.103276e-03
32.245000	-4.478971e-03
32.250000	-4.258315e-03
32.255000	-4.193342e-03
32.260000	-3.949771e-03
32.265000	-3.602487e-03
32.270000	-3.232436e-03
32.275000	-2.682772e-03
32.280000	-1.937750e-03
32.285000	-1.078150e-03
32.290000	-3.450771e-05
32.295000	1.142768e-03
32.300000	2.184289e-03
32.305000	3.045587e-03
32.310000	3.783496e-03
32.315000	4.230671e-03
32.320000	4.295557e-03
32.325000	3.709772e-03
32.330000	2.614039e-03
32.335000	1.330140e-03
32.340000	2.792373e-04
32.345000	-3.938025e-04
32.350000	-6.840525e-04
32.355000	-9.060575e-04
32.360000	-1.261838e-03
32.365000	-1.703285e-03
32.370000	-2.120158e-03
32.375000	-2.551376e-03
32.380000	-2.833085e-03
32.385000	-2.736615e-03
32.390000	-2.580527e-03
32.395000	-2.587408e-03
32.400000	-2.525222e-03
32.405000	-2.306468e-03
32.410000	-2.016790e-03
32.415000	-1.306323e-03
32.420000	-8.242361e-05
32.425000	1.530239e-03
32.430000	3.079479e-03
32.435000	4.037027e-03
32.440000	4.615368e-03
32.445000	5.184524e-03
32.450000	5.556486e-03
32.455000	5.521890e-03
32.460000	5.184362e-03
32.465000	4.690455e-03
32.470000	4.090141e-03
32.475000	3.454912e-03
32.480000	2.621178e-03
32.485000	1.187198e-03
32.490000	-4.591570e-04
32.495000	-1.830764e-03
32.500000	-3.023054e-03
32.505000	-3.830625e-03
32.510000	-3.783032e-03
32.515000	-3.272060e-03
32.520000	-2.737555e-03
32.525000	-2.386871e-03
32.530000	-1.982980e-03
32.535000	-1.166965e-03
32.540000	-7.830788e-05
32.545000	9.045175e-04
32.550000	1.287344e-03
32.555000	1.068739e-03
32.560000	2.203771e-04
32.565000	-8.618296e-04
32.570000	-1.752464e-03
32.575000	-1.956343e-03
32.580000	-1.719786e-03
32.585000	-1.396148e-03
32.590000	-1.080076e-03
32.595000	-6.989977e-04
32.600000	-3.413617e-04
32.605000	2.454921e-05
32.610000	6.176344e-04
32.615000	1.018884e-03
32.620000	8.324461e-04
32.625000	2.503819e-04
32.630000	-3.419407e-04
32.635000	-6.466337e-04
32.640000	-6.163479e-04
32.645000	-3.825734e-04
32.650000	-2.413067e-04
32.655000	-2.460121e-04
32.660000	-2.832062e-04
32.665000	-4.295941e-04
32.670000	-8.063108e-04
32.675000	-1.384410e-03
32.680000	-2.018672e-03
32.685000	-2.502848e-03
32.690000	-2.726943e-03
32.695000	-2.705091e-03
32.700000	-2.466939e-03
32.705000	-2.018970e-03
32.710000	-1.204013e-03
32.715000	-3.536359e-04
32.720000	2.144644e-04
32.725000	6.929648e-04
32.730000	1.180842e-03
32.735000	1.396997e-03
32.740000	1.120382e-03
32.745000	4.289102e-04
32.750000	-2.715682e-04
32.755000	-8.274321e-04
32.760000	-1.316794e-03
32.765000	-1.535525e-03
32.770000	-1.327515e-03
32.775000	-1.067578e-03
32.780000	-1.078997e-03
32.785000	-1.483411e-03
32.790000	-1.890672e-03
32.795000	-2.003126e-03
32.800000	-1.920290e-03
32.805000	-1.942271e-03
32.810000	-2.351056e-03
32.815000	-3.059813e-03
32.820000	-3.801625e-03
32.825000	-4.163293e-03
32.830000	-4.113972e-03
32.835000	-3.653913e-03
32.840000	-2.790094e-03
32.845000	-1.612065e-03
32.850000	-6.179529e-04
32.855000	-2.347236e-04
32.860000	-8.609873e-04
32.865000	-2.156066e-03
32.870000	-3.495242e-03
32.875000	-3.811825e-03
32.880000	-3.411171e-03
32.885000	-3.095046e-03
32.890000	-2.822091e-03
32.895000	-2.195795e-03
32.900000	-1.424971e-03
32.905000	-8.901202e-04
32.910000	-8.300612e-04
32.915000	-8.018380e-04
32.920000	-4.316818e-04
32.925000	3.300509e-05
32.930000	2.929269e-04
32.935000	3.072310e-04
32.940000	2.115488e-04
32.945000	1.166005e-04
32.950000	1.476468e-04
32.955000	2.502993e-04
32.960000	2.631355e-04
32.965000	5.179444e-04
32.970000	1.258172e-03
32.975000	1.914762e-03
32.980000	2.043392e-03
32.985000	1.566881e-03
32.990000	7.317122e-04
32.995000	-2.453108e-04
33.000000	-1.114349e-03
33.005000	-1.720071e-03
33.010000	-1.861718e-03
33.015000	-2.017919e-03
33.020000	-2.584774e-03
33.025000	-3.259135e-03
33.030000	-3.690000e-03
33.035000	-3.824336e-03
33.040000	-3.944117e-03
33.045000	-4.207246e-03
33.050000	-4.308293e-03
33.055000	-4.180393e-03
33.060000	-4.203799e-03
33.065000	-4.703179e-03
33.070000	-5.619390e-03
33.075000	-6.470115e-03
33.080000	-7.099015e-03
33.085000	-7.696193e-03
33.090000	-8.311511e-03
33.095000	-8.864492e-03
33.100000	-9.413426e-03
33.105000	-9.742063e-03
33.110000	-9.270778e-03
33.115000	-8.032531e-03
33.120000	-6.457504e-03
33.125000	-5.133468e-03
33.130000	-4.222126e-03
33.135000	-3.703098e-03
33.140000	-3.310862e-03
33.145000	-2.909087e-03
33.150000	-2.286486e-03
33.155000	-1.485134e-03
33.160000	-7.626787e-04
33.165000	-3.541398e-04
33.170000	-3.735207e-04
33.175000	-7.313784e-04
33.180000	-1.232231e-03
33.185000	-1.738384e-03
33.190000	-1.987223e-03
33.195000	-1.696025e-03
33.200000	-1.015529e-03
33.205000	-2.653295e-04
33.210000	2.837107e-04
33.215000	3.376678e-04
33.220000	-3.182812e-04
33.225000	-9.349535e-04
33.230000	-1.025125e-03
33.235000	-4.540775e-04
33.240000	4.487773e-04
33.245000	1.407488e-03
33.250000	2.179271e-03
33.255000	2.721341e-03
33.260000	3.020382e-03
33.265000	3.326114e-03
33.270000	3.854944e-03
33.275000	4.062789e-03
33.280000	3.546078e-03
33.285000	2.690461e-03
33.290000	1.915122e-03
33.295000	1.249875e-03
33.300000	6.527707e-04
33.305000	1.500573e-04
33.310000	-1.493431e-04
33.315000	-3.915397e-04
33.320000	-7.866609e-04
33.325000	-1.152122e-03
33.330000	-1.317564e-03
33.335000	-1.507722e-03
33.340000	-1.889589e-03
33.345000	-2.444951e-03
33.350000	-3.300377e-03
33.355000	-4.487031e-03
33.360000	-5.416908e-03
33.365000	-5.919138e-03
33.370000	-6.233810e-03
33.375000	-6.428307e-03
33.380000	-6.401998e-03
33.385000	-6.300358e-03
33.390000	-6.182265e-03
33.395000	-5.943015e-03
33.400000	-5.133247e-03
33.405000	-3.627502e-03
33.410000	-2.270307e-03
33.415000	-1.408271e-03
33.420000	-8.309827e-04
33.425000	-3.313754e-04
33.430000	9.985618e-05
33.435000	5.342611e-04
33.440000	9.424398e-04
33.445000	1.186006e-03
33.450000	1.113855e-03
33.455000	7.506753e-04
33.460000	4.270912e-04
33.465000	2.715497e-04
33.470000	1.924040e-04
33.475000	3.758555e-04
33.480000	9.228925e-04
33.485000	1.132734e-03
33.490000	8.146887e-04
33.495000	5.055149e-04
33.500000	6.388604e-04
33.505000	1.122823e-03
33.510000	1.414795e-03
33.515000	1.406535e-03
33.520000	1.455405e-03
33.525000	1.704686e-03
33.530000	2.061667e-03
33.535000	2.623085e-03
33.540000	3.356759e-03
33.545000	4.000106e-03
33.550000	4.398952e-03
33.555000	4.487957e-03
33.560000	4.072734e-03
33.565000	3.231263e-03
33.570000	2.174583e-03
33.575000	1.231631e-03
33.580000	6.359709e-04
33.585000	1.689221e-04
33.590000	-3.494348e-04
33.595000	-8.215115e-04
33.600000	-1.156905e-03
33.605000	-1.297275e-03
33.610000	-8.857103e-04
33.615000	-4.392865e-05
33.620000	3.811929e-04
33.625000	2.645162e-04
33.630000	5.942760e-05
33.635000	2.537746e-04
33.640000	7.988742e-04
33.645000	1.419787e-03
33.650000	1.745248e-03
33.655000	1.555987e-03
33.660000	9.791611e-04
33.665000	1.721564e-04
33.670000	-6.247466e-04
33.675000	-1.349053e-03
33.680000	-2.057923e-03
33.685000	-2.733764e-03
33.690000	-3.362230e-03
33.695000	-3.996682e-03
33.700000	-4.572930e-03
33.705000	-4.955941e-03
33.710000	-5.048846e-03
33.715000	-4.958380e-03
33.720000	-4.900345e-03
33.725000	-4.856044e-03
33.730000	-4.682289e-03
33.735000	-4.428407e-03
33.740000	-4.111199e-03
33.745000	-3.307840e-03
33.750000	-2.161744e-03
33.755000	-1.117237e-03
33.760000	-1.637198e-04
33.765000	8.550890e-04
33.770000	1.609831e-03
33.775000	2.098020e-03
33.780000	2.564800e-03
33.785000	2.889896e-03
33.790000	2.855732e-03
33.795000	2.478886e-03
33.800000	2.035687e-03
33.805000	1.770260e-03
33.810000	1.789574e-03
33.815000	2.060126e-03
33.820000	2.452594e-03
33.825000	2.883092e-03
33.830000	3.395410e-03
33.835000	3.935301e-03
33.840000	4.454423e-03
33.845000	5.214228e-03
33.850000	6.018272e-03
33.855000	6.106740e-03
33.860000	5.929691e-03
33.865000	6.160223e-03
33.870000	6.314504e-03
33.875000	5.970212e-03
33.880000	5.365042e-03
33.885000	4.756969e-03
33.890000	4.157038e-03
33.895000	3.887561e-03
33.900000	3.984920e-03
33.905000	4.100672e-03
33.910000	4.020876e-03
33.915000	3.765004e-03
33.920000	3.358509e-03
33.925000	2.987441e-03
33.930000	3.027646e-03
33.935000	3.276446e-03
33.940000	3.347646e-03
33.945000	2.979584e-03
33.950000	2.251786e-03
33.955000	1.341723e-03
33.960000	5.825775e-04
33.965000	1.607912e-04
33.970000	-2.625988e-04
33.975000	-1.008855e-03
33.980000	-2.156021e-03
33.985000	-3.272182e-03
33.990000	-4.023622e-03
33.995000	-4.330231e-03
34.000000	-4.270163e-03
34.005000	-3.842684e-03
34.010000	-3.169202e-03
34.015000	-2.315322e-03
34.020000	-9.473742e-04
34.025000	6.477298e-04
34.030000	1.385171e-03
34.035000	1.128469e-03
34.040000	8.688772e-04
34.045000	5.375766e-04
34.050000	2.478779e-04
34.055000	4.912850e-04
34.060000	1.082074e-03
34.065000	1.624965e-03
34.070000	1.837637e-03
34.075000	1.700078e-03
34.080000	1.197747e-03
34.085000	4.210097e-04
34.090000	-6.400453e-04
34.095000	-1.811833e-03
34.100000	-2.775868e-03
34.105000	-3.107287e-03
34.110000	-2.935526e-03
34.115000	-2.636069e-03
34.120000	-2.747874e-03
34.125000	-3.234750e-03
34.130000	-3.656447e-03
34.135000	-3.607426e-03
34.140000	-3.124336e-03
34.145000	-2.747806e-03
34.150000	-2.675632e-03
34.155000	-2.689978e-03
34.160000	-2.441897e-03
34.165000	-1.845729e-03
34.170000	-1.029238e-03
34.175000	-1.036974e-04
34.180000	9.193920e-04
34.185000	2.031374e-03
34.190000	3.168162e-03
34.195000	3.986927e-03
34.200000	4.413142e-03
34.205000	4.671558e-03
34.210000	4.973946e-03
34.215000	5.311161e-03
34.220000	5.481951e-03
34.225000	5.331688e-03
34.230000	4.755306e-03
34.235000	3.872828e-03
34.240000	2.856071e-03
34.245000	1.903420e-03
34.250000	9.263447e-04
34.255000	-3.465444e-04
34.260000	-1.472090e-03
34.265000	-2.050207e-03
34.270000	-2.534219e-03
34.275000	-3.189334e-03
34.280000	-3.826498e-03
34.285000	-4.195500e-03
34.290000	-4.254905e-03
34.295000	-4.137922e-03
34.300000	-4.021058e-03
34.305000	-3.971442e-03
34.310000	-3.919397e-03
34.315000	-3.783415e-03
34.320000	-3.457294e-03
34.325000	-2.993946e-03
34.330000	-2.495585e-03
34.335000	-2.003320e-03
34.340000	-1.555259e-03
34.345000	-1.488458e-03
34.350000	-1.705858e-03
34.355000	-1.923873e-03
34.360000	-2.439112e-03
34.365000	-3.522412e-03
34.370000	-4.687307e-03
34.375000	-5.681009e-03
34.380000	-6.608973e-03
34.385000	-7.060156e-03
34.390000	-6.966513e-03
34.395000	-6.752135e-03
34.400000	-6.467466e-03
34.405000	-5.825165e-03
34.410000	-4.810184e-03
34.415000	-3.619988e-03
34.420000	-2.716000e-03
34.425000	-2.057992e-03
34.430000	-1.339182e-03
34.435000	-6.553744e-04
34.440000	-2.446929e-04
34.445000	-1.305912e-04
34.450000	-2.534616e-04
34.455000	-6.100203e-04
34.460000	-9.194832e-04
34.465000	-1.021332e-03
34.470000	-1.054577e-03
34.475000	-1.141111e-03
34.480000	-1.268174e-03
34.485000	-1.669127e-03
34.490000	-2.449164e-03
34.495000	-3.128884e-03
34.500000	-3.357895e-03
34.505000	-3.154392e-03
34.510000	-3.087992e-03
34.515000	-3.358644e-03
34.520000	-3.309109e-03
34.525000	-2.888257e-03
34.530000	-2.571433e-03
34.535000	-2.284337e-03
34.540000	-1.757717e-03
34.545000	-1.113308e-03
34.550000	-6.365440e-04
34.555000	-5.849169e-04
34.560000	-7.762164e-04
34.565000	-9.644496e-04
34.570000	-1.145753e-03
34.575000	-1.427046e-03
34.580000	-1.903741e-03
34.585000	-2.565740e-03
34.590000	-3.293295e-03
34.595000	-3.743822e-03
34.600000	-3.931018e-03
34.605000	-4.065639e-03
34.610000	-4.081922e-03
34.615000	-3.857489e-03
34.620000	-3.663051e-03
34.625000	-3.469718e-03
34.630000	-2.873911e-03
34.635000	-1.981022e-03
34.640000	-1.157963e-03
34.645000	-7.327999e-04
34.650000	-3.422272e-04
34.655000	6.877616e-04
34.660000	1.893996e-03
34.665000	2.610588e-03
34.670000	2.861117e-03
34.675000	3.057925e-03
34.680000	3.529128e-03
34.685000	4.127341e-03
34.690000	4.563252e-03
34.695000	4.570073e-03
34.700000	4.289283e-03
34.705000	4.112780e-03
34.710000	4.012311e-03
34.715000	3.740464e-03
34.720000	3.491301e-03
34.725000	3.414448e-03
34.730000	3.359058e-03
34.735000	2.982359e-03
34.740000	2.086812e-03
34.745000	1.298090e-03
34.750000	9.993836e-04
34.755000	1.006013e-03
34.760000	7.925293e-04
34.765000	1.709916e-04
34.770000	-5.696565e-04
34.775000	-1.265952e-03
34.780000	-2.062414e-03
34.785000	-2.832087e-03
34.790000	-3.395623e-03
34.795000	-3.826603e-03
34.800000	-4.264536e-03
34.805000	-4.780791e-03
34.810000	-5.249668e-03
34.815000	-5.563823e-03
34.820000	-5.768914e-03
34.825000	-5.853806e-03
34.830000	-5.611751e-03
34.835000	-5.152923e-03
34.840000	-4.664512e-03
34.845000	-4.014389e-03
34.850000	-3.227485e-03
34.855000	-2.668105e-03
34.860000	-2.262001e-03
34.865000	-1.754087e-03
34.870000	-1.132279e-03
34.875000	-6.063896e-04
34.880000	-4.262522e-04
34.885000	-4.796718e-04
34.890000	-6.041050e-04
34.895000	-8.438756e-04
34.900000	-1.245983e-03
34.905000	-1.740302e-03
34.910000	-2.094105e-03
34.915000	-2.114736e-03
34.920000	-1.939751e-03
34.925000	-1.827712e-03
34.930000	-1.976340e-03
34.935000	-2.096586e-03
34.940000	-1.841834e-03
34.945000	-1.309683e-03
34.950000	-9.168902e-04
34.955000	-1.114692e-03
34.960000	-1.630467e-03
34.965000	-2.069261e-03
34.970000	-2.356432e-03
34.975000	-2.611883e-03
34.980000	-2.873826e-03
34.985000	-3.131459e-03
34.990000	-3.351354e-03
34.995000	-3.518996e-03
35.000000	-3.658946e-03
35.005000	-3.813758e-03
35.010000	-3.797989e-03
35.015000	-3.374543e-03
35.020000	-2.680930e-03
35.025000	-1.926104e-03
35.030000	-1.043974e-03
35.035000	-2.559852e-04
35.040000	8.266279e-05
35.045000	1.965516e-04
35.050000	3.291271e-04
35.055000	2.025532e-04
35.060000	-3.065874e-04
35.065000	-1.032185e-03
35.070000	-1.471886e-03
35.075000	-1.547089e-03
35.080000	-1.582244e-03
35.085000	-1.543033e-03
35.090000	-1.119284e-03
35.095000	-3.770442e-04
35.100000	4.547237e-04
35.105000	1.013834e-03
35.110000	1.428075e-03
35.115000	2.057441e-03
35.120000	2.525172e-03
35.125000	2.423986e-03
35.130000	2.054785e-03
35.135000	1.645192e-03
35.140000	1.027935e-03
35.145000	6.266584e-04
35.150000	8.094829e-04
35.155000	1.153467e-03
35.160000	1.396720e-03
35.165000	1.770759e-03
35.170000	2.391052e-03
35.175000	3.168691e-03
35.180000	4.096816e-03
35.185000	5.067492e-03
35.190000	5.794584e-03
35.195000	6.344635e-03
35.200000	6.889983e-03
35.205000	7.319488e-03
35.210000	7.499550e-03
35.215000	7.206778e-03
35.220000	6.526036e-03
35.225000	5.643673e-03
35.230000	4.670210e-03
35.235000	3.750987e-03
35.240000	3.172733e-03
35.245000	2.740177e-03
35.250000	2.172983e-03
35.255000	1.566437e-03
35.260000	1.118441e-03
35.265000	8.945272e-04
35.270000	9.042776e-04
35.275000	1.164024e-03
35.280000	1.217723e-03
35.285000	9.548498e-04
35.290000	7.605603e-04
35.295000	8.242585e-04
35.300000	1.043041e-03
35.305000	1.148354e-03
35.310000	1.042843e-03
35.315000	6.399568e-04
35.320000	1.868965e-04
35.325000	-2.424511e-05
35.330000	-6.203936e-05
35.335000	-1.176674e-04
35.340000	-2.478128e-04
35.345000	-4.323559e-04
35.350000	-6.434088e-04
35.355000	-6.684442e-04
35.360000	-4.589998e-04
35.365000	-7.365039e-05
35.370000	2.807980e-04
35.375000	4.469825e-04
35.380000	5.472943e-04
35.385000	7.426007e-04
35.390000	1.188218e-03
35.395000	1.739007e-03
35.400000	2.182316e-03
35.405000	2.536390e-03
35.410000	2.877089e-03
35.415000	3.048968e-03
35.420000	2.996553e-03
35.425000	2.692330e-03
35.430000	2.240041e-03
35.435000	1.755654e-03
35.440000	1.349449e-03
35.445000	1.000410e-03
35.450000	6.681315e-04
35.455000	4.415127e-04
35.460000	3.915977e-04
35.465000	4.286173e-04
35.470000	4.721005e-04
35.475000	5.402497e-04
35.480000	5.593324e-04
35.485000	4.790860e-04
35.490000	4.547700e-04
35.495000	4.667899e-04
35.500000	3.153706e-04
35.505000	2.049701e-04
35.510000	3.520400e-04
35.515000	5.124295e-04
35.520000	6.104600e-04
35.525000	8.845636e-04
35.530000	1.216732e-03
35.535000	1.424178e-03
35.540000	1.761688e-03
35.545000	2.381527e-03
35.550000	3.295433e-03
35.555000	4.084932e-03
35.560000	4.450506e-03
35.565000	4.364449e-03
35.570000	4.122182e-03
35.575000	4.152321e-03
35.580000	4.268961e-03
35.585000	4.144546e-03
35.590000	3.843798e-03
35.595000	3.662138e-03
35.600000	3.883296e-03
35.605000	4.354557e-03
35.610000	4.776939e-03
35.615000	4.731707e-03
35.620000	4.225493e-03
35.625000	3.550082e-03
35.630000	3.002765e-03
35.635000	2.615170e-03
35.640000	2.214943e-03
35.645000	1.748929e-03
35.650000	1.343220e-03
35.655000	1.019713e-03
35.660000	7.293226e-04
35.665000	5.181630e-04
35.670000	3.433526e-04
35.675000	1.185503e-04
35.680000	-4.440330e-05
35.685000	-7.156989e-05
35.690000	-1.899916e-04
35.695000	-4.498208e-04
35.700000	-7.106979e-04
35.705000	-7.573258e-04
35.710000	-5.903559e-04
35.715000	-6.377132e-04
35.720000	-1.007932e-03
35.725000	-1.534042e-03
35.730000	-2.200053e-03
35.735000	-2.949314e-03
35.740000	-3.412657e-03
35.745000	-3.491724e-03
35.750000	-3.296905e-03
35.755000	-2.995437e-03
35.760000	-2.655568e-03
35.765000	-2.246574e-03
35.770000	-1.904434e-03
35.775000	-1.835791e-03
35.780000	-1.953262e-03
35.785000	-2.023840e-03
35.790000	-1.662997e-03
35.795000	-1.084236e-03
35.800000	-6.951521e-04
35.805000	-3.998665e-04
35.810000	-4.166099e-05
35.815000	7.840530e-05
35.820000	-9.518017e-05
35.825000	-3.725697e-04
35.830000	-5.623625e-04
35.835000	-6.860657e-04
35.840000	-9.153363e-04
35.845000	-1.127654e-03
35.850000	-1.065867e-03
35.855000	-8.229463e-04
35.860000	-5.627113e-04
35.865000	-1.987285e-04
35.870000	1.168360e-04
35.875000	1.373703e-04
35.880000	2.263100e-04
35.885000	5.911808e-04
35.890000	9.587336e-04
35.895000	1.160634e-03
35.900000	1.254153e-03
35.905000	1.198157e-03
35.910000	1.036464e-03
35.915000	1.027014e-03
35.920000	1.181500e-03
35.925000	1.343876e-03
35.930000	1.412850e-03
35.935000	1.422411e-03
35.940000	1.426018e-03
35.945000	1.457913e-03
35.950000	1.530856e-03
35.955000	1.681370e-03
35.960000	1.874385e-03
35.965000	1.959786e-03
35.970000	1.990279e-03
35.975000	2.108807e-03
35.980000	2.173781e-03
35.985000	2.038743e-03
35.990000	1.806215e-03
35.995000	1.562360e-03
36.000000	1.296944e-03
36.005000	1.177057e-03
36.010000	1.222199e-03
36.015000	1.231414e-03
36.020000	1.135716e-03
36.025000	1.012850e-03
36.030000	9.491741e-04
36.035000	9.408161e-04
36.040000	9.450981e-04
36.045000	9.922208e-04
36.050000	1.131504e-03
36.055000	1.185485e-03
36.060000	1.111021e-03
36.065000	1.147899e-03
36.070000	1.289956e-03
36.075000	1.352350e-03
36.080000	1.369842e-03
36.085000	1.438019e-03
36.090000	1.471055e-03
36.095000	1.400904e-03
36.100000	1.246596e-03
36.105000	1.122659e-03
36.110000	1.082207e-03
36.115000	1.164325e-03
36.120000	1.211159e-03
36.125000	1.055296e-03
36.130000	8.735136e-04
36.135000	7.925490e-04
36.140000	6.501778e-04
36.145000	3.675263e-04
36.150000	5.550970e-07
36.155000	-4.252108e-04
36.160000	-8.493864e-04
36.165000	-1.139557e-03
36.170000	-1.285936e-03
36.175000	-1.320006e-03
36.180000	-1.287570e-03
36.185000	-1.178991e-03
36.190000	-9.303738e-04
36.195000	-5.768833e-04
36.200000	-2.007931e-04
36.205000	-7.156098e-05
36.210000	-2.287024e-04
36.215000	-5.940366e-04
36.220000	-9.630050e-04
36.225000	-1.186713e-03
36.230000	-1.293943e-03
36.235000	-1.319306e-03
36.240000	-1.177873e-03
36.245000	-9.177776e-04
36.250000	-6.136785e-04
36.255000	-3.119210e-04
36.260000	-4.371410e-05
36.265000	3.614059e-05
36.270000	-4.737269e-05
36.275000	-1.732479e-04
36.280000	-2.467916e-04
36.285000	-2.622746e-04
36.290000	-1.639488e-04
36.295000	2.217320e-05
36.300000	2.387189e-04
36.305000	4.412659e-04
36.310000	6.203642e-04
36.315000	7.306984e-04
36.320000	8.020403e-04
36.325000	8.895307e-04
36.330000	9.788536e-04
36.335000	1.041616e-03
36.340000	1.111865e-03
36.345000	1.183606e-03
36.350000	1.216453e-03
36.355000	1.174704e-03
36.360000	1.077636e-03
36.365000	1.074803e-03
36.370000	1.146991e-03
36.375000	1.174051e-03
36.380000	1.129078e-03
36.385000	1.044890e-03
36.390000	8.966655e-04
36.395000	7.301361e-04
36.400000	6.197390e-04
36.405000	6.221887e-04
36.410000	7.298016e-04
36.415000	8.374418e-04
36.420000	8.985074e-04
36.425000	9.418850e-04
36.430000	1.029261e-03
36.435000	1.160113e-03
36.440000	1.220070e-03
36.445000	1.178975e-03
36.450000	1.057938e-03
36.455000	9.017116e-04
36.460000	7.410567e-04
36.465000	6.228251e-04
36.470000	5.494602e-04
36.475000	5.020459e-04
36.480000	4.650813e-04
36.485000	4.363424e-04
36.490000	3.843354e-04
36.495000	3.270233e-04
36.500000	3.146631e-04
36.505000	3.315779e-04
36.510000	3.384503e-04
36.515000	3.223478e-04
36.520000	2.846393e-04
36.525000	2.069642e-04
36.530000	7.725703e-05
36.535000	-8.864633e-05
36.540000	-2.221960e-04
36.545000	-3.334877e-04
36.550000	-4.900761e-04
36.555000	-6.533068e-04
36.560000	-7.654532e-04
36.565000	-8.584099e-04
36.570000	-9.552582e-04
36.575000	-1.039437e-03
36.580000	-1.085246e-03
36.585000	-1.081365e-03
36.590000	-1.016006e-03
36.595000	-9.160748e-04
36.600000	-8.114893e-04
36.605000	-7.083339e-04
36.610000	-5.956460e-04
36.615000	-4.633972e-04
36.620000	-3.474903e-04
36.625000	-3.105221e-04
36.630000	-2.990861e-04
36.635000	-2.488996e-04
36.640000	-1.837241e-04
36.645000	-1.468688e-04
36.650000	-1.520755e-04
36.655000	-1.854144e-04
36.660000	-2.383629e-04
36.665000	-2.868866e-04
36.670000	-3.346254e-04
36.675000	-4.138515e-04
36.680000	-4.924700e-04
36.685000	-5.320008e-04
36.690000	-5.420285e-04
36.695000	-5.478290e-04
36.700000	-5.627297e-04
36.705000	-5.861888e-04
36.710000	-6.110928e-04
36.715000	-6.226040e-04
36.720000	-6.234115e-04
36.725000	-6.285575e-04
36.730000	-6.172328e-04
36.735000	-5.692664e-04
36.740000	-4.892794e-04
36.745000	-3.967891e-04
36.750000	-3.114999e-04
36.755000	-2.402664e-04
36.760000	-1.846182e-04
36.765000	-1.577807e-04
36.770000	-1.522622e-04
36.775000	-1.342164e-04
36.780000	-1.141753e-04
36.785000	-1.225520e-04
36.790000	-1.411166e-04
36.795000	-1.461331e-04
36.800000	-1.440647e-04
36.805000	-1.385411e-04
36.810000	-1.224935e-04
36.815000	-1.033422e-04
36.820000	-8.905630e-05
36.825000	-8.219992e-05
36.830000	-8.062334e-05
36.835000	-8.591584e-05
36.840000	-9.480742e-05
36.845000	-1.032019e-04
36.850000	-1.089063e-04
36.855000	-1.157679e-04
36.860000	-1.301734e-04
36.865000	-1.543763e-04
36.870000	-1.828390e-04
36.875000	-1.959563e-04
36.880000	-1.944883e-04
36.885000	-1.888566e-04
36.890000	-1.830707e-04
36.895000	-1.751465e-04
36.900000	-1.652044e-04
36.905000	-1.534853e-04
36.910000	-1.389871e-04
36.915000	-1.235607e-04
36.920000	-1.105151e-04
36.925000	-1.083170e-04
36.930000	-1.170636e-04
36.935000	-1.299199e-04
36.940000	-1.355849e-04
36.945000	-1.291612e-04
36.950000	-1.253779e-04
36.955000	-1.331764e-04
36.960000	-1.491540e-04
36.965000	-1.585879e-04
36.970000	-1.526377e-04
36.975000	-1.406453e-04
36.980000	-1.338288e-04
36.985000	-1.410820e-04
36.990000	-1.536816e-04
36.995000	-1.599649e-04
37.000000	-1.592128e-04
37.005000	-1.580374e-04
37.010000	-1.633645e-04
37.015000	-1.739550e-04
37.020000	-1.852109e-04
37.025000	-1.916736e-04
37.030000	-1.929499e-04
37.035000	-1.882404e-04
37.040000	-1.851915e-04
37.045000	-1.913409e-04
37.050000	-2.000722e-04
37.055000	-2.046786e-04
37.060000	-2.048694e-04
37.065000	-2.041359e-04
37.070000	-2.039776e-04
37.075000	-2.014092e-04
37.080000	-1.957548e-04
37.085000	-1.896768e-04
37.090000	-1.874911e-04
37.095000	-1.913496e-04
37.100000	-1.949972e-04
37.105000	-1.948772e-04
37.110000	-1.948456e-04
37.115000	-1.956795e-04
37.120000	-1.947059e-04
37.125000	-1.929466e-04
37.130000	-1.920268e-04
37.135000	-1.912832e-04
37.140000	-1.900888e-04
37.145000	-1.888750e-04
37.150000	-1.899280e-04
37.155000	-1.937970e-04
37.160000	-1.971645e-04
37.165000	-1.990361e-04
37.170000	-2.007446e-04
37.175000	-2.015287e-04
37.180000	-2.005080e-04
37.185000	-1.991484e-04
37.190000	-1.979765e-04
37.195000	-1.963184e-04
37.200000	-1.941769e-04
37.205000	-1.918800e-04
37.210000	-1.893103e-04
37.215000	-1.868699e-04
37.220000	-1.850830e-04
37.225000	-1.837168e-04
37.230000	-1.821699e-04
37.235000	-1.790704e-04
37.240000	-1.749741e-04
37.245000	-1.710202e-04
37.250000	-1.677412e-04
37.255000	-1.650079e-04
37.260000	-1.629788e-04
37.265000	-1.617265e-04
37.270000	-1.611334e-04
37.275000	-1.600119e-04
37.280000	-1.579133e-04
37.285000	-1.562790e-04
37.290000	-1.551647e-04
37.295000	-1.534068e-04
37.300000	-1.514272e-04
37.305000	-1.499419e-04
37.310000	-1.483370e-04
37.315000	-1.461814e-04
37.320000	-1.435275e-04
37.325000	-1.406730e-04
37.330000	-1.378306e-04
37.335000	-1.352767e-04
37.340000	-1.329390e-04
37.345000	-1.305474e-04
37.350000	-1.280246e-04
37.355000	-1.254909e-04
37.360000	-1.231942e-04
37.365000	-1.211284e-04
37.370000	-1.191185e-04
37.375000	-1.170724e-04
37.380000	-1.150326e-04
37.385000	-1.129858e-04
37.390000	-1.108005e-04
37.395000	-1.082908e-04
37.400000	-1.055629e-04
37.405000	-1.028140e-04
37.410000	-1.002341e-04
37.415000	-9.781829e-05
37.420000	-9.549573e-05
37.425000	-9.310239e-05
37.430000	-9.057608e-05
37.435000	-8.795428e-05
37.440000	-8.533207e-05
37.445000	-8.279261e-05
37.450000	-8.023778e-05
37.455000	-7.758866e-05
37.460000	-7.490874e-05
37.465000	-7.225281e-05
37.470000	-6.960810e-05
37.475000	-6.694019e-05
37.480000	-6.424605e-05
37.485000	-6.154933e-05
37.490000	-5.887712e-05
37.495000	-5.625028e-05
37.500000	-5.362926e-05
37.505000	-5.098150e-05
37.510000	-4.833938e-05
37.515000	-4.572259e-05
37.520000	-4.311148e-05
37.525000	-4.049786e-05
37.530000	-3.788968e-05
37.535000	-3.529570e-05
37.540000	-3.270925e-05
37.545000	-3.011309e-05
37.550000	-2.751371e-05
37.555000	-2.492369e-05
37.560000	-2.233234e-05
37.565000	-1.973522e-05
37.570000	-1.715472e-05
37.575000	-1.458624e-05
37.580000	-1.201266e-05
37.585000	-9.430121e-06
37.590000	-6.841942e-06
37.595000	-4.241693e-06
37.600000	-1.646480e-06
37.605000	9.277310e-07
37.610000	3.491922e-06
37.615000	6.064117e-06
37.620000	8.652878e-06
37.625000	1.124305e-05
37.630000	1.382345e-05
37.635000	1.639472e-05
37.640000	1.896225e-05
37.645000	2.152914e-05
37.650000	2.409451e-05
37.655000	2.665644e-05
37.660000	2.921370e-05
37.665000	3.176671e-05
37.670000	3.431609e-05
37.675000	3.686203e-05
37.680000	3.940415e-05
37.685000	4.194228e-05
37.690000	4.447637e-05
37.695000	4.700645e-05
37.700000	4.953251e-05
37.705000	5.205455e-05
37.710000	5.457240e-05
37.715000	5.708595e-05
37.720000	5.959514e-05
37.725000	6.209988e-05
37.730000	6.460009e-05
37.735000	6.709565e-05
37.740000	6.958651e-05
37.745000	7.207256e-05
37.750000	7.455373e-05
37.755000	7.702992e-05
37.760000	7.950104e-05
37.765000	8.196701e-05
37.770000	8.442775e-05
37.775000	8.688317e-05
37.780000	8.933319e-05
37.785000	9.177773e-05
37.790000	9.421670e-05
37.795000	9.665002e-05
37.800000	9.907761e-05
37.805000	1.014994e-04
37.810000	1.039153e-04
