0.000000	8.085231e-05
0.005000	1.005267e-04
0.010000	1.290608e-04
0.015000	1.636547e-04
0.020000	1.952582e-04
0.025000	2.139090e-04
0.030000	2.477059e-04
0.035000	3.640235e-04
0.040000	6.196515e-04
0.045000	7.890895e-04
0.050000	4.708488e-04
0.055000	5.650533e-04
0.060000	2.442396e-04
0.065000	-5.234261e-04
0.070000	-3.466894e-04
0.075000	4.865915e-04
0.080000	2.118313e-03
0.085000	3.170139e-03
0.090000	2.952152e-03
0.095000	1.768714e-03
0.100000	4.617898e-04
0.105000	-9.973301e-04
0.110000	-1.402700e-03
0.115000	-2.614749e-03
0.120000	-1.427192e-03
0.125000	1.280398e-03
0.130000	3.293226e-03
0.135000	4.901930e-03
0.140000	2.540186e-03
0.145000	-1.828880e-04
0.150000	-6.705667e-04
0.155000	-8.623565e-04
0.160000	-3.357623e-04
0.165000	1.401970e-03
0.170000	4.716387e-03
0.175000	5.850837e-03
0.180000	4.408013e-03
0.185000	3.232590e-03
0.190000	1.634776e-03
0.195000	7.232282e-04
0.200000	-1.024528e-03
0.205000	-7.109540e-04
0.210000	1.249647e-03
0.215000	4.299313e-03
0.220000	5.629614e-03
0.225000	4.658809e-03
0.230000	4.459443e-03
0.235000	4.665530e-03
0.240000	3.696817e-03
0.245000	1.849699e-03
0.250000	2.119213e-03
0.255000	2.510029e-03
0.260000	2.374746e-03
0.265000	2.950818e-03
0.270000	4.467925e-03
0.275000	5.220419e-03
0.280000	4.870549e-03
0.285000	4.871376e-03
0.290000	4.846405e-03
0.295000	3.694642e-03
0.300000	1.831388e-03
0.305000	2.115855e-03
0.310000	2.444781e-03
0.315000	2.251403e-03
0.320000	3.051608e-03
0.325000	5.254147e-03
0.330000	6.407449e-03
0.335000	4.740757e-03
0.340000	4.189312e-03
0.345000	4.795206e-03
0.350000	5.158277e-03
0.355000	5.286533e-03
0.360000	5.040075e-03
0.365000	3.987050e-03
0.370000	2.335804e-03
0.375000	2.090404e-03
0.380000	1.694258e-03
0.385000	-3.562688e-04
0.390000	-1.334724e-03
0.395000	-1.189762e-03
0.400000	-4.957199e-04
0.405000	-2.354336e-04
0.410000	1.744312e-04
0.415000	2.014130e-03
0.420000	3.504920e-03
0.425000	5.033350e-03
0.430000	5.352636e-03
0.435000	3.721253e-03
0.440000	8.401631e-04
0.445000	-1.124084e-03
0.450000	-7.193903e-04
0.455000	8.333567e-05
0.460000	8.145874e-04
0.465000	2.308307e-03
0.470000	2.979535e-03
0.475000	3.698386e-03
0.480000	4.695300e-03
0.485000	4.927480e-03
0.490000	4.887872e-03
0.495000	4.999296e-03
0.500000	4.314616e-03
0.505000	2.519805e-03
0.510000	1.594041e-03
0.515000	2.456258e-03
0.520000	3.044829e-03
0.525000	2.999957e-03
0.530000	1.256850e-03
0.535000	-3.099300e-03
0.540000	-6.575866e-03
0.545000	-5.947769e-03
0.550000	-2.469166e-03
0.555000	3.771096e-03
0.560000	1.001160e-02
0.565000	1.355815e-02
0.570000	1.219274e-02
0.575000	6.507939e-03
0.580000	1.897633e-03
0.585000	-3.228711e-04
0.590000	-1.038888e-03
0.595000	7.366989e-04
0.600000	4.114325e-03
0.605000	9.083424e-03
0.610000	1.115161e-02
0.615000	7.111086e-03
0.620000	2.299413e-04
0.625000	-5.532045e-03
0.630000	-9.000074e-03
0.635000	-9.348394e-03
0.640000	-6.666932e-03
0.645000	-1.604814e-03
0.650000	4.308502e-03
0.655000	4.902543e-03
0.660000	4.793525e-03
0.665000	3.197400e-03
0.670000	1.420497e-04
0.675000	-2.191513e-03
0.680000	-6.482363e-03
0.685000	-6.708677e-03
0.690000	-4.085721e-03
0.695000	-2.100044e-04
0.700000	4.843268e-03
0.705000	8.423078e-03
0.710000	9.784493e-03
0.715000	9.974824e-03
0.720000	7.586664e-03
0.725000	4.341358e-03
0.730000	2.067738e-03
0.735000	1.099639e-04
0.740000	-8.386616e-04
0.745000	-1.929203e-05
0.750000	1.727197e-03
0.755000	4.808038e-03
0.760000	5.926229e-03
0.765000	2.301304e-03
0.770000	-1.133750e-03
0.775000	-1.929587e-03
0.780000	-2.081774e-03
0.785000	-2.417038e-03
0.790000	1.623248e-04
0.795000	2.463513e-03
0.800000	3.148465e-03
0.805000	1.583898e-03
0.810000	-4.659399e-04
0.815000	-1.856275e-03
0.820000	-6.733098e-04
0.825000	2.140241e-03
0.830000	7.148174e-03
0.835000	1.226273e-02
0.840000	1.501717e-02
0.845000	1.481211e-02
0.850000	8.731896e-03
0.855000	3.376085e-03
0.860000	6.509165e-04
0.865000	3.043926e-03
0.870000	6.279096e-03
0.875000	8.751315e-03
0.880000	8.557427e-03
0.885000	5.582369e-03
0.890000	3.165375e-03
0.895000	3.231255e-03
0.900000	2.266740e-03
0.905000	2.925353e-03
0.910000	1.742005e-03
0.915000	-1.877189e-03
0.920000	-4.779194e-03
0.925000	-8.577247e-03
0.930000	-9.523765e-03
0.935000	-8.647465e-03
0.940000	-7.600098e-03
0.945000	-2.625337e-03
0.950000	5.811280e-03
0.955000	1.400123e-02
0.960000	1.672229e-02
0.965000	1.298147e-02
0.970000	3.139770e-03
0.975000	-5.583186e-03
0.980000	-1.065157e-02
0.985000	-8.032836e-03
0.990000	-3.287107e-03
0.995000	9.944400e-04
1.000000	1.778327e-03
1.005000	3.526022e-03
1.010000	5.977018e-03
1.015000	5.589242e-03
1.020000	2.679871e-03
1.025000	-5.040003e-04
1.030000	-2.994177e-03
1.035000	-5.413988e-03
1.040000	-6.324428e-03
1.045000	-5.023565e-03
1.050000	-4.175873e-03
1.055000	-4.898485e-03
1.060000	-8.407282e-03
1.065000	-1.041886e-02
1.070000	-8.711453e-03
1.075000	-7.110348e-03
1.080000	-5.328654e-03
1.085000	-3.720006e-03
1.090000	1.951592e-03
1.095000	6.312233e-03
1.100000	1.063882e-02
1.105000	1.050916e-02
1.110000	7.346638e-03
1.115000	5.630186e-03
1.120000	7.926932e-03
1.125000	1.108689e-02
1.130000	1.390206e-02
1.135000	1.614138e-02
1.140000	1.321130e-02
1.145000	8.893279e-03
1.150000	7.989753e-04
1.155000	-3.461900e-03
1.160000	-3.548733e-03
1.165000	-2.630167e-03
1.170000	-1.083151e-03
1.175000	-1.370376e-03
1.180000	-3.598855e-03
1.185000	-5.449591e-03
1.190000	-7.090826e-03
1.195000	-5.307251e-03
1.200000	-6.003481e-04
1.205000	4.433633e-03
1.210000	9.440425e-03
1.215000	1.611066e-02
1.220000	1.696534e-02
1.225000	1.149686e-02
1.230000	2.969261e-03
1.235000	-2.300716e-03
1.240000	-6.147617e-03
1.245000	-8.431321e-03
1.250000	-6.224591e-03
1.255000	-4.415442e-03
1.260000	-5.481317e-03
1.265000	-5.253840e-03
1.270000	-3.163971e-03
1.275000	-3.398743e-03
1.280000	-3.818816e-03
1.285000	-2.965276e-03
1.290000	-1.092865e-03
1.295000	-9.870731e-05
1.300000	-2.397824e-04
1.305000	-5.230375e-04
1.310000	-2.167127e-03
1.315000	-6.032447e-03
1.320000	-8.631062e-03
1.325000	-1.061028e-02
1.330000	-8.959738e-03
1.335000	-4.786582e-03
1.340000	3.162617e-03
1.345000	9.338402e-03
1.350000	1.406442e-02
1.355000	1.553470e-02
1.360000	9.472938e-03
1.365000	1.533011e-03
1.370000	-3.991564e-03
1.375000	-4.557098e-03
1.380000	-3.699595e-03
1.385000	-1.055286e-03
1.390000	1.219061e-03
1.395000	4.015893e-03
1.400000	5.193902e-03
1.405000	5.301916e-03
1.410000	7.330645e-03
1.415000	9.024343e-03
1.420000	1.127998e-02
1.425000	1.083220e-02
1.430000	7.471894e-03
1.435000	1.987632e-03
1.440000	-2.914680e-03
1.445000	-8.106379e-04
1.450000	5.103757e-03
1.455000	1.047899e-02
1.460000	1.766465e-02
1.465000	2.378117e-02
1.470000	1.938446e-02
1.475000	4.256952e-03
1.480000	-1.308168e-02
1.485000	-2.142624e-02
1.490000	-2.433572e-02
1.495000	-2.139373e-02
1.500000	-1.026464e-02
1.505000	1.838427e-03
1.510000	4.495086e-03
1.515000	-2.821731e-04
1.520000	-9.890136e-03
1.525000	-2.044639e-02
1.530000	-3.137100e-02
1.535000	-3.718338e-02
1.540000	-3.362167e-02
1.545000	-2.301519e-02
1.550000	-1.109007e-02
1.555000	-4.091925e-03
1.560000	-3.170109e-03
1.565000	-4.589081e-03
1.570000	-5.121765e-03
1.575000	-1.449914e-03
1.580000	1.359294e-03
1.585000	3.090370e-03
1.590000	1.762984e-03
1.595000	-2.654410e-03
1.600000	-8.501826e-03
1.605000	-1.483685e-02
1.610000	-1.467631e-02
1.615000	-1.138660e-02
1.620000	-8.983200e-03
1.625000	-5.694025e-03
1.630000	-2.581964e-03
1.635000	-3.295481e-03
1.640000	-3.828648e-03
1.645000	-4.291241e-03
1.650000	-3.490579e-03
1.655000	-3.078032e-03
1.660000	-5.176141e-03
1.665000	-1.017824e-02
1.670000	-1.702259e-02
1.675000	-1.920163e-02
1.680000	-2.086347e-02
1.685000	-2.296882e-02
1.690000	-2.176828e-02
1.695000	-1.638747e-02
1.700000	-7.550026e-03
1.705000	1.471635e-03
1.710000	1.219706e-02
1.715000	2.216277e-02
1.720000	2.127516e-02
1.725000	1.477040e-02
1.730000	9.975375e-03
1.735000	3.206302e-03
1.740000	-1.965052e-03
1.745000	-4.122158e-03
1.750000	-4.635706e-03
1.755000	-4.164946e-03
1.760000	-5.679864e-03
1.765000	-1.097641e-02
1.770000	-1.813486e-02
1.775000	-2.430399e-02
1.780000	-2.689631e-02
1.785000	-2.261141e-02
1.790000	-1.313997e-02
1.795000	-3.686183e-03
1.800000	1.715265e-03
1.805000	6.435406e-03
1.810000	6.126547e-03
1.815000	9.681792e-04
1.820000	-3.871891e-03
1.825000	-6.605921e-03
1.830000	-5.605059e-03
1.835000	-3.856362e-03
1.840000	-2.623310e-03
1.845000	-2.731356e-03
1.850000	-3.845833e-03
1.855000	-4.028669e-03
1.860000	-1.803827e-03
1.865000	2.345068e-03
1.870000	4.610089e-03
1.875000	5.278318e-03
1.880000	2.236410e-03
1.885000	-4.085813e-03
1.890000	-1.230836e-02
1.895000	-2.033191e-02
1.900000	-2.156891e-02
1.905000	-2.065704e-02
1.910000	-1.699358e-02
1.915000	-1.178403e-02
1.920000	-6.827453e-03
1.925000	-8.214072e-03
1.930000	-1.229252e-02
1.935000	-1.913645e-02
1.940000	-2.529113e-02
1.945000	-2.568772e-02
1.950000	-1.629201e-02
1.955000	-2.067048e-03
1.960000	1.085491e-02
1.965000	1.761661e-02
1.970000	1.702450e-02
1.975000	1.072489e-02
1.980000	1.478193e-03
1.985000	-1.073476e-02
1.990000	-2.610425e-02
1.995000	-3.261488e-02
2.000000	-3.397883e-02
2.005000	-2.946182e-02
2.010000	-1.919676e-02
2.015000	-6.947286e-03
2.020000	-1.232025e-03
2.025000	-2.268193e-03
2.030000	-9.367729e-03
2.035000	-1.793911e-02
2.040000	-2.247253e-02
2.045000	-2.307153e-02
2.050000	-1.517140e-02
2.055000	-1.099147e-03
2.060000	1.295094e-02
2.065000	1.746091e-02
2.070000	1.541053e-02
2.075000	7.138176e-03
2.080000	-6.838055e-03
2.085000	-2.261420e-02
2.090000	-2.868685e-02
2.095000	-2.952172e-02
2.100000	-2.745257e-02
2.105000	-2.323711e-02
2.110000	-1.710324e-02
2.115000	-1.232000e-02
2.120000	-1.416760e-02
2.125000	-1.849945e-02
2.130000	-2.539254e-02
2.135000	-2.989018e-02
2.140000	-2.690850e-02
2.145000	-1.710319e-02
2.150000	-8.594521e-03
2.155000	-1.342023e-02
2.160000	-2.528217e-02
2.165000	-1.854933e-03
2.170000	3.211947e-02
2.175000	9.804598e-03
2.180000	-2.295865e-02
2.185000	-4.211419e-02
2.190000	-4.490225e-02
2.195000	-3.946936e-02
2.200000	-3.073169e-02
2.205000	-1.913124e-02
2.210000	-5.978687e-03
2.215000	1.046402e-03
2.220000	5.769158e-03
2.225000	9.355808e-03
2.230000	9.571610e-03
2.235000	9.486658e-03
2.240000	1.016200e-02
2.245000	8.484865e-03
2.250000	3.822022e-03
2.255000	2.231799e-03
2.260000	1.871377e-04
2.265000	-2.930587e-03
2.270000	-6.844251e-03
2.275000	-1.202561e-02
2.280000	-2.008779e-02
2.285000	-2.594289e-02
2.290000	-2.892745e-02
2.295000	-2.645340e-02
2.300000	-1.406896e-02
2.305000	4.514228e-03
2.310000	1.779048e-02
2.315000	2.495608e-02
2.320000	3.049545e-02
2.325000	2.540505e-02
2.330000	1.568313e-02
2.335000	7.854816e-03
2.340000	5.733158e-03
2.345000	5.213549e-03
2.350000	4.555824e-03
2.355000	7.175181e-03
2.360000	9.977181e-03
2.365000	1.174784e-02
2.370000	8.073818e-03
2.375000	1.935216e-03
2.380000	-4.649367e-04
2.385000	-1.478945e-03
2.390000	-2.054803e-03
2.395000	-2.602696e-03
2.400000	-8.301769e-03
2.405000	-1.882528e-02
2.410000	-2.916594e-02
2.415000	-3.641214e-02
2.420000	-3.438647e-02
2.425000	-1.823542e-02
2.430000	1.996372e-03
2.435000	1.621411e-02
2.440000	2.206488e-02
2.445000	2.549365e-02
2.450000	2.307689e-02
2.455000	1.755564e-02
2.460000	1.326553e-02
2.465000	1.545184e-02
2.470000	1.970227e-02
2.475000	2.591800e-02
2.480000	3.112473e-02
2.485000	3.067919e-02
2.490000	1.786392e-02
2.495000	-5.240893e-03
2.500000	-2.719439e-02
2.505000	-3.284200e-02
2.510000	-2.946054e-02
2.515000	-2.149580e-02
2.520000	-5.821996e-03
2.525000	9.163529e-03
2.530000	1.802743e-02
2.535000	1.655388e-02
2.540000	9.094189e-03
2.545000	1.082954e-03
2.550000	-5.080677e-03
2.555000	-9.620186e-03
2.560000	-4.507485e-03
2.565000	3.302537e-03
2.570000	9.982668e-03
2.575000	1.512209e-02
2.580000	2.109803e-02
2.585000	2.765163e-02
2.590000	2.756112e-02
2.595000	2.133346e-02
2.600000	1.229700e-02
2.605000	-1.367897e-03
2.610000	-1.447771e-02
2.615000	-1.975504e-02
2.620000	-2.353168e-02
2.625000	-2.643103e-02
2.630000	-2.235266e-02
2.635000	-1.369645e-02
2.640000	-1.797159e-03
2.645000	9.136425e-03
2.650000	1.602812e-02
2.655000	1.682741e-02
2.660000	1.526626e-02
2.665000	1.379737e-02
2.670000	1.420273e-02
2.675000	1.469853e-02
2.680000	1.676742e-02
2.685000	1.691056e-02
2.690000	1.747989e-02
2.695000	1.934062e-02
2.700000	1.833823e-02
2.705000	1.635760e-02
2.710000	1.590466e-02
2.715000	1.652036e-02
2.720000	1.582831e-02
2.725000	1.417811e-02
2.730000	1.519387e-02
2.735000	1.974956e-02
2.740000	2.577443e-02
2.745000	2.986686e-02
2.750000	2.639584e-02
2.755000	1.363877e-02
2.760000	-8.835199e-03
2.765000	-3.909548e-02
2.770000	-5.598631e-02
2.775000	-6.467534e-02
2.780000	-6.378006e-02
2.785000	-6.002578e-02
2.790000	-5.194511e-02
2.795000	-3.738146e-02
2.800000	-1.811559e-02
2.805000	-2.234693e-03
2.810000	8.623866e-03
2.815000	2.198730e-02
2.820000	3.573338e-02
2.825000	3.746858e-02
2.830000	3.053354e-02
2.835000	2.185601e-02
2.840000	1.140145e-02
2.845000	4.443503e-03
2.850000	2.060932e-03
2.855000	-8.124136e-04
2.860000	-5.002676e-03
2.865000	-5.596188e-03
2.870000	-7.594445e-03
2.875000	-1.243699e-02
2.880000	-1.931925e-02
2.885000	-2.898963e-02
2.890000	-3.455906e-02
2.895000	-3.885972e-02
2.900000	-4.126962e-02
2.905000	-3.741044e-02
2.910000	-3.078386e-02
2.915000	-2.006647e-02
2.920000	-9.406128e-03
2.925000	2.938106e-03
2.930000	1.492914e-02
2.935000	2.323904e-02
2.940000	2.975148e-02
2.945000	3.183516e-02
2.950000	3.662933e-02
2.955000	4.503216e-02
2.960000	4.909690e-02
2.965000	4.775133e-02
2.970000	4.134199e-02
2.975000	3.307109e-02
2.980000	1.781219e-02
2.985000	-3.117654e-03
2.990000	-2.051840e-02
2.995000	-3.554365e-02
3.000000	-4.722485e-02
3.005000	-4.938990e-02
3.010000	-4.533953e-02
3.015000	-3.475649e-02
3.020000	-1.705515e-02
3.025000	5.551807e-03
3.030000	1.988244e-02
3.035000	3.631474e-02
3.040000	5.060679e-02
3.045000	5.546936e-02
3.050000	5.285751e-02
3.055000	4.343611e-02
3.060000	3.229952e-02
3.065000	2.124526e-02
3.070000	1.278131e-02
3.075000	4.216963e-03
3.080000	-5.886980e-03
3.085000	-1.190803e-02
3.090000	-1.562168e-02
3.095000	-2.350239e-02
3.100000	-3.207589e-02
3.105000	-4.161650e-02
3.110000	-4.695703e-02
3.115000	-4.166450e-02
3.120000	-2.846296e-02
3.125000	-1.093143e-02
3.130000	1.034695e-02
3.135000	3.632440e-02
3.140000	4.800452e-02
3.145000	5.601938e-02
3.150000	6.120116e-02
3.155000	5.927612e-02
3.160000	5.433755e-02
3.165000	4.869221e-02
3.170000	4.758274e-02
3.175000	4.749905e-02
3.180000	4.882008e-02
3.185000	5.141839e-02
3.190000	5.240721e-02
3.195000	4.788602e-02
3.200000	4.124203e-02
3.205000	3.516749e-02
3.210000	3.442214e-02
3.215000	3.695765e-02
3.220000	4.347726e-02
3.225000	5.678422e-02
3.230000	7.280750e-02
3.235000	8.705818e-02
3.240000	9.770609e-02
3.245000	1.058424e-01
3.250000	1.008718e-01
3.255000	8.916394e-02
3.260000	7.737225e-02
3.265000	6.743262e-02
3.270000	5.961302e-02
3.275000	5.439714e-02
3.280000	5.703339e-02
3.285000	5.976266e-02
3.290000	6.735026e-02
3.295000	7.782874e-02
3.300000	8.620756e-02
3.305000	8.801491e-02
3.310000	8.566512e-02
3.315000	7.848059e-02
3.320000	6.837225e-02
3.325000	5.599542e-02
3.330000	4.655186e-02
3.335000	4.423434e-02
3.340000	4.097823e-02
3.345000	4.158009e-02
3.350000	4.548123e-02
3.355000	4.465088e-02
3.360000	3.912077e-02
3.365000	3.395061e-02
3.370000	2.486182e-02
3.375000	1.140189e-02
3.380000	-8.632571e-03
3.385000	-2.479867e-02
3.390000	-3.436477e-02
3.395000	-4.703714e-02
3.400000	-6.201265e-02
3.405000	-6.862649e-02
3.410000	-7.405090e-02
3.415000	-7.845936e-02
3.420000	-8.442213e-02
3.425000	-9.390324e-02
3.430000	-9.779402e-02
3.435000	-9.880668e-02
3.440000	-9.993152e-02
3.445000	-9.936526e-02
3.450000	-9.920757e-02
3.455000	-1.001704e-01
3.460000	-1.039143e-01
3.465000	-1.097353e-01
3.470000	-1.101400e-01
3.475000	-1.091813e-01
3.480000	-1.105135e-01
3.485000	-1.117226e-01
3.490000	-1.204287e-01
3.495000	-1.369306e-01
3.500000	-1.551969e-01
3.505000	-1.841824e-01
3.510000	-2.147950e-01
3.515000	-2.395016e-01
3.520000	-2.613739e-01
3.525000	-2.685926e-01
3.530000	-2.716909e-01
3.535000	-2.659752e-01
3.540000	-2.505319e-01
3.545000	-2.276182e-01
3.550000	-2.083432e-01
3.555000	-2.011651e-01
3.560000	-1.966767e-01
3.565000	-1.885006e-01
3.570000	-1.843527e-01
3.575000	-1.863295e-01
3.580000	-1.900724e-01
3.585000	-1.957622e-01
3.590000	-2.027813e-01
3.595000	-2.024891e-01
3.600000	-1.979557e-01
3.605000	-1.909522e-01
3.610000	-1.880383e-01
3.615000	-1.908729e-01
3.620000	-1.978922e-01
3.625000	-2.049995e-01
3.630000	-2.061536e-01
3.635000	-1.978316e-01
3.640000	-1.818599e-01
3.645000	-1.602274e-01
3.650000	-1.372394e-01
3.655000	-1.179615e-01
3.660000	-1.040713e-01
3.665000	-9.645869e-02
3.670000	-8.918947e-02
3.675000	-8.242361e-02
3.680000	-8.072671e-02
3.685000	-8.307585e-02
3.690000	-8.858798e-02
3.695000	-9.185505e-02
3.700000	-9.511955e-02
3.705000	-9.694666e-02
3.710000	-9.700843e-02
3.715000	-9.317337e-02
3.720000	-8.411053e-02
3.725000	-6.816308e-02
3.730000	-4.805270e-02
3.735000	-2.886342e-02
3.740000	-4.955355e-03
3.745000	2.058587e-02
3.750000	4.699410e-02
3.755000	6.971513e-02
3.760000	8.585930e-02
3.765000	1.040021e-01
3.770000	1.207050e-01
3.775000	1.305842e-01
3.780000	1.379864e-01
3.785000	1.435357e-01
3.790000	1.414955e-01
3.795000	1.317059e-01
3.800000	1.192952e-01
3.805000	1.106680e-01
3.810000	1.099501e-01
3.815000	1.189378e-01
3.820000	1.326163e-01
3.825000	1.510662e-01
3.830000	1.756011e-01
3.835000	2.058738e-01
3.840000	2.344638e-01
3.845000	2.645873e-01
3.850000	3.048168e-01
3.855000	3.426729e-01
3.860000	3.756967e-01
3.865000	4.091057e-01
3.870000	4.318602e-01
3.875000	4.488605e-01
3.880000	4.612571e-01
3.885000	4.705423e-01
3.890000	4.712432e-01
3.895000	4.599151e-01
3.900000	4.393122e-01
3.905000	4.110172e-01
3.910000	3.888156e-01
3.915000	3.639324e-01
3.920000	3.297803e-01
3.925000	3.068327e-01
3.930000	2.980104e-01
3.935000	2.932809e-01
3.940000	2.908049e-01
3.945000	2.926036e-01
3.950000	2.972597e-01
3.955000	3.027605e-01
3.960000	3.093780e-01
3.965000	3.156862e-01
3.970000	3.213697e-01
3.975000	3.233269e-01
3.980000	3.162897e-01
3.985000	3.041497e-01
3.990000	2.907409e-01
3.995000	2.718829e-01
4.000000	2.499273e-01
4.005000	2.297490e-01
4.010000	2.105643e-01
4.015000	1.901537e-01
4.020000	1.768578e-01
4.025000	1.702433e-01
4.030000	1.628073e-01
4.035000	1.556393e-01
4.040000	1.503850e-01
4.045000	1.465588e-01
4.050000	1.415549e-01
4.055000	1.339213e-01
4.060000	1.280966e-01
4.065000	1.198434e-01
4.070000	1.070479e-01
4.075000	9.630720e-02
4.080000	8.319027e-02
4.085000	7.105063e-02
4.090000	6.060441e-02
4.095000	4.716214e-02
4.100000	3.724718e-02
4.105000	2.506060e-02
4.110000	1.301664e-02
4.115000	8.101133e-03
4.120000	4.788289e-03
4.125000	2.877187e-04
4.130000	-3.158823e-03
4.135000	-8.400571e-03
4.140000	-1.707560e-02
4.145000	-2.510823e-02
4.150000	-3.490903e-02
4.155000	-4.438685e-02
4.160000	-5.833829e-02
4.165000	-8.410159e-02
4.170000	-1.100891e-01
4.175000	-1.346923e-01
4.180000	-1.720491e-01
4.185000	-1.927261e-01
4.190000	-2.285281e-01
4.195000	-2.681953e-01
4.200000	-3.061623e-01
4.205000	-3.428267e-01
4.210000	-3.557028e-01
4.215000	-3.717920e-01
4.220000	-3.765621e-01
4.225000	-3.660598e-01
4.230000	-3.467452e-01
4.235000	-3.199216e-01
4.240000	-2.961702e-01
4.245000	-2.738807e-01
4.250000	-2.408592e-01
4.255000	-2.152678e-01
4.260000	-1.816299e-01
4.265000	-1.365600e-01
4.270000	-1.126847e-01
4.275000	-9.472019e-02
4.280000	-8.911484e-02
4.285000	-9.577347e-02
4.290000	-1.104531e-01
4.295000	-1.347054e-01
4.300000	-1.747518e-01
4.305000	-2.166874e-01
4.310000	-2.548840e-01
4.315000	-3.050931e-01
4.320000	-3.558546e-01
4.325000	-3.969822e-01
4.330000	-4.260635e-01
4.335000	-4.343558e-01
4.340000	-4.323761e-01
4.345000	-4.084454e-01
4.350000	-3.618698e-01
4.355000	-3.003083e-01
4.360000	-2.428044e-01
4.365000	-2.111759e-01
4.370000	-1.805698e-01
4.375000	-1.476221e-01
4.380000	-1.329354e-01
4.385000	-1.191668e-01
4.390000	-1.125756e-01
4.395000	-1.178229e-01
4.400000	-1.347061e-01
4.405000	-1.657669e-01
4.410000	-2.054253e-01
4.415000	-2.347109e-01
4.420000	-2.550099e-01
4.425000	-2.837781e-01
4.430000	-3.125154e-01
4.435000	-3.369613e-01
4.440000	-3.504294e-01
4.445000	-3.490674e-01
4.450000	-3.377863e-01
4.455000	-3.152580e-01
4.460000	-2.718473e-01
4.465000	-1.822074e-01
4.470000	-4.967801e-02
4.475000	9.523871e-02
4.480000	2.854700e-01
4.485000	4.314133e-01
4.490000	4.404262e-01
4.495000	3.712762e-01
4.500000	2.988937e-01
4.505000	2.838262e-01
4.510000	3.032544e-01
4.515000	3.084194e-01
4.520000	2.991396e-01
4.525000	2.894200e-01
4.530000	2.856623e-01
4.535000	2.889502e-01
4.540000	2.936229e-01
4.545000	2.944665e-01
4.550000	2.929631e-01
4.555000	2.914227e-01
4.560000	2.850879e-01
4.565000	2.702531e-01
4.570000	2.585525e-01
4.575000	2.575592e-01
4.580000	2.669015e-01
4.585000	2.737279e-01
4.590000	2.699347e-01
4.595000	2.557254e-01
4.600000	2.346927e-01
4.605000	2.060173e-01
4.610000	1.828010e-01
4.615000	1.615136e-01
4.620000	1.537216e-01
4.625000	1.490587e-01
4.630000	1.429571e-01
4.635000	1.404603e-01
4.640000	1.423851e-01
4.645000	1.454774e-01
4.650000	1.482101e-01
4.655000	1.537963e-01
4.660000	1.588827e-01
4.665000	1.496969e-01
4.670000	1.249734e-01
4.675000	8.595358e-02
4.680000	2.155627e-02
4.685000	-6.569692e-02
4.690000	-7.923133e-02
4.695000	-4.498095e-02
4.700000	-9.522554e-03
4.705000	6.726225e-03
4.710000	-5.010749e-03
4.715000	-1.913942e-02
4.720000	1.672874e-02
4.725000	8.415146e-02
4.730000	1.180262e-01
4.735000	1.071892e-01
4.740000	8.757974e-02
4.745000	7.326685e-02
4.750000	6.199808e-02
4.755000	4.841383e-02
4.760000	3.829285e-02
4.765000	2.050791e-02
4.770000	-7.400496e-03
4.775000	-3.021614e-02
4.780000	-5.798524e-02
4.785000	-8.393221e-02
4.790000	-1.106980e-01
4.795000	-1.365082e-01
4.800000	-1.692104e-01
4.805000	-2.159503e-01
4.810000	-2.687666e-01
4.815000	-2.780595e-01
4.820000	-2.765668e-01
4.825000	-2.893530e-01
4.830000	-2.973062e-01
4.835000	-2.852851e-01
4.840000	-2.545401e-01
4.845000	-2.277865e-01
4.850000	-2.120711e-01
4.855000	-1.737737e-01
4.860000	-9.280373e-02
4.865000	-9.027799e-03
4.870000	4.349781e-02
4.875000	7.816561e-02
4.880000	1.041311e-01
4.885000	1.343192e-01
4.890000	1.619426e-01
4.895000	1.649863e-01
4.900000	1.070494e-01
4.905000	1.251155e-02
4.910000	-6.393017e-02
4.915000	-1.189382e-01
4.920000	-1.713575e-01
4.925000	-1.876564e-01
4.930000	-2.019219e-01
4.935000	-2.039210e-01
4.940000	-1.773339e-01
4.945000	-1.295740e-01
4.950000	-7.602132e-02
4.955000	-1.661370e-02
4.960000	5.600253e-02
4.965000	1.179604e-01
4.970000	1.579827e-01
4.975000	1.570442e-01
4.980000	1.306713e-01
4.985000	1.140340e-01
4.990000	9.705947e-02
4.995000	6.203221e-02
5.000000	8.467696e-03
5.005000	-4.183234e-02
5.010000	-8.590317e-02
5.015000	-1.252262e-01
5.020000	-1.532919e-01
5.025000	-1.924399e-01
5.030000	-2.288811e-01
5.035000	-2.459252e-01
5.040000	-2.577988e-01
5.045000	-2.775399e-01
5.050000	-2.981722e-01
5.055000	-3.068849e-01
5.060000	-2.828253e-01
5.065000	-2.070397e-01
5.070000	-1.017531e-01
5.075000	-1.770122e-02
5.080000	5.910675e-02
5.085000	1.571710e-01
5.090000	2.932834e-01
5.095000	4.396168e-01
5.100000	5.459754e-01
5.105000	5.759189e-01
5.110000	5.475380e-01
5.115000	5.149746e-01
5.120000	4.946394e-01
5.125000	4.761248e-01
5.130000	4.489897e-01
5.135000	4.082772e-01
5.140000	3.633286e-01
5.145000	3.223584e-01
5.150000	2.767948e-01
5.155000	2.278587e-01
5.160000	1.762712e-01
5.165000	1.183773e-01
5.170000	6.425453e-02
5.175000	2.964120e-03
5.180000	-9.749838e-02
5.185000	-2.134508e-01
5.190000	-3.124840e-01
5.195000	-3.750318e-01
5.200000	-4.189566e-01
5.205000	-4.579204e-01
5.210000	-4.821996e-01
5.215000	-4.998384e-01
5.220000	-5.175967e-01
5.225000	-5.293598e-01
5.230000	-5.341785e-01
5.235000	-5.355466e-01
5.240000	-5.356076e-01
5.245000	-5.352830e-01
5.250000	-5.315414e-01
5.255000	-5.236678e-01
5.260000	-5.081663e-01
5.265000	-4.740015e-01
5.270000	-4.150635e-01
5.275000	-3.465701e-01
5.280000	-2.976035e-01
5.285000	-2.510160e-01
5.290000	-1.837367e-01
5.295000	-1.196115e-01
5.300000	-5.857552e-02
5.305000	-1.612137e-02
5.310000	1.451189e-02
5.315000	3.432292e-02
5.320000	3.909024e-02
5.325000	3.980494e-02
5.330000	4.827237e-02
5.335000	6.609368e-02
5.340000	9.697037e-02
5.345000	1.283348e-01
5.350000	1.505812e-01
5.355000	1.754553e-01
5.360000	1.968153e-01
5.365000	2.334019e-01
5.370000	2.868782e-01
5.375000	3.400621e-01
5.380000	3.886389e-01
5.385000	4.289068e-01
5.390000	4.382479e-01
5.395000	4.046346e-01
5.400000	3.508182e-01
5.405000	2.922853e-01
5.410000	2.495772e-01
5.415000	2.276318e-01
5.420000	1.934344e-01
5.425000	1.427766e-01
5.430000	8.137074e-02
5.435000	5.537964e-03
5.440000	-6.402447e-02
5.445000	-8.366734e-02
5.450000	-7.869653e-02
5.455000	-6.129524e-02
5.460000	-1.335648e-02
5.465000	5.707211e-02
5.470000	1.057970e-01
5.475000	1.384977e-01
5.480000	1.618493e-01
5.485000	1.833704e-01
5.490000	2.344325e-01
5.495000	2.804110e-01
5.500000	2.861057e-01
5.505000	2.597610e-01
5.510000	2.060723e-01
5.515000	1.301177e-01
5.520000	5.141967e-02
5.525000	-4.624646e-02
5.530000	-8.608304e-02
5.535000	-1.033160e-01
5.540000	-1.455672e-01
5.545000	-2.104042e-01
5.550000	-2.970415e-01
5.555000	-3.513959e-01
5.560000	-3.619540e-01
5.565000	-3.680389e-01
5.570000	-3.531473e-01
5.575000	-3.261626e-01
5.580000	-2.940552e-01
5.585000	-2.630814e-01
5.590000	-2.120849e-01
5.595000	-1.619801e-01
5.600000	-8.386319e-02
5.605000	-1.817641e-02
5.610000	2.074025e-02
5.615000	7.979900e-02
5.620000	1.352071e-01
5.625000	1.697597e-01
5.630000	1.958022e-01
5.635000	2.218005e-01
5.640000	2.202527e-01
5.645000	2.102966e-01
5.650000	1.915995e-01
5.655000	1.523321e-01
5.660000	9.217406e-02
5.665000	3.975142e-02
5.670000	4.354289e-03
5.675000	-1.725038e-02
5.680000	5.875989e-03
5.685000	4.441342e-02
5.690000	7.882742e-02
5.695000	8.912090e-02
5.700000	9.897580e-02
5.705000	1.101071e-01
5.710000	1.277031e-01
5.715000	1.393927e-01
5.720000	1.356608e-01
5.725000	1.223912e-01
5.730000	1.020892e-01
5.735000	7.853615e-02
5.740000	4.835758e-02
5.745000	1.552548e-02
5.750000	-9.185474e-04
5.755000	-1.325320e-02
5.760000	-3.117090e-02
5.765000	-4.082252e-02
5.770000	-4.746221e-02
5.775000	-4.119950e-02
5.780000	-2.216683e-02
5.785000	6.558772e-04
5.790000	1.707581e-02
5.795000	3.289155e-02
5.800000	4.442436e-02
5.805000	5.071510e-02
5.810000	6.123583e-02
5.815000	6.945852e-02
5.820000	6.948934e-02
5.825000	6.794993e-02
5.830000	6.690953e-02
5.835000	7.110165e-02
5.840000	7.895066e-02
5.845000	8.968999e-02
5.850000	1.051357e-01
5.855000	1.199419e-01
5.860000	1.287639e-01
5.865000	1.363494e-01
5.870000	1.386500e-01
5.875000	1.336453e-01
5.880000	1.304658e-01
5.885000	1.318278e-01
5.890000	1.318295e-01
5.895000	1.304625e-01
5.900000	1.306407e-01
5.905000	1.318237e-01
5.910000	1.339701e-01
5.915000	1.355946e-01
5.920000	1.334227e-01
5.925000	1.237952e-01
5.930000	1.073610e-01
5.935000	9.050573e-02
5.940000	7.463500e-02
5.945000	5.618433e-02
5.950000	4.009821e-02
5.955000	2.630188e-02
5.960000	8.536264e-03
5.965000	-8.434557e-03
5.970000	-1.960395e-02
5.975000	-3.411475e-02
5.980000	-5.141593e-02
5.985000	-6.600553e-02
5.990000	-7.728792e-02
5.995000	-8.648530e-02
6.000000	-9.789650e-02
6.005000	-1.065487e-01
6.010000	-1.077268e-01
6.015000	-1.046852e-01
6.020000	-9.684612e-02
6.025000	-8.448593e-02
6.030000	-7.247734e-02
6.035000	-6.501104e-02
6.040000	-5.577815e-02
6.045000	-4.380628e-02
6.050000	-3.310649e-02
6.055000	-2.479118e-02
6.060000	-2.680145e-02
6.065000	-4.097556e-02
6.070000	-6.263329e-02
6.075000	-8.394892e-02
6.080000	-1.081882e-01
6.085000	-1.362980e-01
6.090000	-1.432571e-01
6.095000	-1.322190e-01
6.100000	-1.220559e-01
6.105000	-1.208712e-01
6.110000	-1.275227e-01
6.115000	-1.368736e-01
6.120000	-1.467952e-01
6.125000	-1.550875e-01
6.130000	-1.613961e-01
6.135000	-1.718788e-01
6.140000	-1.853521e-01
6.145000	-1.969267e-01
6.150000	-2.114715e-01
6.155000	-2.316743e-01
6.160000	-2.468332e-01
6.165000	-2.540196e-01
6.170000	-2.554214e-01
6.175000	-2.499713e-01
6.180000	-2.385374e-01
6.185000	-2.256246e-01
6.190000	-2.068483e-01
6.195000	-1.799037e-01
6.200000	-1.541003e-01
6.205000	-1.262336e-01
6.210000	-8.752800e-02
6.215000	-3.766033e-02
6.220000	1.328399e-02
6.225000	5.423510e-02
6.230000	9.975068e-02
6.235000	1.362409e-01
6.240000	1.509492e-01
6.245000	1.668444e-01
6.250000	1.814807e-01
6.255000	1.848076e-01
6.260000	1.852605e-01
6.265000	1.878397e-01
6.270000	1.916654e-01
6.275000	1.927986e-01
6.280000	1.905122e-01
6.285000	1.811070e-01
6.290000	1.629222e-01
6.295000	1.363922e-01
6.300000	9.732096e-02
6.305000	6.886239e-02
6.310000	6.046788e-02
6.315000	5.608619e-02
6.320000	5.185646e-02
6.325000	5.132791e-02
6.330000	5.509951e-02
6.335000	6.315520e-02
6.340000	7.900367e-02
6.345000	9.588413e-02
6.350000	1.009372e-01
6.355000	9.856226e-02
6.360000	8.952996e-02
6.365000	7.783292e-02
6.370000	6.432709e-02
6.375000	4.670243e-02
6.380000	3.283330e-02
6.385000	1.727692e-02
6.390000	-2.858480e-03
6.395000	-2.023483e-02
6.400000	-4.125556e-02
6.405000	-6.404028e-02
6.410000	-9.797867e-02
6.415000	-1.343289e-01
6.420000	-1.624228e-01
6.425000	-1.943981e-01
6.430000	-2.213294e-01
6.435000	-2.374640e-01
6.440000	-2.456561e-01
6.445000	-2.559203e-01
6.450000	-2.617817e-01
6.455000	-2.558555e-01
6.460000	-2.378251e-01
6.465000	-2.003421e-01
6.470000	-1.524043e-01
6.475000	-1.128295e-01
6.480000	-6.952978e-02
6.485000	-8.393275e-03
6.490000	2.606659e-02
6.495000	5.819346e-02
6.500000	1.039913e-01
6.505000	1.304698e-01
6.510000	1.602352e-01
6.515000	1.680775e-01
6.520000	1.700615e-01
6.525000	1.681592e-01
6.530000	1.548043e-01
6.535000	1.335974e-01
6.540000	1.085659e-01
6.545000	9.156963e-02
6.550000	6.505823e-02
6.555000	2.548433e-02
6.560000	-1.660232e-02
6.565000	-5.095210e-02
6.570000	-6.792140e-02
6.575000	-8.285043e-02
6.580000	-8.725113e-02
6.585000	-7.710807e-02
6.590000	-5.633408e-02
6.595000	-2.958716e-02
6.600000	-2.266729e-02
6.605000	-2.123067e-02
6.610000	-1.532423e-02
6.615000	-1.421309e-02
6.620000	-1.136978e-02
6.625000	-7.938107e-03
6.630000	-1.097845e-02
6.635000	-1.756823e-02
6.640000	-2.322394e-02
6.645000	-3.297328e-02
6.650000	-4.245382e-02
6.655000	-4.450566e-02
6.660000	-4.540502e-02
6.665000	-4.697501e-02
6.670000	-4.458395e-02
6.675000	-3.703465e-02
6.680000	-2.529961e-02
6.685000	-9.717170e-03
6.690000	1.436907e-02
6.695000	3.702576e-02
6.700000	5.512447e-02
6.705000	7.021060e-02
6.710000	8.157905e-02
6.715000	1.114117e-01
6.720000	1.456614e-01
6.725000	1.465184e-01
6.730000	1.479762e-01
6.735000	1.536740e-01
6.740000	1.611211e-01
6.745000	1.702019e-01
6.750000	1.752075e-01
6.755000	1.788806e-01
6.760000	1.808819e-01
6.765000	1.798501e-01
6.770000	1.790978e-01
6.775000	1.787619e-01
6.780000	1.733160e-01
6.785000	1.616685e-01
6.790000	1.443297e-01
6.795000	1.234756e-01
6.800000	9.801395e-02
6.805000	7.415866e-02
6.810000	4.485421e-02
6.815000	1.142776e-02
6.820000	-1.462242e-02
6.825000	-4.397236e-02
6.830000	-7.424655e-02
6.835000	-9.400472e-02
6.840000	-1.099846e-01
6.845000	-1.149842e-01
6.850000	-1.094868e-01
6.855000	-1.009948e-01
6.860000	-8.887475e-02
6.865000	-7.567967e-02
6.870000	-6.436733e-02
6.875000	-5.011917e-02
6.880000	-2.950969e-02
6.885000	-1.298571e-02
6.890000	-6.474475e-03
6.895000	-4.288145e-03
6.900000	-6.327970e-03
6.905000	-1.180763e-02
6.910000	-1.586460e-02
6.915000	-1.805282e-02
6.920000	-1.972104e-02
6.925000	-1.997215e-02
6.930000	-1.839871e-02
6.935000	-1.708515e-02
6.940000	-1.677039e-02
6.945000	-2.141838e-02
6.950000	-3.118303e-02
6.955000	-3.957233e-02
6.960000	-4.523453e-02
6.965000	-5.160887e-02
6.970000	-5.527299e-02
6.975000	-5.527927e-02
6.980000	-5.406784e-02
6.985000	-5.115237e-02
6.990000	-4.604598e-02
6.995000	-4.062620e-02
7.000000	-3.458995e-02
7.005000	-2.671056e-02
7.010000	-1.904249e-02
7.015000	-1.202574e-02
7.020000	-3.075521e-03
7.025000	5.461521e-03
7.030000	1.375659e-02
7.035000	1.961090e-02
7.040000	2.339949e-02
7.045000	2.690796e-02
7.050000	2.659734e-02
7.055000	2.060646e-02
7.060000	1.035037e-02
7.065000	7.719514e-04
7.070000	-8.535253e-03
7.075000	-1.859627e-02
7.080000	-2.793236e-02
7.085000	-3.668962e-02
7.090000	-4.193725e-02
7.095000	-4.532341e-02
7.100000	-4.946963e-02
7.105000	-4.990711e-02
7.110000	-4.548158e-02
7.115000	-3.774289e-02
7.120000	-2.574284e-02
7.125000	-6.148828e-03
7.130000	1.602057e-02
7.135000	3.246717e-02
7.140000	5.283356e-02
7.145000	6.869707e-02
7.150000	8.248246e-02
7.155000	9.600596e-02
7.160000	1.030648e-01
7.165000	1.102812e-01
7.170000	1.196514e-01
7.175000	1.235761e-01
7.180000	1.264652e-01
7.185000	1.264371e-01
7.190000	1.209217e-01
7.195000	1.131735e-01
7.200000	1.100260e-01
7.205000	1.059401e-01
7.210000	1.026392e-01
7.215000	1.033592e-01
7.220000	1.034700e-01
7.225000	1.037954e-01
7.230000	1.064579e-01
7.235000	1.104241e-01
7.240000	1.157378e-01
7.245000	1.210406e-01
7.250000	1.264052e-01
7.255000	1.290485e-01
7.260000	1.291916e-01
7.265000	1.247337e-01
7.270000	1.163072e-01
7.275000	1.050050e-01
7.280000	9.356717e-02
7.285000	8.389276e-02
7.290000	7.554469e-02
7.295000	6.870422e-02
7.300000	6.118572e-02
7.305000	5.163919e-02
7.310000	3.796812e-02
7.315000	2.808010e-02
7.320000	1.328213e-02
7.325000	-3.906136e-03
7.330000	-2.457757e-02
7.335000	-5.330591e-02
7.340000	-7.536773e-02
7.345000	-1.075138e-01
7.350000	-1.378714e-01
7.355000	-1.549119e-01
7.360000	-1.794955e-01
7.365000	-1.991413e-01
7.370000	-2.091553e-01
7.375000	-2.194982e-01
7.380000	-2.243060e-01
7.385000	-2.275215e-01
7.390000	-2.266718e-01
7.395000	-2.246162e-01
7.400000	-2.205980e-01
7.405000	-2.127249e-01
7.410000	-2.025723e-01
7.415000	-1.867006e-01
7.420000	-1.666394e-01
7.425000	-1.496285e-01
7.430000	-1.298851e-01
7.435000	-1.100906e-01
7.440000	-9.354647e-02
7.445000	-7.488518e-02
7.450000	-6.509599e-02
7.455000	-6.026039e-02
7.460000	-5.691507e-02
7.465000	-6.024735e-02
7.470000	-7.098595e-02
7.475000	-8.825016e-02
7.480000	-1.037297e-01
7.485000	-1.147556e-01
7.490000	-1.190083e-01
7.495000	-1.236286e-01
7.500000	-1.241586e-01
7.505000	-1.170692e-01
7.510000	-1.002973e-01
7.515000	-7.747302e-02
7.520000	-5.780367e-02
7.525000	-3.762024e-02
7.530000	-1.453088e-02
7.535000	1.824936e-03
7.540000	1.308887e-02
7.545000	1.877397e-02
7.550000	2.013550e-02
7.555000	1.600606e-02
7.560000	6.932855e-03
7.565000	-1.002461e-02
7.570000	-3.316625e-02
7.575000	-5.267476e-02
7.580000	-7.218878e-02
7.585000	-8.610139e-02
7.590000	-8.909976e-02
7.595000	-9.362268e-02
7.600000	-9.589387e-02
7.605000	-9.273094e-02
7.610000	-8.790833e-02
7.615000	-8.270547e-02
7.620000	-7.302048e-02
7.625000	-6.104347e-02
7.630000	-5.001286e-02
7.635000	-3.830123e-02
7.640000	-2.879706e-02
7.645000	-2.168794e-02
7.650000	-1.100292e-02
7.655000	-1.967023e-05
7.660000	7.092745e-03
7.665000	1.375850e-02
7.670000	2.114748e-02
7.675000	3.006439e-02
7.680000	3.937023e-02
7.685000	4.941705e-02
7.690000	6.023579e-02
7.695000	6.877029e-02
7.700000	7.715360e-02
7.705000	8.742524e-02
7.710000	9.470936e-02
7.715000	9.542946e-02
7.720000	9.008717e-02
7.725000	7.889741e-02
7.730000	6.298256e-02
7.735000	4.516636e-02
7.740000	2.831194e-02
7.745000	9.110804e-03
7.750000	-1.064725e-02
7.755000	-2.677545e-02
7.760000	-4.162976e-02
7.765000	-5.056305e-02
7.770000	-4.974584e-02
7.775000	-4.384428e-02
7.780000	-3.225170e-02
7.785000	-1.576716e-02
7.790000	2.360031e-03
7.795000	2.231710e-02
7.800000	4.307401e-02
7.805000	5.862153e-02
7.810000	7.498526e-02
7.815000	9.293559e-02
7.820000	1.058964e-01
7.825000	1.151169e-01
7.830000	1.221480e-01
7.835000	1.305024e-01
7.840000	1.384547e-01
7.845000	1.424003e-01
7.850000	1.449871e-01
7.855000	1.460076e-01
7.860000	1.433011e-01
7.865000	1.378928e-01
7.870000	1.297202e-01
7.875000	1.225272e-01
7.880000	1.163729e-01
7.885000	1.116892e-01
7.890000	1.056521e-01
7.895000	9.696043e-02
7.900000	8.915360e-02
7.905000	7.989157e-02
7.910000	6.898342e-02
7.915000	6.126601e-02
7.920000	5.042785e-02
7.925000	3.405850e-02
7.930000	1.678458e-02
7.935000	-2.544856e-03
7.940000	-2.952096e-02
7.945000	-5.537515e-02
7.950000	-7.856338e-02
7.955000	-1.016075e-01
7.960000	-1.265273e-01
7.965000	-1.534374e-01
7.970000	-1.686774e-01
7.975000	-1.708131e-01
7.980000	-1.685729e-01
7.985000	-1.610084e-01
7.990000	-1.504308e-01
7.995000	-1.337447e-01
8.000000	-1.174083e-01
8.005000	-9.707936e-02
8.010000	-7.984901e-02
8.015000	-5.981048e-02
8.020000	-3.737907e-02
8.025000	-2.632151e-02
8.030000	-1.376385e-02
8.035000	-1.674082e-03
8.040000	2.469841e-03
8.045000	2.576606e-03
8.050000	-1.305102e-03
8.055000	-1.014344e-02
8.060000	-2.501831e-02
8.065000	-4.207303e-02
8.070000	-6.174987e-02
8.075000	-8.554092e-02
8.080000	-1.042448e-01
8.085000	-1.185297e-01
8.090000	-1.330354e-01
8.095000	-1.360017e-01
8.100000	-1.244388e-01
8.105000	-1.017903e-01
8.110000	-7.473335e-02
8.115000	-4.188126e-02
8.120000	-1.351838e-02
8.125000	1.174143e-02
8.130000	4.899293e-02
8.135000	7.655202e-02
8.140000	1.051332e-01
8.145000	1.304605e-01
8.150000	1.402984e-01
8.155000	1.439016e-01
8.160000	1.405439e-01
8.165000	1.271397e-01
8.170000	1.068265e-01
8.175000	8.931574e-02
8.180000	7.659111e-02
8.185000	6.791873e-02
8.190000	6.454865e-02
8.195000	6.450565e-02
8.200000	6.996318e-02
8.205000	8.118639e-02
8.210000	1.017436e-01
8.215000	1.268327e-01
8.220000	1.373751e-01
8.225000	1.584050e-01
8.230000	1.850623e-01
8.235000	2.005102e-01
8.240000	2.110653e-01
8.245000	2.109846e-01
8.250000	2.131333e-01
8.255000	2.134979e-01
8.260000	2.116403e-01
8.265000	2.088136e-01
8.270000	2.025779e-01
8.275000	1.928290e-01
8.280000	1.782637e-01
8.285000	1.584086e-01
8.290000	1.379194e-01
8.295000	1.109577e-01
8.300000	9.498854e-02
8.305000	7.912923e-02
8.310000	5.795660e-02
8.315000	4.667552e-02
8.320000	3.360012e-02
8.325000	1.866415e-02
8.330000	1.325529e-02
8.335000	9.186464e-03
8.340000	5.433612e-03
8.345000	6.123245e-03
8.350000	7.069398e-03
8.355000	1.037020e-02
8.360000	1.496218e-02
8.365000	2.002574e-02
8.370000	2.207298e-02
8.375000	2.737586e-02
8.380000	3.341830e-02
8.385000	3.424432e-02
8.390000	2.851596e-02
8.395000	1.519339e-02
8.400000	4.071052e-04
8.405000	-1.266458e-02
8.410000	-1.897217e-02
8.415000	-2.666314e-02
8.420000	-3.893565e-02
8.425000	-5.029370e-02
8.430000	-6.271697e-02
8.435000	-7.814772e-02
8.440000	-8.587049e-02
8.445000	-9.279786e-02
8.450000	-1.021311e-01
8.455000	-1.021302e-01
8.460000	-9.297695e-02
8.465000	-8.210587e-02
8.470000	-6.780145e-02
8.475000	-4.967079e-02
8.480000	-3.757574e-02
8.485000	-1.517496e-02
8.490000	7.238614e-03
8.495000	2.267351e-02
8.500000	4.186310e-02
8.505000	6.247663e-02
8.510000	7.176987e-02
8.515000	7.347657e-02
8.520000	6.899857e-02
8.525000	5.789322e-02
8.530000	3.805856e-02
8.535000	1.131410e-02
8.540000	-2.746581e-02
8.545000	-8.158989e-02
8.550000	-1.126699e-01
8.555000	-1.313301e-01
8.560000	-1.587168e-01
8.565000	-1.694383e-01
8.570000	-1.765287e-01
8.575000	-1.856117e-01
8.580000	-1.852269e-01
8.585000	-1.789310e-01
8.590000	-1.648530e-01
8.595000	-1.427181e-01
8.600000	-1.156049e-01
8.605000	-9.938535e-02
8.610000	-7.051516e-02
8.615000	-4.333063e-02
8.620000	-2.422342e-02
8.625000	-5.658425e-03
8.630000	1.650573e-02
8.635000	2.836345e-02
8.640000	3.706082e-02
8.645000	4.146877e-02
8.650000	3.953260e-02
8.655000	3.300105e-02
8.660000	2.516193e-02
8.665000	1.252130e-02
8.670000	3.979584e-05
8.675000	-3.658152e-03
8.680000	-8.452004e-03
8.685000	-1.558473e-02
8.690000	-2.035566e-02
8.695000	-2.725053e-02
8.700000	-3.074419e-02
8.705000	-3.143143e-02
8.710000	-2.961090e-02
8.715000	-2.406566e-02
8.720000	-1.521794e-02
8.725000	-5.151960e-03
8.730000	8.695001e-04
8.735000	1.036006e-02
8.740000	2.510889e-02
8.745000	3.857559e-02
8.750000	4.442447e-02
8.755000	4.675941e-02
8.760000	5.336709e-02
8.765000	6.356241e-02
8.770000	7.037240e-02
8.775000	7.304618e-02
8.780000	7.254274e-02
8.785000	6.788982e-02
8.790000	5.996199e-02
8.795000	4.561316e-02
8.800000	2.877960e-02
8.805000	1.121398e-02
8.810000	1.427996e-03
8.815000	-3.448662e-03
8.820000	-8.799583e-03
8.825000	-8.294739e-03
8.830000	-4.176021e-03
8.835000	2.982756e-03
8.840000	1.019184e-02
8.845000	2.108088e-02
8.850000	3.207647e-02
8.855000	4.159516e-02
8.860000	5.068173e-02
8.865000	6.014224e-02
8.870000	6.504477e-02
8.875000	6.543167e-02
8.880000	5.991237e-02
8.885000	5.024271e-02
8.890000	3.431982e-02
8.895000	1.590646e-02
8.900000	-6.071066e-03
8.905000	-3.249474e-02
8.910000	-4.844694e-02
8.915000	-6.132990e-02
8.920000	-7.726926e-02
8.925000	-8.724742e-02
8.930000	-9.614862e-02
8.935000	-1.010532e-01
8.940000	-1.026777e-01
8.945000	-1.022261e-01
8.950000	-9.920649e-02
8.955000	-9.615305e-02
8.960000	-8.930982e-02
8.965000	-8.123659e-02
8.970000	-7.039427e-02
8.975000	-5.587793e-02
8.980000	-4.276051e-02
8.985000	-3.128121e-02
8.990000	-2.522577e-02
8.995000	-2.006213e-02
9.000000	-1.331260e-02
9.005000	-1.180034e-02
9.010000	-1.445651e-02
9.015000	-1.921803e-02
9.020000	-2.581042e-02
9.025000	-3.512453e-02
9.030000	-4.646586e-02
9.035000	-5.437515e-02
9.040000	-5.845614e-02
9.045000	-6.087923e-02
9.050000	-6.377358e-02
9.055000	-6.693426e-02
9.060000	-6.903443e-02
9.065000	-7.085361e-02
9.070000	-7.274037e-02
9.075000	-7.290210e-02
9.080000	-7.259241e-02
9.085000	-7.291044e-02
9.090000	-7.255049e-02
9.095000	-7.000977e-02
9.100000	-6.576655e-02
9.105000	-5.940192e-02
9.110000	-5.224103e-02
9.115000	-4.661840e-02
9.120000	-4.000740e-02
9.125000	-3.103912e-02
9.130000	-2.456705e-02
9.135000	-1.829164e-02
9.140000	-9.457167e-03
9.145000	-3.347474e-03
9.150000	-6.567539e-04
9.155000	4.297487e-03
9.160000	1.138474e-02
9.165000	1.627807e-02
9.170000	1.865276e-02
9.175000	2.430900e-02
9.180000	3.525856e-02
9.185000	4.736842e-02
9.190000	5.708131e-02
9.195000	6.722637e-02
9.200000	7.651062e-02
9.205000	8.295793e-02
9.210000	9.100676e-02
9.215000	9.768502e-02
9.220000	1.004491e-01
9.225000	1.019642e-01
9.230000	1.002621e-01
9.235000	9.619833e-02
9.240000	9.024182e-02
9.245000	8.307786e-02
9.250000	7.307704e-02
9.255000	6.437801e-02
9.260000	5.843783e-02
9.265000	5.032103e-02
9.270000	4.364499e-02
9.275000	3.994276e-02
9.280000	3.832220e-02
9.285000	3.733042e-02
9.290000	3.580270e-02
9.295000	3.565355e-02
9.300000	3.547189e-02
9.305000	3.571771e-02
9.310000	3.699746e-02
9.315000	3.828929e-02
9.320000	3.824519e-02
9.325000	3.786231e-02
9.330000	3.821988e-02
9.335000	3.835779e-02
9.340000	3.649544e-02
9.345000	3.207097e-02
9.350000	2.688765e-02
9.355000	2.262102e-02
9.360000	1.761814e-02
9.365000	1.231572e-02
9.370000	7.516913e-03
9.375000	1.473959e-03
9.380000	-1.766244e-03
9.385000	-3.245978e-03
9.390000	-8.217734e-03
9.395000	-1.156205e-02
9.400000	-1.576684e-02
9.405000	-2.028741e-02
9.410000	-2.231746e-02
9.415000	-2.453659e-02
9.420000	-2.657524e-02
9.425000	-2.809992e-02
9.430000	-3.010229e-02
9.435000	-3.167655e-02
9.440000	-3.295395e-02
9.445000	-3.642375e-02
9.450000	-3.966723e-02
9.455000	-4.230670e-02
9.460000	-4.436954e-02
9.465000	-4.489481e-02
9.470000	-4.487955e-02
9.475000	-4.690940e-02
9.480000	-4.865505e-02
9.485000	-4.631874e-02
9.490000	-4.266219e-02
9.495000	-3.758810e-02
9.500000	-2.753059e-02
9.505000	-1.385461e-02
9.510000	9.300232e-05
9.515000	1.532244e-02
9.520000	2.697606e-02
9.525000	4.181164e-02
9.530000	5.358478e-02
9.535000	5.809031e-02
9.540000	6.290852e-02
9.545000	6.584200e-02
9.550000	6.152881e-02
9.555000	5.093876e-02
9.560000	3.692813e-02
9.565000	2.357722e-02
9.570000	1.074222e-02
9.575000	3.169977e-03
9.580000	-4.572124e-03
9.585000	-1.386573e-02
9.590000	-1.941329e-02
9.595000	-2.453986e-02
9.600000	-3.156050e-02
9.605000	-3.588154e-02
9.610000	-4.004901e-02
9.615000	-4.774336e-02
9.620000	-5.388824e-02
9.625000	-6.339056e-02
9.630000	-6.787234e-02
9.635000	-7.518759e-02
9.640000	-8.679558e-02
9.645000	-9.501844e-02
9.650000	-1.058812e-01
9.655000	-1.183268e-01
9.660000	-1.249940e-01
9.665000	-1.324835e-01
9.670000	-1.404328e-01
9.675000	-1.456224e-01
9.680000	-1.488987e-01
9.685000	-1.472833e-01
9.690000	-1.432782e-01
9.695000	-1.347288e-01
9.700000	-1.271950e-01
9.705000	-1.157006e-01
9.710000	-1.051709e-01
9.715000	-9.619201e-02
9.720000	-8.594014e-02
9.725000	-7.235206e-02
9.730000	-6.232762e-02
9.735000	-5.239421e-02
9.740000	-4.463916e-02
9.745000	-3.900627e-02
9.750000	-3.280247e-02
9.755000	-3.092020e-02
9.760000	-2.699596e-02
9.765000	-2.140046e-02
9.770000	-1.724366e-02
9.775000	-9.989199e-03
9.780000	-2.729639e-03
9.785000	3.193206e-03
9.790000	1.469047e-02
9.795000	2.949074e-02
9.800000	4.241099e-02
9.805000	5.774744e-02
9.810000	7.084708e-02
9.815000	8.620638e-02
9.820000	1.040158e-01
9.825000	1.169730e-01
9.830000	1.246554e-01
9.835000	1.320253e-01
9.840000	1.288108e-01
9.845000	1.187444e-01
9.850000	1.094987e-01
9.855000	1.004745e-01
9.860000	9.074431e-02
9.865000	8.668006e-02
9.870000	8.337968e-02
9.875000	7.585345e-02
9.880000	7.246806e-02
9.885000	6.615418e-02
9.890000	5.805900e-02
9.895000	5.143865e-02
9.900000	4.261224e-02
9.905000	3.340887e-02
9.910000	2.651530e-02
9.915000	2.048325e-02
9.920000	1.642058e-02
9.925000	1.159612e-02
9.930000	7.128748e-03
9.935000	6.136417e-03
9.940000	5.669028e-03
9.945000	4.985077e-03
9.950000	4.649969e-03
9.955000	6.708726e-03
9.960000	1.233964e-02
9.965000	1.727806e-02
9.970000	2.286026e-02
9.975000	2.619730e-02
9.980000	3.237490e-02
9.985000	4.018836e-02
9.990000	4.603935e-02
9.995000	5.373877e-02
10.000000	6.229143e-02
10.005000	6.429551e-02
10.010000	6.482809e-02
10.015000	6.391133e-02
10.020000	5.968648e-02
10.025000	5.285229e-02
10.030000	4.445857e-02
10.035000	3.317515e-02
10.040000	2.214766e-02
10.045000	1.737152e-02
10.050000	1.654085e-02
10.055000	1.498108e-02
10.060000	1.417795e-02
10.065000	1.388853e-02
10.070000	1.357476e-02
10.075000	1.222189e-02
10.080000	8.108288e-03
10.085000	2.832758e-03
10.090000	-3.057061e-03
10.095000	-1.199030e-02
10.100000	-1.734189e-02
10.105000	-2.374726e-02
10.110000	-3.319394e-02
10.115000	-4.038937e-02
10.120000	-5.081886e-02
10.125000	-6.192813e-02
10.130000	-6.748469e-02
10.135000	-7.608239e-02
10.140000	-8.786754e-02
10.145000	-9.775136e-02
10.150000	-1.060762e-01
10.155000	-1.098053e-01
10.160000	-1.129682e-01
10.165000	-1.171032e-01
10.170000	-1.172422e-01
10.175000	-1.158162e-01
10.180000	-1.132078e-01
10.185000	-1.091996e-01
10.190000	-1.019933e-01
10.195000	-8.965065e-02
10.200000	-7.864166e-02
10.205000	-7.026780e-02
10.210000	-6.165986e-02
10.215000	-4.880014e-02
10.220000	-3.510570e-02
10.225000	-2.515405e-02
10.230000	-1.571757e-02
10.235000	-4.538973e-03
10.240000	2.764006e-03
10.245000	1.198149e-02
10.250000	2.369910e-02
10.255000	3.206624e-02
10.260000	3.820205e-02
10.265000	4.306245e-02
10.270000	4.682434e-02
10.275000	5.084809e-02
10.280000	5.276578e-02
10.285000	5.306612e-02
10.290000	5.115821e-02
10.295000	4.818462e-02
10.300000	4.452018e-02
10.305000	3.752472e-02
10.310000	2.942532e-02
10.315000	2.343043e-02
10.320000	2.100121e-02
10.325000	1.925698e-02
10.330000	1.710561e-02
10.335000	1.630085e-02
10.340000	1.532214e-02
10.345000	1.371552e-02
10.350000	1.417991e-02
10.355000	1.462696e-02
10.360000	1.348304e-02
10.365000	1.211943e-02
10.370000	9.459260e-03
10.375000	6.239346e-03
10.380000	3.590049e-03
10.385000	1.115209e-03
10.390000	-1.919155e-03
10.395000	-8.477222e-03
10.400000	-1.662595e-02
10.405000	-2.135014e-02
10.410000	-2.412914e-02
10.415000	-2.826061e-02
10.420000	-3.108233e-02
10.425000	-3.151565e-02
10.430000	-3.182394e-02
10.435000	-3.067388e-02
10.440000	-2.785849e-02
10.445000	-2.448589e-02
10.450000	-1.985550e-02
10.455000	-1.457725e-02
10.460000	-1.063744e-02
10.465000	-4.979678e-03
10.470000	2.413954e-03
10.475000	7.737021e-03
10.480000	1.347615e-02
10.485000	2.074270e-02
10.490000	2.875989e-02
10.495000	3.752724e-02
10.500000	4.292632e-02
10.505000	4.597220e-02
10.510000	4.800837e-02
10.515000	4.645875e-02
10.520000	4.241012e-02
10.525000	3.669228e-02
10.530000	2.954183e-02
10.535000	2.129694e-02
10.540000	1.209568e-02
10.545000	3.588663e-03
10.550000	-2.034201e-03
10.555000	-5.760456e-03
10.560000	-8.834032e-03
10.565000	-1.275038e-02
10.570000	-1.323050e-02
10.575000	-1.002148e-02
10.580000	-5.863399e-03
10.585000	9.842853e-04
10.590000	8.641808e-03
10.595000	1.821986e-02
10.600000	2.882511e-02
10.605000	3.704267e-02
10.610000	4.027074e-02
10.615000	3.837835e-02
10.620000	3.703928e-02
10.625000	3.731046e-02
10.630000	3.787349e-02
10.635000	3.710045e-02
10.640000	3.485697e-02
10.645000	3.359467e-02
10.650000	3.490535e-02
10.655000	3.914262e-02
10.660000	4.548348e-02
10.665000	5.298253e-02
10.670000	6.117692e-02
10.675000	7.100925e-02
10.680000	8.031094e-02
10.685000	8.805959e-02
10.690000	9.475755e-02
10.695000	9.841462e-02
10.700000	1.008398e-01
10.705000	1.049871e-01
10.710000	1.076731e-01
10.715000	1.069380e-01
10.720000	1.041194e-01
10.725000	1.003024e-01
10.730000	9.641121e-02
10.735000	9.343459e-02
10.740000	9.071396e-02
10.745000	8.527504e-02
10.750000	7.850465e-02
10.755000	7.126082e-02
10.760000	6.283830e-02
10.765000	5.597007e-02
10.770000	4.940212e-02
10.775000	4.176825e-02
10.780000	3.453512e-02
10.785000	2.836770e-02
10.790000	2.354770e-02
10.795000	1.997917e-02
10.800000	1.618246e-02
10.805000	1.355590e-02
10.810000	1.065342e-02
10.815000	7.492057e-03
10.820000	4.456288e-03
10.825000	1.729403e-03
10.830000	-1.098078e-04
10.835000	-1.087531e-03
10.840000	-3.111591e-03
10.845000	-6.802064e-03
10.850000	-9.666241e-03
10.855000	-1.179265e-02
10.860000	-1.430010e-02
10.865000	-1.853240e-02
10.870000	-2.525616e-02
10.875000	-3.215233e-02
10.880000	-3.906335e-02
10.885000	-5.043606e-02
10.890000	-6.446878e-02
10.895000	-7.779557e-02
10.900000	-8.861648e-02
10.905000	-9.689070e-02
10.910000	-1.048929e-01
10.915000	-1.086865e-01
10.920000	-1.102254e-01
10.925000	-1.115678e-01
10.930000	-1.112564e-01
10.935000	-1.092524e-01
10.940000	-1.064173e-01
10.945000	-1.057715e-01
10.950000	-1.052559e-01
10.955000	-1.040553e-01
10.960000	-1.028266e-01
10.965000	-9.988400e-02
10.970000	-9.762169e-02
10.975000	-9.603947e-02
10.980000	-9.036011e-02
10.985000	-8.393966e-02
10.990000	-7.725605e-02
10.995000	-6.882162e-02
11.000000	-6.172557e-02
11.005000	-5.598362e-02
11.010000	-4.621103e-02
11.015000	-3.466781e-02
11.020000	-2.587492e-02
11.025000	-1.863117e-02
11.030000	-1.436867e-02
11.035000	-9.078132e-03
11.040000	-4.545303e-03
11.045000	-2.317362e-03
11.050000	-1.076097e-03
11.055000	-1.645291e-03
11.060000	-3.718113e-03
11.065000	-8.329965e-03
11.070000	-1.343392e-02
11.075000	-1.824519e-02
11.080000	-2.353738e-02
11.085000	-2.508187e-02
11.090000	-2.798144e-02
11.095000	-3.146772e-02
11.100000	-3.349539e-02
11.105000	-3.618514e-02
11.110000	-3.771930e-02
11.115000	-3.874347e-02
11.120000	-4.037720e-02
11.125000	-3.949447e-02
11.130000	-3.785034e-02
11.135000	-3.633177e-02
11.140000	-3.519801e-02
11.145000	-3.204058e-02
11.150000	-2.937019e-02
11.155000	-2.750570e-02
11.160000	-2.469328e-02
11.165000	-2.046401e-02
11.170000	-1.692091e-02
11.175000	-1.227801e-02
11.180000	-5.849558e-03
11.185000	-3.031652e-03
11.190000	1.097578e-03
11.195000	5.949602e-03
11.200000	1.201505e-02
11.205000	1.558115e-02
11.210000	1.746580e-02
11.215000	2.153424e-02
11.220000	2.492399e-02
11.225000	2.606596e-02
11.230000	2.934339e-02
11.235000	3.252739e-02
11.240000	3.433362e-02
11.245000	3.535316e-02
11.250000	3.735795e-02
11.255000	4.067972e-02
11.260000	4.228173e-02
11.265000	4.284170e-02
11.270000	4.391269e-02
11.275000	4.564907e-02
11.280000	4.604086e-02
11.285000	4.391094e-02
11.290000	4.240342e-02
11.295000	4.069519e-02
11.300000	3.625029e-02
11.305000	3.131109e-02
11.310000	2.707286e-02
11.315000	2.404877e-02
11.320000	2.126486e-02
11.325000	1.681193e-02
11.330000	1.270016e-02
11.335000	9.484089e-03
11.340000	5.111430e-03
11.345000	2.239673e-03
11.350000	1.816397e-03
11.355000	-3.746833e-04
11.360000	-3.839229e-03
11.365000	-3.970647e-03
11.370000	-7.473347e-04
11.375000	3.354164e-03
11.380000	7.900011e-03
11.385000	1.270686e-02
11.390000	1.675463e-02
11.395000	2.192930e-02
11.400000	2.762372e-02
11.405000	3.304809e-02
11.410000	3.975759e-02
11.415000	4.259198e-02
11.420000	4.453278e-02
11.425000	4.664716e-02
11.430000	4.837928e-02
11.435000	4.906542e-02
11.440000	4.765620e-02
11.445000	4.506520e-02
11.450000	4.328980e-02
11.455000	4.284318e-02
11.460000	4.046011e-02
11.465000	3.692677e-02
11.470000	3.457233e-02
11.475000	3.366421e-02
11.480000	3.290971e-02
11.485000	3.148401e-02
11.490000	2.949954e-02
11.495000	3.010781e-02
11.500000	3.339979e-02
11.505000	3.613346e-02
11.510000	3.824852e-02
11.515000	4.253355e-02
11.520000	5.011443e-02
11.525000	5.733910e-02
11.530000	6.362726e-02
11.535000	6.939268e-02
11.540000	7.565368e-02
11.545000	8.241121e-02
11.550000	8.573632e-02
11.555000	8.716864e-02
11.560000	8.821379e-02
11.565000	8.794118e-02
11.570000	8.612222e-02
11.575000	8.079789e-02
11.580000	7.374264e-02
11.585000	6.732051e-02
11.590000	6.179009e-02
11.595000	5.429276e-02
11.600000	4.400755e-02
11.605000	3.720632e-02
11.610000	2.929976e-02
11.615000	2.026088e-02
11.620000	1.230777e-02
11.625000	4.088135e-03
11.630000	-2.952619e-03
11.635000	-7.951286e-03
11.640000	-1.417064e-02
11.645000	-2.240563e-02
11.650000	-3.080740e-02
11.655000	-4.109673e-02
11.660000	-4.818331e-02
11.665000	-5.352968e-02
11.670000	-6.068471e-02
11.675000	-6.679886e-02
11.680000	-7.379360e-02
11.685000	-8.138821e-02
11.690000	-8.546606e-02
11.695000	-8.845996e-02
11.700000	-9.359766e-02
11.705000	-9.745579e-02
11.710000	-1.000236e-01
11.715000	-9.964336e-02
11.720000	-9.764488e-02
11.725000	-9.307137e-02
11.730000	-8.715242e-02
11.735000	-7.948279e-02
11.740000	-6.936633e-02
11.745000	-6.189353e-02
11.750000	-5.498104e-02
11.755000	-4.665015e-02
11.760000	-3.997534e-02
11.765000	-3.278066e-02
11.770000	-2.706111e-02
11.775000	-2.166650e-02
11.780000	-1.622612e-02
11.785000	-1.175177e-02
11.790000	-6.964604e-03
11.795000	1.127771e-03
11.800000	8.145241e-03
11.805000	1.502294e-02
11.810000	2.069878e-02
11.815000	2.641468e-02
11.820000	3.061510e-02
11.825000	3.060437e-02
11.830000	3.254170e-02
11.835000	3.503126e-02
11.840000	3.524860e-02
11.845000	3.715547e-02
11.850000	3.955478e-02
11.855000	4.128454e-02
11.860000	4.123511e-02
11.865000	4.200012e-02
11.870000	4.106014e-02
11.875000	3.883162e-02
11.880000	3.712503e-02
11.885000	3.508786e-02
11.890000	2.972965e-02
11.895000	2.763304e-02
11.900000	2.549097e-02
11.905000	2.211957e-02
11.910000	1.929909e-02
11.915000	1.822388e-02
11.920000	1.924075e-02
11.925000	1.821413e-02
11.930000	1.585834e-02
11.935000	1.500698e-02
11.940000	1.585153e-02
11.945000	1.609210e-02
11.950000	1.572253e-02
11.955000	1.475644e-02
11.960000	1.347489e-02
11.965000	1.287366e-02
11.970000	1.036051e-02
11.975000	3.231860e-03
11.980000	-2.273250e-03
11.985000	-8.246558e-03
11.990000	-1.735715e-02
11.995000	-2.762291e-02
12.000000	-3.838605e-02
12.005000	-4.554753e-02
12.010000	-5.037240e-02
12.015000	-5.533616e-02
12.020000	-5.791399e-02
12.025000	-6.290885e-02
12.030000	-6.823502e-02
12.035000	-6.993252e-02
12.040000	-7.016177e-02
12.045000	-6.966116e-02
12.050000	-7.020550e-02
12.055000	-7.092511e-02
12.060000	-7.045825e-02
12.065000	-6.855167e-02
12.070000	-6.694072e-02
12.075000	-6.840396e-02
12.080000	-7.042821e-02
12.085000	-7.158991e-02
12.090000	-7.062564e-02
12.095000	-7.032983e-02
12.100000	-7.022379e-02
12.105000	-6.891815e-02
12.110000	-6.717821e-02
12.115000	-6.610427e-02
12.120000	-6.326489e-02
12.125000	-6.002376e-02
12.130000	-5.489237e-02
12.135000	-4.715530e-02
12.140000	-4.059305e-02
12.145000	-3.582279e-02
12.150000	-2.807751e-02
12.155000	-1.835024e-02
12.160000	-1.043647e-02
12.165000	-2.667705e-03
12.170000	3.323191e-03
12.175000	9.731627e-03
12.180000	1.518642e-02
12.185000	1.674723e-02
12.190000	1.935330e-02
12.195000	2.215014e-02
12.200000	2.329315e-02
12.205000	2.282604e-02
12.210000	2.040069e-02
12.215000	1.661620e-02
12.220000	1.198207e-02
12.225000	8.318350e-03
12.230000	2.742853e-03
12.235000	-1.475954e-03
12.240000	-2.420961e-03
12.245000	-5.493486e-03
12.250000	-9.729805e-03
12.255000	-1.257355e-02
12.260000	-1.487347e-02
12.265000	-1.649167e-02
12.270000	-1.740670e-02
12.275000	-1.772461e-02
12.280000	-1.728229e-02
12.285000	-1.650233e-02
12.290000	-1.562473e-02
12.295000	-1.434185e-02
12.300000	-1.063584e-02
12.305000	-5.494276e-03
12.310000	-8.703777e-04
12.315000	4.065053e-03
12.320000	6.986942e-03
12.325000	8.877832e-03
12.330000	1.191288e-02
12.335000	1.528634e-02
12.340000	1.811761e-02
12.345000	2.006406e-02
12.350000	2.179428e-02
12.355000	2.530213e-02
12.360000	2.950719e-02
12.365000	3.228334e-02
12.370000	3.705591e-02
12.375000	4.338845e-02
12.380000	4.955101e-02
12.385000	5.606181e-02
12.390000	6.181590e-02
12.395000	6.742372e-02
12.400000	7.440611e-02
12.405000	8.003974e-02
12.410000	8.463325e-02
12.415000	8.790479e-02
12.420000	8.937698e-02
12.425000	8.992974e-02
12.430000	8.997690e-02
12.435000	8.851122e-02
12.440000	8.445688e-02
12.445000	8.134539e-02
12.450000	7.880923e-02
12.455000	7.694280e-02
12.460000	7.618199e-02
12.465000	7.392949e-02
12.470000	7.171711e-02
12.475000	7.106910e-02
12.480000	7.139039e-02
12.485000	7.151110e-02
12.490000	7.046244e-02
12.495000	6.834115e-02
12.500000	6.629240e-02
12.505000	6.267725e-02
12.510000	5.828935e-02
12.515000	5.143777e-02
12.520000	4.133703e-02
12.525000	3.262518e-02
12.530000	2.348540e-02
12.535000	1.068853e-02
12.540000	-1.484666e-03
12.545000	-1.181710e-02
12.550000	-2.161309e-02
12.555000	-3.015845e-02
12.560000	-3.862894e-02
12.565000	-4.663574e-02
12.570000	-5.174724e-02
12.575000	-5.388606e-02
12.580000	-5.427437e-02
12.585000	-5.276778e-02
12.590000	-5.004970e-02
12.595000	-4.726260e-02
12.600000	-4.477433e-02
12.605000	-4.344386e-02
12.610000	-4.297278e-02
12.615000	-4.122148e-02
12.620000	-4.057108e-02
12.625000	-4.060233e-02
12.630000	-4.053563e-02
12.635000	-4.197025e-02
12.640000	-4.550578e-02
12.645000	-4.838024e-02
12.650000	-4.997058e-02
12.655000	-5.507285e-02
12.660000	-6.228356e-02
12.665000	-6.469417e-02
12.670000	-6.631652e-02
12.675000	-6.810981e-02
12.680000	-6.791861e-02
12.685000	-6.716550e-02
12.690000	-6.577155e-02
12.695000	-6.387731e-02
12.700000	-5.785536e-02
12.705000	-5.157949e-02
12.710000	-4.608283e-02
12.715000	-4.076127e-02
12.720000	-3.670619e-02
12.725000	-3.115441e-02
12.730000	-2.470700e-02
12.735000	-1.842880e-02
12.740000	-1.381310e-02
12.745000	-1.244795e-02
12.750000	-9.848371e-03
12.755000	-6.555294e-03
12.760000	-4.056209e-03
12.765000	-1.511094e-03
12.770000	2.557034e-03
12.775000	5.175583e-03
12.780000	8.767709e-03
12.785000	1.385386e-02
12.790000	1.765401e-02
12.795000	2.371682e-02
12.800000	2.777853e-02
12.805000	2.933371e-02
12.810000	3.228922e-02
12.815000	3.562147e-02
12.820000	3.731846e-02
12.825000	3.655173e-02
12.830000	3.519719e-02
12.835000	3.148856e-02
12.840000	2.608548e-02
12.845000	1.859605e-02
12.850000	1.047190e-02
12.855000	3.617315e-03
12.860000	-4.247794e-03
12.865000	-1.334729e-02
12.870000	-1.836669e-02
12.875000	-2.380963e-02
12.880000	-2.952103e-02
12.885000	-3.037155e-02
12.890000	-3.121192e-02
12.895000	-3.239241e-02
12.900000	-3.208197e-02
12.905000	-3.063737e-02
12.910000	-2.889571e-02
12.915000	-2.830397e-02
12.920000	-2.675508e-02
12.925000	-2.527987e-02
12.930000	-2.224910e-02
12.935000	-1.978391e-02
12.940000	-1.692475e-02
12.945000	-1.202682e-02
12.950000	-7.660680e-03
12.955000	-4.303610e-03
12.960000	9.690157e-04
12.965000	7.682662e-03
12.970000	1.365038e-02
12.975000	1.869841e-02
12.980000	2.320496e-02
12.985000	3.098661e-02
12.990000	3.907969e-02
12.995000	4.560572e-02
13.000000	5.310026e-02
13.005000	5.840210e-02
13.010000	6.030298e-02
13.015000	6.235093e-02
13.020000	6.488938e-02
13.025000	6.647396e-02
13.030000	6.744703e-02
13.035000	6.697886e-02
13.040000	6.692958e-02
13.045000	6.740670e-02
13.050000	6.748329e-02
13.055000	6.649781e-02
13.060000	6.443647e-02
13.065000	6.320050e-02
13.070000	6.203204e-02
13.075000	6.100607e-02
13.080000	5.888996e-02
13.085000	5.548494e-02
13.090000	5.068781e-02
13.095000	4.402275e-02
13.100000	3.913725e-02
13.105000	3.455868e-02
13.110000	2.827757e-02
13.115000	2.456016e-02
13.120000	2.158986e-02
13.125000	1.758400e-02
13.130000	1.634857e-02
13.135000	1.628388e-02
13.140000	1.578421e-02
13.145000	1.507184e-02
13.150000	1.367399e-02
13.155000	1.244972e-02
13.160000	1.060325e-02
13.165000	9.761122e-03
13.170000	8.174080e-03
13.175000	6.847300e-03
13.180000	4.376647e-03
13.185000	2.431869e-03
13.190000	3.343518e-06
13.195000	-6.833278e-03
13.200000	-1.245705e-02
13.205000	-1.765666e-02
13.210000	-2.208042e-02
13.215000	-2.755220e-02
13.220000	-3.333459e-02
13.225000	-3.799039e-02
13.230000	-4.217987e-02
13.235000	-4.726996e-02
13.240000	-4.947395e-02
13.245000	-5.201700e-02
13.250000	-5.460700e-02
13.255000	-5.557875e-02
13.260000	-5.613937e-02
13.265000	-5.601239e-02
13.270000	-5.649253e-02
13.275000	-5.662366e-02
13.280000	-5.504292e-02
13.285000	-5.193601e-02
13.290000	-5.098162e-02
13.295000	-5.097837e-02
13.300000	-5.160879e-02
13.305000	-5.142697e-02
13.310000	-4.990995e-02
13.315000	-4.773020e-02
13.320000	-4.742777e-02
13.325000	-4.844864e-02
13.330000	-4.866243e-02
13.335000	-4.762108e-02
13.340000	-4.481090e-02
13.345000	-4.137433e-02
13.350000	-3.971600e-02
13.355000	-3.640663e-02
13.360000	-3.289279e-02
13.365000	-3.039035e-02
13.370000	-2.762592e-02
13.375000	-2.610522e-02
13.380000	-2.095304e-02
13.385000	-1.664890e-02
13.390000	-1.647950e-02
13.395000	-1.536365e-02
13.400000	-1.168415e-02
13.405000	-9.880700e-03
13.410000	-9.199099e-03
13.415000	-7.497673e-03
13.420000	-5.322301e-03
13.425000	-2.540839e-03
13.430000	-1.337497e-03
13.435000	-3.041260e-04
13.440000	8.401063e-04
13.445000	5.984576e-04
13.450000	7.421403e-05
13.455000	-1.448010e-03
13.460000	-3.607543e-03
13.465000	-6.036706e-03
13.470000	-8.153288e-03
13.475000	-1.001749e-02
13.480000	-1.513983e-02
13.485000	-1.984457e-02
13.490000	-2.269616e-02
13.495000	-2.469554e-02
13.500000	-2.662471e-02
13.505000	-2.918315e-02
13.510000	-2.939636e-02
13.515000	-2.802422e-02
13.520000	-2.646069e-02
13.525000	-2.555581e-02
13.530000	-2.349471e-02
13.535000	-2.024681e-02
13.540000	-1.734650e-02
13.545000	-1.477142e-02
13.550000	-1.299820e-02
13.555000	-1.211833e-02
13.560000	-1.067780e-02
13.565000	-9.641676e-03
13.570000	-8.428582e-03
13.575000	-6.233054e-03
13.580000	-4.492761e-03
13.585000	-4.285872e-03
13.590000	-3.642910e-03
13.595000	-1.901784e-03
13.600000	-2.410696e-03
13.605000	-2.948057e-03
13.610000	-4.644542e-03
13.615000	-5.192631e-03
13.620000	-6.258645e-03
13.625000	-7.364910e-03
13.630000	-7.297284e-03
13.635000	-6.918300e-03
13.640000	-5.694796e-03
13.645000	-4.033542e-03
13.650000	-4.484082e-03
13.655000	-4.113345e-03
13.660000	-1.526895e-03
13.665000	1.304953e-03
13.670000	5.948508e-03
13.675000	8.153731e-03
13.680000	1.392060e-02
13.685000	2.226766e-02
13.690000	2.616373e-02
13.695000	3.084162e-02
13.700000	3.836716e-02
13.705000	4.305707e-02
13.710000	4.497501e-02
13.715000	4.609573e-02
13.720000	4.828240e-02
13.725000	4.948522e-02
13.730000	5.160008e-02
13.735000	5.210214e-02
13.740000	5.354034e-02
13.745000	5.451625e-02
13.750000	5.406537e-02
13.755000	5.402289e-02
13.760000	5.324761e-02
13.765000	5.162556e-02
13.770000	5.099536e-02
13.775000	5.113074e-02
13.780000	5.000240e-02
13.785000	4.913817e-02
13.790000	4.745901e-02
13.795000	4.629361e-02
13.800000	4.553575e-02
13.805000	4.427072e-02
13.810000	4.273283e-02
13.815000	4.354995e-02
13.820000	4.385466e-02
13.825000	4.296597e-02
13.830000	4.119777e-02
13.835000	3.992035e-02
13.840000	4.047270e-02
13.845000	3.897021e-02
13.850000	3.618464e-02
13.855000	3.486574e-02
13.860000	3.285368e-02
13.865000	3.027745e-02
13.870000	2.834641e-02
13.875000	2.548484e-02
13.880000	2.137600e-02
13.885000	1.874091e-02
13.890000	1.564878e-02
13.895000	1.215716e-02
13.900000	7.681576e-03
13.905000	4.574472e-03
13.910000	3.476835e-03
13.915000	6.900730e-04
13.920000	-1.909745e-03
13.925000	-2.216564e-03
13.930000	-3.439314e-03
13.935000	-4.105536e-03
13.940000	-3.910034e-03
13.945000	-3.285567e-03
13.950000	-1.646109e-03
13.955000	-1.554222e-04
13.960000	8.348221e-04
13.965000	2.307054e-03
13.970000	3.667061e-03
13.975000	5.193813e-03
13.980000	6.610295e-03
13.985000	7.118230e-03
13.990000	6.653111e-03
13.995000	6.929238e-03
14.000000	7.373289e-03
14.005000	6.497253e-03
14.010000	3.489679e-03
14.015000	1.980606e-04
14.020000	-2.087951e-03
14.025000	-3.462203e-03
14.030000	-4.499238e-03
14.035000	-7.176009e-03
14.040000	-9.563688e-03
14.045000	-9.426847e-03
14.050000	-9.551299e-03
14.055000	-1.128844e-02
14.060000	-1.209520e-02
14.065000	-1.051727e-02
14.070000	-9.028461e-03
14.075000	-8.875701e-03
14.080000	-7.961175e-03
14.085000	-6.908240e-03
14.090000	-5.839468e-03
14.095000	-3.203770e-03
14.100000	-1.717493e-03
14.105000	-1.218356e-03
14.110000	-1.324391e-03
14.115000	-1.586604e-03
14.120000	-2.788042e-03
14.125000	-4.579380e-03
14.130000	-3.632526e-03
14.135000	-2.074943e-03
14.140000	-1.700050e-03
14.145000	-4.146686e-04
14.150000	9.234133e-04
14.155000	1.382150e-03
14.160000	1.270801e-03
14.165000	2.548113e-03
14.170000	4.628601e-03
14.175000	4.283793e-03
14.180000	3.851358e-03
14.185000	4.866166e-03
14.190000	6.191205e-03
14.195000	5.777429e-03
14.200000	4.924955e-03
14.205000	3.928143e-03
14.210000	2.818084e-03
14.215000	-1.492756e-04
14.220000	-1.987642e-03
14.225000	-3.554957e-03
14.230000	-7.712537e-03
14.235000	-8.100187e-03
14.240000	-1.145641e-02
14.245000	-1.455694e-02
14.250000	-1.627438e-02
14.255000	-2.250830e-02
14.260000	-2.983618e-02
14.265000	-3.086447e-02
14.270000	-3.257718e-02
14.275000	-3.444288e-02
14.280000	-3.413350e-02
14.285000	-3.404668e-02
14.290000	-3.286323e-02
14.295000	-3.092694e-02
14.300000	-3.180552e-02
14.305000	-3.216078e-02
14.310000	-3.228232e-02
14.315000	-3.368566e-02
14.320000	-3.549717e-02
14.325000	-3.629123e-02
14.330000	-3.804776e-02
14.335000	-3.921609e-02
14.340000	-4.048400e-02
14.345000	-3.989967e-02
14.350000	-3.972945e-02
14.355000	-4.023777e-02
14.360000	-4.032242e-02
14.365000	-3.944707e-02
14.370000	-3.726728e-02
14.375000	-3.475963e-02
14.380000	-3.229213e-02
14.385000	-3.136866e-02
14.390000	-3.069587e-02
14.395000	-2.852265e-02
14.400000	-2.721337e-02
14.405000	-2.603166e-02
14.410000	-2.653455e-02
14.415000	-2.577497e-02
14.420000	-2.346016e-02
14.425000	-2.147696e-02
14.430000	-1.993070e-02
14.435000	-1.846243e-02
14.440000	-1.549091e-02
14.445000	-1.454941e-02
14.450000	-1.395940e-02
14.455000	-1.304297e-02
14.460000	-1.476989e-02
14.465000	-1.835514e-02
14.470000	-2.243307e-02
14.475000	-2.852498e-02
14.480000	-3.409841e-02
14.485000	-3.743710e-02
14.490000	-4.176964e-02
14.495000	-4.566510e-02
14.500000	-4.822065e-02
14.505000	-5.043380e-02
14.510000	-5.107483e-02
14.515000	-5.078404e-02
14.520000	-5.097408e-02
14.525000	-5.051306e-02
14.530000	-4.901177e-02
14.535000	-4.835410e-02
14.540000	-4.842346e-02
14.545000	-4.601098e-02
14.550000	-4.240047e-02
14.555000	-3.995136e-02
14.560000	-3.775757e-02
14.565000	-3.443212e-02
14.570000	-2.921509e-02
14.575000	-2.335497e-02
14.580000	-1.824624e-02
14.585000	-1.276933e-02
14.590000	-8.358425e-03
14.595000	-2.569192e-03
14.600000	4.562534e-03
14.605000	8.437235e-03
14.610000	1.146192e-02
14.615000	1.449441e-02
14.620000	1.575772e-02
14.625000	1.777739e-02
14.630000	1.999728e-02
14.635000	2.087339e-02
14.640000	2.078728e-02
14.645000	2.065159e-02
14.650000	2.080711e-02
14.655000	2.084755e-02
14.660000	2.089363e-02
14.665000	2.155637e-02
14.670000	2.303129e-02
14.675000	2.385919e-02
14.680000	2.348328e-02
14.685000	2.413360e-02
14.690000	2.718850e-02
14.695000	3.050914e-02
14.700000	3.299770e-02
14.705000	3.550462e-02
14.710000	3.814930e-02
14.715000	4.025514e-02
14.720000	4.154337e-02
14.725000	4.292591e-02
14.730000	4.237863e-02
14.735000	4.179922e-02
14.740000	4.332889e-02
14.745000	4.346415e-02
14.750000	4.149280e-02
14.755000	3.874931e-02
14.760000	3.489091e-02
14.765000	3.189425e-02
14.770000	3.161274e-02
14.775000	2.769427e-02
14.780000	2.199915e-02
14.785000	1.997664e-02
14.790000	1.953203e-02
14.795000	1.889395e-02
14.800000	1.882782e-02
14.805000	1.880026e-02
14.810000	1.830771e-02
14.815000	1.697045e-02
14.820000	1.518396e-02
14.825000	1.540533e-02
14.830000	1.477495e-02
14.835000	1.277633e-02
14.840000	1.224018e-02
14.845000	1.043520e-02
14.850000	7.535778e-03
14.855000	5.618330e-03
14.860000	4.252174e-03
14.865000	4.742811e-03
14.870000	4.981367e-03
14.875000	4.510820e-03
14.880000	4.185704e-03
14.885000	4.668658e-03
14.890000	6.236496e-03
14.895000	8.044132e-03
14.900000	1.049350e-02
14.905000	1.319672e-02
14.910000	1.361669e-02
14.915000	1.500059e-02
14.920000	1.638163e-02
14.925000	1.892902e-02
14.930000	2.055264e-02
14.935000	2.093022e-02
14.940000	2.063942e-02
14.945000	2.063271e-02
14.950000	2.098112e-02
14.955000	2.107646e-02
14.960000	2.091469e-02
14.965000	2.080390e-02
14.970000	2.164101e-02
14.975000	2.375294e-02
14.980000	2.567906e-02
14.985000	2.700688e-02
14.990000	2.754842e-02
14.995000	3.095103e-02
15.000000	3.411055e-02
15.005000	3.677040e-02
15.010000	3.972664e-02
15.015000	4.222235e-02
15.020000	4.324293e-02
15.025000	4.274087e-02
15.030000	4.444276e-02
15.035000	4.619041e-02
15.040000	4.375023e-02
15.045000	4.248477e-02
15.050000	4.203393e-02
15.055000	3.993181e-02
15.060000	3.928280e-02
15.065000	3.753478e-02
15.070000	3.738108e-02
15.075000	3.572527e-02
15.080000	3.378301e-02
15.085000	3.255511e-02
15.090000	3.216571e-02
15.095000	3.264417e-02
15.100000	3.181842e-02
15.105000	3.009435e-02
15.110000	2.923401e-02
15.115000	2.798391e-02
15.120000	2.448239e-02
15.125000	2.330051e-02
15.130000	2.423456e-02
15.135000	2.273610e-02
15.140000	2.024112e-02
15.145000	1.925027e-02
15.150000	1.789048e-02
15.155000	1.744483e-02
15.160000	1.601484e-02
15.165000	1.528362e-02
15.170000	1.597695e-02
15.175000	1.669887e-02
15.180000	1.742503e-02
15.185000	1.789470e-02
15.190000	1.948412e-02
15.195000	2.073594e-02
15.200000	2.138208e-02
15.205000	2.240685e-02
15.210000	2.438663e-02
15.215000	2.595520e-02
15.220000	2.890368e-02
15.225000	3.030862e-02
15.230000	3.070308e-02
15.235000	3.196857e-02
15.240000	3.213896e-02
15.245000	3.393586e-02
15.250000	3.588595e-02
15.255000	3.474649e-02
15.260000	3.280551e-02
15.265000	3.059800e-02
15.270000	2.868000e-02
15.275000	2.597968e-02
15.280000	2.475951e-02
15.285000	1.993406e-02
15.290000	1.513149e-02
15.295000	1.324013e-02
15.300000	1.046823e-02
15.305000	7.473950e-03
15.310000	4.429575e-03
15.315000	-7.438117e-04
15.320000	-4.484003e-03
15.325000	-6.336299e-03
15.330000	-9.031386e-03
15.335000	-1.206212e-02
15.340000	-1.464360e-02
15.345000	-1.633302e-02
15.350000	-1.790517e-02
15.355000	-1.984663e-02
15.360000	-2.072195e-02
15.365000	-2.082877e-02
15.370000	-2.215474e-02
15.375000	-2.281169e-02
15.380000	-2.330713e-02
15.385000	-2.557777e-02
15.390000	-2.703314e-02
15.395000	-2.855918e-02
15.400000	-3.151355e-02
15.405000	-3.402351e-02
15.410000	-3.698996e-02
15.415000	-3.961323e-02
15.420000	-4.067580e-02
15.425000	-4.315208e-02
15.430000	-4.659395e-02
15.435000	-4.770651e-02
15.440000	-4.682834e-02
15.445000	-4.509786e-02
15.450000	-4.487748e-02
15.455000	-4.415334e-02
15.460000	-4.193122e-02
15.465000	-4.010646e-02
15.470000	-4.009362e-02
15.475000	-4.051060e-02
15.480000	-4.042675e-02
15.485000	-4.096935e-02
15.490000	-4.257059e-02
15.495000	-4.376699e-02
15.500000	-4.603760e-02
15.505000	-4.929101e-02
15.510000	-5.219126e-02
15.515000	-5.466848e-02
15.520000	-5.622641e-02
15.525000	-5.674063e-02
15.530000	-5.808541e-02
15.535000	-5.952531e-02
15.540000	-5.907927e-02
15.545000	-5.751154e-02
15.550000	-5.657786e-02
15.555000	-5.584470e-02
15.560000	-5.351162e-02
15.565000	-5.124193e-02
15.570000	-5.036667e-02
15.575000	-4.832385e-02
15.580000	-4.596690e-02
15.585000	-4.413864e-02
15.590000	-4.035807e-02
15.595000	-3.695404e-02
15.600000	-3.412582e-02
15.605000	-3.214432e-02
15.610000	-3.137011e-02
15.615000	-2.892134e-02
15.620000	-2.632196e-02
15.625000	-2.502980e-02
15.630000	-2.264944e-02
15.635000	-2.043081e-02
15.640000	-1.912291e-02
15.645000	-1.602601e-02
15.650000	-1.452026e-02
15.655000	-1.230869e-02
15.660000	-8.186736e-03
15.665000	-5.284933e-03
15.670000	-2.980445e-03
15.675000	-6.230130e-04
15.680000	1.692244e-03
15.685000	4.201365e-03
15.690000	4.717308e-03
15.695000	7.035100e-03
15.700000	1.019518e-02
15.705000	1.081260e-02
15.710000	1.281836e-02
15.715000	1.463675e-02
15.720000	1.302163e-02
15.725000	1.425678e-02
15.730000	1.516532e-02
15.735000	1.396057e-02
15.740000	1.458992e-02
15.745000	1.608080e-02
15.750000	1.592116e-02
15.755000	1.485291e-02
15.760000	1.342158e-02
15.765000	1.262242e-02
15.770000	1.172478e-02
15.775000	9.238835e-03
15.780000	8.025943e-03
15.785000	7.651114e-03
15.790000	6.396072e-03
15.795000	3.128575e-03
15.800000	1.115547e-03
15.805000	1.262241e-03
15.810000	8.397335e-04
15.815000	1.214869e-03
15.820000	1.717301e-03
15.825000	1.511644e-03
15.830000	3.703178e-03
15.835000	8.920199e-03
15.840000	1.184836e-02
15.845000	1.497271e-02
15.850000	1.941717e-02
15.855000	2.205339e-02
15.860000	2.494884e-02
15.865000	2.869167e-02
15.870000	3.111925e-02
15.875000	3.151272e-02
15.880000	3.053305e-02
15.885000	3.228480e-02
15.890000	3.238423e-02
15.895000	3.077232e-02
15.900000	2.862570e-02
15.905000	2.827473e-02
15.910000	2.660903e-02
15.915000	2.538646e-02
15.920000	2.209729e-02
15.925000	2.040740e-02
15.930000	2.045792e-02
15.935000	1.837538e-02
15.940000	1.709368e-02
15.945000	1.378667e-02
15.950000	1.208584e-02
15.955000	1.196317e-02
15.960000	9.973287e-03
15.965000	9.484092e-03
15.970000	7.817951e-03
15.975000	6.926400e-03
15.980000	7.560395e-03
15.985000	7.591138e-03
15.990000	7.329789e-03
15.995000	7.164301e-03
16.000000	7.266803e-03
16.005000	7.479788e-03
16.010000	7.324116e-03
16.015000	5.948938e-03
16.020000	3.712490e-03
16.025000	2.912808e-03
16.030000	5.404047e-05
16.035000	-1.512802e-03
16.040000	-1.957948e-03
16.045000	-5.007814e-03
16.050000	-6.376873e-03
16.055000	-6.550803e-03
16.060000	-5.910218e-03
16.065000	-6.121380e-03
16.070000	-7.647098e-03
16.075000	-9.537258e-03
16.080000	-9.064133e-03
16.085000	-6.506749e-03
16.090000	-6.108582e-03
16.095000	-6.831897e-03
16.100000	-5.403579e-03
16.105000	-2.991520e-03
16.110000	-3.800854e-03
16.115000	-4.382223e-03
16.120000	-4.318614e-03
16.125000	-4.027613e-03
16.130000	-2.782513e-03
16.135000	-8.074465e-04
16.140000	-5.349446e-04
16.145000	-1.508710e-03
16.150000	-2.378431e-03
16.155000	-3.121171e-03
16.160000	-3.252272e-03
16.165000	-3.699059e-03
16.170000	-3.936630e-03
16.175000	-5.487855e-03
16.180000	-7.371226e-03
16.185000	-7.681346e-03
16.190000	-9.046293e-03
16.195000	-9.697432e-03
16.200000	-9.103517e-03
16.205000	-8.230657e-03
16.210000	-6.994052e-03
16.215000	-6.177656e-03
16.220000	-5.360365e-03
16.225000	-3.481783e-03
16.230000	-3.637096e-03
16.235000	-1.916708e-03
16.240000	1.125238e-03
16.245000	4.190524e-03
16.250000	4.270441e-03
16.255000	1.378065e-03
16.260000	7.360545e-04
16.265000	7.974192e-04
16.270000	-1.471385e-03
16.275000	-3.898348e-03
16.280000	-7.981922e-03
16.285000	-7.677074e-03
16.290000	-9.025560e-03
16.295000	-1.054546e-02
16.300000	-1.379599e-02
16.305000	-1.555795e-02
16.310000	-1.586310e-02
16.315000	-1.885207e-02
16.320000	-2.014271e-02
16.325000	-2.044837e-02
16.330000	-1.999029e-02
16.335000	-2.020962e-02
16.340000	-2.072680e-02
16.345000	-2.063709e-02
16.350000	-1.912385e-02
16.355000	-1.679621e-02
16.360000	-1.638710e-02
16.365000	-1.468035e-02
16.370000	-1.366290e-02
16.375000	-1.077897e-02
16.380000	-8.885791e-03
16.385000	-6.827512e-03
16.390000	-1.445978e-03
16.395000	-4.070988e-04
16.400000	9.391596e-04
16.405000	5.333873e-03
16.410000	5.528788e-03
16.415000	7.555701e-03
16.420000	9.626683e-03
16.425000	1.297341e-02
16.430000	1.690396e-02
16.435000	1.663056e-02
16.440000	1.975959e-02
16.445000	2.284256e-02
16.450000	2.419003e-02
16.455000	2.567763e-02
16.460000	2.981583e-02
16.465000	3.076443e-02
16.470000	3.058018e-02
16.475000	2.980604e-02
16.480000	2.961061e-02
16.485000	3.063854e-02
16.490000	2.921683e-02
16.495000	2.937421e-02
16.500000	3.062273e-02
16.505000	3.235220e-02
16.510000	3.275793e-02
16.515000	3.201246e-02
16.520000	3.204496e-02
16.525000	3.231187e-02
16.530000	3.208195e-02
16.535000	3.113771e-02
16.540000	3.064304e-02
16.545000	3.179256e-02
16.550000	2.766205e-02
16.555000	2.507124e-02
16.560000	2.487146e-02
16.565000	2.294478e-02
16.570000	1.941657e-02
16.575000	1.629449e-02
16.580000	1.417732e-02
16.585000	1.293270e-02
16.590000	1.198137e-02
16.595000	8.479454e-03
16.600000	7.404879e-03
16.605000	8.040743e-03
16.610000	5.257076e-03
16.615000	4.038618e-03
16.620000	3.455391e-03
16.625000	2.952434e-03
16.630000	5.396700e-03
16.635000	6.040819e-03
16.640000	7.613232e-03
16.645000	8.608681e-03
16.650000	1.013106e-02
16.655000	1.000376e-02
16.660000	9.679345e-03
16.665000	1.009907e-02
16.670000	1.018441e-02
16.675000	9.175941e-03
16.680000	7.099960e-03
16.685000	5.973564e-03
16.690000	3.354616e-03
16.695000	1.432575e-03
16.700000	9.238630e-04
16.705000	-5.105855e-04
16.710000	-6.886656e-04
16.715000	-1.876790e-03
16.720000	-4.296496e-03
16.725000	-4.002017e-03
16.730000	-2.371435e-03
16.735000	-4.255969e-04
16.740000	6.091922e-04
16.745000	3.169109e-03
16.750000	4.686111e-03
16.755000	4.030111e-03
16.760000	4.926346e-03
16.765000	7.510677e-03
16.770000	8.852933e-03
16.775000	1.034752e-02
16.780000	1.014563e-02
16.785000	9.637564e-03
16.790000	9.365800e-03
16.795000	8.612225e-03
16.800000	8.253195e-03
16.805000	6.819449e-03
16.810000	5.202019e-03
16.815000	3.654824e-03
16.820000	1.961371e-03
16.825000	-1.943885e-04
16.830000	-5.019990e-03
16.835000	-8.133801e-03
16.840000	-1.136964e-02
16.845000	-1.594737e-02
16.850000	-1.864719e-02
16.855000	-2.189475e-02
16.860000	-2.601204e-02
16.865000	-2.856429e-02
16.870000	-3.044018e-02
16.875000	-3.567298e-02
16.880000	-3.873734e-02
16.885000	-3.962654e-02
16.890000	-4.001619e-02
16.895000	-4.197015e-02
16.900000	-4.368601e-02
16.905000	-4.527659e-02
16.910000	-4.593924e-02
16.915000	-4.676355e-02
16.920000	-4.800661e-02
16.925000	-4.898654e-02
16.930000	-5.080317e-02
16.935000	-5.218781e-02
16.940000	-5.340026e-02
16.945000	-5.377530e-02
16.950000	-5.434225e-02
16.955000	-5.620879e-02
16.960000	-5.680566e-02
16.965000	-5.688994e-02
16.970000	-5.775215e-02
16.975000	-5.747864e-02
16.980000	-5.631490e-02
16.985000	-5.635940e-02
16.990000	-5.687382e-02
16.995000	-5.631600e-02
17.000000	-5.466963e-02
17.005000	-5.353319e-02
17.010000	-5.377145e-02
17.015000	-5.424097e-02
17.020000	-5.430945e-02
17.025000	-5.397325e-02
17.030000	-5.277573e-02
17.035000	-5.097559e-02
17.040000	-5.082060e-02
17.045000	-5.102559e-02
17.050000	-4.964456e-02
17.055000	-4.813834e-02
17.060000	-4.717730e-02
17.065000	-4.587090e-02
17.070000	-4.557624e-02
17.075000	-4.491709e-02
17.080000	-4.208777e-02
17.085000	-3.990191e-02
17.090000	-3.918062e-02
17.095000	-3.676231e-02
17.100000	-3.347309e-02
17.105000	-3.176232e-02
17.110000	-3.107410e-02
17.115000	-2.868778e-02
17.120000	-2.537087e-02
17.125000	-2.264229e-02
17.130000	-1.941178e-02
17.135000	-1.515757e-02
17.140000	-1.138707e-02
17.145000	-9.123709e-03
17.150000	-6.784665e-03
17.155000	-3.023903e-03
17.160000	1.963673e-03
17.165000	5.322150e-03
17.170000	7.200978e-03
17.175000	9.785742e-03
17.180000	1.294259e-02
17.185000	1.619694e-02
17.190000	1.833370e-02
17.195000	1.959664e-02
17.200000	2.127553e-02
17.205000	2.338402e-02
17.210000	2.452465e-02
17.215000	2.507089e-02
17.220000	2.646968e-02
17.225000	2.762316e-02
17.230000	2.895040e-02
17.235000	2.984928e-02
17.240000	3.005437e-02
17.245000	3.175036e-02
17.250000	3.288550e-02
17.255000	3.221616e-02
17.260000	3.185660e-02
17.265000	3.163099e-02
17.270000	3.136837e-02
17.275000	3.035046e-02
17.280000	2.928249e-02
17.285000	3.004255e-02
17.290000	3.027953e-02
17.295000	2.915926e-02
17.300000	2.714570e-02
17.305000	2.628955e-02
17.310000	2.732602e-02
17.315000	2.759798e-02
17.320000	2.675158e-02
17.325000	2.509581e-02
17.330000	2.415481e-02
17.335000	2.555075e-02
17.340000	2.744715e-02
17.345000	2.740726e-02
17.350000	2.665969e-02
17.355000	2.656667e-02
17.360000	2.678722e-02
17.365000	2.699070e-02
17.370000	2.717362e-02
17.375000	2.709954e-02
17.380000	2.624568e-02
17.385000	2.453741e-02
17.390000	2.375078e-02
17.395000	2.389622e-02
17.400000	2.232235e-02
17.405000	2.038896e-02
17.410000	1.888706e-02
17.415000	1.702420e-02
17.420000	1.602027e-02
17.425000	1.468975e-02
17.430000	1.280900e-02
17.435000	1.078568e-02
17.440000	9.469172e-03
17.445000	8.407384e-03
17.450000	7.066791e-03
17.455000	6.178572e-03
17.460000	4.978060e-03
17.465000	4.767927e-03
17.470000	4.752000e-03
17.475000	3.373537e-03
17.480000	1.871230e-03
17.485000	1.737180e-03
17.490000	2.261408e-03
17.495000	2.228906e-03
17.500000	1.998505e-03
17.505000	1.857135e-03
17.510000	1.927410e-03
17.515000	2.102529e-03
17.520000	2.116194e-03
17.525000	1.325102e-03
17.530000	-3.627675e-04
17.535000	-1.484944e-03
17.540000	-2.002608e-03
17.545000	-3.970889e-03
17.550000	-5.986482e-03
17.555000	-6.580037e-03
17.560000	-5.945468e-03
17.565000	-6.762441e-03
17.570000	-8.247695e-03
17.575000	-7.681610e-03
17.580000	-5.614060e-03
17.585000	-6.375443e-03
17.590000	-6.744414e-03
17.595000	-5.477913e-03
17.600000	-3.677210e-03
17.605000	-3.119091e-03
17.610000	-3.671711e-03
17.615000	-4.320875e-03
17.620000	-5.867730e-03
17.625000	-7.199359e-03
17.630000	-6.247822e-03
17.635000	-5.889055e-03
17.640000	-6.227783e-03
17.645000	-6.527838e-03
17.650000	-6.707255e-03
17.655000	-6.363250e-03
17.660000	-5.197288e-03
17.665000	-3.738805e-03
17.670000	-3.567955e-03
17.675000	-3.579103e-03
17.680000	-1.904217e-03
17.685000	-3.190264e-04
17.690000	-9.912673e-04
17.695000	-2.913416e-04
17.700000	1.878001e-03
17.705000	3.543791e-03
17.710000	4.506323e-03
17.715000	4.503363e-03
17.720000	4.014144e-03
17.725000	4.637421e-03
17.730000	6.565922e-03
17.735000	8.363171e-03
17.740000	8.504269e-03
17.745000	9.610665e-03
17.750000	1.058940e-02
17.755000	1.166234e-02
17.760000	1.371992e-02
17.765000	1.527132e-02
17.770000	1.803849e-02
17.775000	1.892193e-02
17.780000	1.894465e-02
17.785000	2.101238e-02
17.790000	2.303082e-02
17.795000	2.358830e-02
17.800000	2.208179e-02
17.805000	2.029626e-02
17.810000	2.146056e-02
17.815000	2.164803e-02
17.820000	1.978237e-02
17.825000	1.751914e-02
17.830000	1.664463e-02
17.835000	1.562586e-02
17.840000	1.622156e-02
17.845000	1.634798e-02
17.850000	1.598431e-02
17.855000	1.606644e-02
17.860000	1.649427e-02
17.865000	1.688286e-02
17.870000	1.725198e-02
17.875000	1.923590e-02
17.880000	1.985796e-02
17.885000	2.105380e-02
17.890000	2.146059e-02
17.895000	2.095858e-02
17.900000	2.138007e-02
17.905000	2.230331e-02
17.910000	2.238855e-02
17.915000	2.076177e-02
17.920000	1.947850e-02
17.925000	1.783846e-02
17.930000	1.659042e-02
17.935000	1.396107e-02
17.940000	1.258581e-02
17.945000	1.144136e-02
17.950000	8.105043e-03
17.955000	6.124696e-03
17.960000	5.105933e-03
17.965000	3.021591e-03
17.970000	7.138901e-04
17.975000	-4.775085e-04
17.980000	-1.792457e-03
17.985000	-2.991087e-03
17.990000	-3.578309e-03
17.995000	-4.293620e-03
18.000000	-6.182839e-03
18.005000	-7.718788e-03
18.010000	-8.706740e-03
18.015000	-9.552077e-03
18.020000	-1.078063e-02
18.025000	-1.218772e-02
18.030000	-1.160573e-02
18.035000	-1.186470e-02
18.040000	-1.286116e-02
18.045000	-1.240463e-02
18.050000	-9.660015e-03
18.055000	-8.047095e-03
18.060000	-7.703977e-03
18.065000	-6.049877e-03
18.070000	-4.630867e-03
18.075000	-2.103278e-03
18.080000	-1.018914e-03
18.085000	-8.043374e-04
18.090000	-1.034841e-03
18.095000	-1.475767e-03
18.100000	-2.752848e-03
18.105000	-4.054311e-03
18.110000	-3.766666e-03
18.115000	-5.230422e-03
18.120000	-6.890991e-03
18.125000	-6.037144e-03
18.130000	-6.019875e-03
18.135000	-7.474249e-03
18.140000	-9.112005e-03
18.145000	-9.279239e-03
18.150000	-9.026610e-03
18.155000	-1.079467e-02
18.160000	-1.345055e-02
18.165000	-1.475318e-02
18.170000	-1.654891e-02
18.175000	-1.877657e-02
18.180000	-2.017258e-02
18.185000	-2.199852e-02
18.190000	-2.309853e-02
18.195000	-2.299241e-02
18.200000	-2.468706e-02
18.205000	-2.633534e-02
18.210000	-2.474934e-02
18.215000	-2.303525e-02
18.220000	-2.195961e-02
18.225000	-1.971603e-02
18.230000	-1.661054e-02
18.235000	-1.535216e-02
18.240000	-1.047971e-02
18.245000	-6.254355e-03
18.250000	-6.154796e-03
18.255000	-5.704032e-03
18.260000	-3.351097e-03
18.265000	-1.883595e-03
18.270000	-2.973926e-04
18.275000	6.681124e-05
18.280000	1.314250e-03
18.285000	2.530417e-03
18.290000	3.757673e-03
18.295000	5.225293e-03
18.300000	4.511330e-03
18.305000	4.283118e-03
18.310000	4.570635e-03
18.315000	4.782889e-03
18.320000	4.865804e-03
18.325000	4.787588e-03
18.330000	4.567825e-03
18.335000	4.455516e-03
18.340000	5.103717e-03
18.345000	6.927068e-03
18.350000	8.352839e-03
18.355000	7.234581e-03
18.360000	6.777699e-03
18.365000	7.735490e-03
18.370000	9.709806e-03
18.375000	1.113644e-02
18.380000	1.000864e-02
18.385000	9.891390e-03
18.390000	1.139173e-02
18.395000	1.319665e-02
18.400000	1.346652e-02
18.405000	1.279792e-02
18.410000	1.307830e-02
18.415000	1.390027e-02
18.420000	1.398433e-02
18.425000	1.292228e-02
18.430000	1.297467e-02
18.435000	1.221761e-02
18.440000	1.053929e-02
18.445000	9.648256e-03
18.450000	8.975253e-03
18.455000	8.270237e-03
18.460000	8.332149e-03
18.465000	5.664072e-03
18.470000	3.624084e-03
18.475000	3.222397e-03
18.480000	2.107877e-03
18.485000	1.880739e-03
18.490000	6.809661e-05
18.495000	-1.375250e-03
18.500000	-3.587347e-04
18.505000	7.720406e-04
18.510000	1.447983e-03
18.515000	1.722838e-03
18.520000	2.016422e-03
18.525000	1.839004e-03
18.530000	2.246009e-03
18.535000	2.976921e-03
18.540000	2.685925e-03
18.545000	1.832746e-03
18.550000	1.316557e-03
18.555000	-1.112422e-04
18.560000	-1.031526e-03
18.565000	-1.133455e-03
18.570000	-2.813765e-03
18.575000	-3.896133e-03
18.580000	-3.307674e-03
18.585000	-3.342534e-03
18.590000	-3.606598e-03
18.595000	-2.868591e-03
18.600000	-1.022701e-03
18.605000	-1.055661e-04
18.610000	-9.731809e-04
18.615000	-1.304302e-03
18.620000	-1.056037e-03
18.625000	-2.721304e-04
18.630000	1.088237e-03
18.635000	1.556875e-03
18.640000	-1.529152e-04
18.645000	-1.431036e-03
18.650000	-1.226349e-03
18.655000	-2.659908e-03
18.660000	-4.581602e-03
18.665000	-5.787705e-03
18.670000	-6.506609e-03
18.675000	-5.903714e-03
18.680000	-5.878499e-03
18.685000	-6.283005e-03
18.690000	-6.494070e-03
18.695000	-6.153387e-03
18.700000	-4.939888e-03
18.705000	-3.538638e-03
18.710000	-2.590426e-03
18.715000	-1.283402e-03
18.720000	-6.155887e-04
18.725000	-1.382862e-03
18.730000	-6.536229e-04
18.735000	2.176118e-03
18.740000	4.999693e-03
18.745000	5.838778e-03
18.750000	6.453579e-03
18.755000	7.300715e-03
18.760000	7.758192e-03
18.765000	1.004158e-02
18.770000	1.231110e-02
18.775000	1.280417e-02
18.780000	1.343685e-02
18.785000	1.551772e-02
18.790000	1.793199e-02
18.795000	1.855857e-02
18.800000	1.824220e-02
18.805000	1.813446e-02
18.810000	1.927635e-02
18.815000	2.098543e-02
18.820000	2.066967e-02
18.825000	1.851345e-02
18.830000	1.761858e-02
18.835000	1.670696e-02
18.840000	1.525195e-02
18.845000	1.377127e-02
18.850000	1.174637e-02
18.855000	1.021651e-02
18.860000	7.814502e-03
18.865000	5.035802e-03
18.870000	2.754616e-03
18.875000	-1.583138e-04
18.880000	-2.977998e-03
18.885000	-4.653711e-03
18.890000	-8.077790e-03
18.895000	-1.188676e-02
18.900000	-1.467070e-02
18.905000	-1.690162e-02
18.910000	-1.772960e-02
18.915000	-1.965494e-02
18.920000	-2.186507e-02
18.925000	-2.286997e-02
18.930000	-2.392210e-02
18.935000	-2.562986e-02
18.940000	-2.605347e-02
18.945000	-2.546291e-02
18.950000	-2.531349e-02
18.955000	-2.568750e-02
18.960000	-2.695749e-02
18.965000	-2.877456e-02
18.970000	-2.875075e-02
18.975000	-2.807502e-02
18.980000	-2.911995e-02
18.985000	-3.123553e-02
18.990000	-3.172442e-02
18.995000	-3.145315e-02
19.000000	-3.170099e-02
19.005000	-3.100164e-02
19.010000	-3.069196e-02
19.015000	-3.116119e-02
19.020000	-3.113458e-02
19.025000	-2.997112e-02
19.030000	-2.786448e-02
19.035000	-2.666994e-02
19.040000	-2.547304e-02
19.045000	-2.402815e-02
19.050000	-2.156497e-02
19.055000	-1.917830e-02
19.060000	-1.842695e-02
19.065000	-1.709203e-02
19.070000	-1.539416e-02
19.075000	-1.285451e-02
19.080000	-1.057087e-02
19.085000	-9.636492e-03
19.090000	-7.527515e-03
19.095000	-5.161273e-03
19.100000	-3.943855e-03
19.105000	-1.529796e-03
19.110000	6.886482e-04
19.115000	7.222779e-04
19.120000	1.181609e-03
19.125000	3.128471e-03
19.130000	3.879926e-03
19.135000	4.547944e-03
19.140000	6.379358e-03
19.145000	6.288856e-03
19.150000	4.453837e-03
19.155000	3.488755e-03
19.160000	3.437613e-03
19.165000	2.628259e-03
19.170000	1.417390e-03
19.175000	5.062750e-04
19.180000	-8.810497e-04
19.185000	-1.370092e-03
19.190000	-1.892095e-03
19.195000	-3.130988e-03
19.200000	-2.174032e-03
19.205000	-6.065977e-04
19.210000	-3.286532e-04
19.215000	6.636255e-04
19.220000	2.594713e-03
19.225000	4.379181e-03
19.230000	5.370716e-03
19.235000	7.167847e-03
19.240000	8.962859e-03
19.245000	9.660485e-03
19.250000	9.641951e-03
19.255000	9.547763e-03
19.260000	9.259639e-03
19.265000	8.185447e-03
19.270000	7.125921e-03
19.275000	6.329366e-03
19.280000	4.971127e-03
19.285000	4.688940e-03
19.290000	5.088186e-03
19.295000	4.906376e-03
19.300000	4.827178e-03
19.305000	5.687253e-03
19.310000	7.241145e-03
19.315000	7.524117e-03
19.320000	7.814419e-03
19.325000	9.542659e-03
19.330000	1.053297e-02
19.335000	1.127242e-02
19.340000	1.204200e-02
19.345000	1.212026e-02
19.350000	1.283807e-02
19.355000	1.431304e-02
19.360000	1.411660e-02
19.365000	1.326851e-02
19.370000	1.211192e-02
19.375000	1.177812e-02
19.380000	1.137328e-02
19.385000	9.172936e-03
19.390000	7.526590e-03
19.395000	7.115498e-03
19.400000	6.810473e-03
19.405000	5.628831e-03
19.410000	4.476855e-03
19.415000	4.487814e-03
19.420000	4.779924e-03
19.425000	4.710221e-03
19.430000	4.550490e-03
19.435000	4.446735e-03
19.440000	4.437492e-03
19.445000	4.543406e-03
19.450000	4.724733e-03
19.455000	4.620919e-03
19.460000	3.646807e-03
19.465000	2.026101e-03
19.470000	1.867829e-03
19.475000	2.515027e-03
19.480000	2.561957e-03
19.485000	2.313064e-03
19.490000	2.094053e-03
19.495000	2.105436e-03
19.500000	2.686986e-03
19.505000	3.881459e-03
19.510000	4.590676e-03
19.515000	4.466475e-03
19.520000	5.070917e-03
19.525000	6.645440e-03
19.530000	6.884809e-03
19.535000	6.280525e-03
19.540000	6.389010e-03
19.545000	7.194472e-03
19.550000	7.982357e-03
19.555000	7.512351e-03
19.560000	8.167557e-03
19.565000	8.707817e-03
19.570000	8.286550e-03
19.575000	8.620912e-03
19.580000	9.758930e-03
19.585000	1.044729e-02
19.590000	1.026481e-02
19.595000	1.067113e-02
19.600000	1.197867e-02
19.605000	1.228562e-02
19.610000	1.247928e-02
19.615000	1.362674e-02
19.620000	1.381377e-02
19.625000	1.390667e-02
19.630000	1.520557e-02
19.635000	1.615206e-02
19.640000	1.682918e-02
19.645000	1.676233e-02
19.650000	1.664574e-02
19.655000	1.754843e-02
19.660000	1.813671e-02
19.665000	1.784814e-02
19.670000	1.806229e-02
19.675000	1.918559e-02
19.680000	1.936206e-02
19.685000	1.908198e-02
19.690000	1.892967e-02
19.695000	1.751563e-02
19.700000	1.600421e-02
19.705000	1.608539e-02
19.710000	1.582643e-02
19.715000	1.528001e-02
19.720000	1.502397e-02
19.725000	1.429697e-02
19.730000	1.302782e-02
19.735000	1.216485e-02
19.740000	1.201218e-02
19.745000	1.127018e-02
19.750000	9.674942e-03
19.755000	8.930073e-03
19.760000	8.229948e-03
19.765000	7.312492e-03
19.770000	6.503531e-03
19.775000	5.018605e-03
19.780000	4.090847e-03
19.785000	3.107547e-03
19.790000	2.977180e-03
19.795000	2.235579e-03
19.800000	7.750773e-04
19.805000	7.627684e-04
19.810000	6.092470e-04
19.815000	-2.661224e-04
19.820000	-8.012543e-04
19.825000	-1.283970e-03
19.830000	-1.157449e-03
19.835000	-1.210138e-03
19.840000	-2.129704e-03
19.845000	-3.409595e-03
19.850000	-3.523115e-03
19.855000	-3.730642e-03
19.860000	-4.279497e-03
19.865000	-5.586134e-03
19.870000	-6.621555e-03
19.875000	-6.244364e-03
19.880000	-6.403374e-03
19.885000	-7.455532e-03
19.890000	-8.004045e-03
19.895000	-7.694904e-03
19.900000	-7.534428e-03
19.905000	-7.650423e-03
19.910000	-7.684561e-03
19.915000	-7.213775e-03
19.920000	-6.266677e-03
19.925000	-5.800241e-03
19.930000	-6.002686e-03
19.935000	-6.003695e-03
19.940000	-5.930473e-03
19.945000	-6.362991e-03
19.950000	-7.325217e-03
19.955000	-7.825196e-03
19.960000	-9.048939e-03
19.965000	-9.886024e-03
19.970000	-1.000105e-02
19.975000	-1.057083e-02
19.980000	-1.051364e-02
19.985000	-1.088616e-02
19.990000	-1.176738e-02
19.995000	-1.144154e-02
20.000000	-1.098761e-02
20.005000	-1.091926e-02
20.010000	-1.092207e-02
20.015000	-1.064148e-02
20.020000	-9.769807e-03
20.025000	-8.704044e-03
20.030000	-8.831144e-03
20.035000	-8.893317e-03
20.040000	-8.237470e-03
20.045000	-7.244456e-03
20.050000	-6.810637e-03
20.055000	-6.618649e-03
20.060000	-5.791594e-03
20.065000	-5.340462e-03
20.070000	-5.475233e-03
20.075000	-5.401002e-03
20.080000	-5.198905e-03
20.085000	-5.038603e-03
20.090000	-4.923788e-03
20.095000	-4.831597e-03
20.100000	-4.735884e-03
20.105000	-4.631553e-03
20.110000	-4.515978e-03
20.115000	-4.394765e-03
20.120000	-4.294250e-03
20.125000	-4.242320e-03
20.130000	-4.196720e-03
20.135000	-3.976481e-03
20.140000	-3.363418e-03
20.145000	-2.656649e-03
20.150000	-2.824120e-03
20.155000	-2.385218e-03
20.160000	-1.557319e-03
20.165000	-1.772394e-03
20.170000	-1.855559e-03
20.175000	-1.732232e-03
20.180000	-1.678967e-03
20.185000	-1.667027e-03
20.190000	-1.540749e-03
20.195000	-1.070145e-03
20.200000	-5.325595e-04
20.205000	-7.549354e-04
20.210000	-4.792511e-04
20.215000	2.377669e-04
20.220000	3.461335e-04
20.225000	6.817343e-04
20.230000	7.073215e-04
20.235000	1.301033e-03
20.240000	1.968158e-03
20.245000	2.012342e-03
20.250000	2.078196e-03
20.255000	2.196611e-03
20.260000	2.377514e-03
20.265000	2.568876e-03
20.270000	2.381715e-03
20.275000	2.515824e-03
20.280000	2.718634e-03
20.285000	2.460471e-03
20.290000	2.350280e-03
20.295000	2.218694e-03
20.300000	1.875766e-03
20.305000	1.740317e-03
20.310000	1.451844e-03
20.315000	1.027965e-03
20.320000	7.873758e-04
20.325000	5.803854e-04
20.330000	2.280204e-04
20.335000	1.584021e-06
20.340000	-2.025219e-04
20.345000	-5.523970e-04
20.350000	-6.956901e-04
20.355000	-6.481140e-04
20.360000	-6.792513e-04
20.365000	-8.765433e-04
20.370000	-1.310196e-03
20.375000	-1.767980e-03
20.380000	-1.804925e-03
20.385000	-1.798789e-03
20.390000	-1.998720e-03
20.395000	-2.165175e-03
20.400000	-2.428429e-03
20.405000	-2.712922e-03
20.410000	-2.733904e-03
20.415000	-2.708525e-03
20.420000	-2.801395e-03
20.425000	-2.879858e-03
20.430000	-3.039063e-03
20.435000	-3.215796e-03
20.440000	-3.203299e-03
20.445000	-3.194155e-03
20.450000	-3.260143e-03
20.455000	-3.281240e-03
20.460000	-3.242165e-03
20.465000	-3.077388e-03
20.470000	-2.951872e-03
20.475000	-2.873873e-03
20.480000	-2.836224e-03
20.485000	-2.831903e-03
20.490000	-2.740773e-03
20.495000	-2.600053e-03
20.500000	-2.525312e-03
20.505000	-2.423281e-03
20.510000	-2.367075e-03
20.515000	-2.350770e-03
20.520000	-2.249099e-03
20.525000	-2.129068e-03
20.530000	-2.027642e-03
20.535000	-1.901360e-03
20.540000	-1.837158e-03
20.545000	-1.765934e-03
20.550000	-1.682266e-03
20.555000	-1.641864e-03
20.560000	-1.581356e-03
20.565000	-1.479854e-03
20.570000	-1.410908e-03
20.575000	-1.391118e-03
20.580000	-1.330873e-03
20.585000	-1.263678e-03
20.590000	-1.201459e-03
20.595000	-1.105803e-03
20.600000	-1.007437e-03
20.605000	-9.262513e-04
20.610000	-8.514214e-04
20.615000	-7.706567e-04
20.620000	-6.691238e-04
20.625000	-5.489667e-04
20.630000	-4.544599e-04
20.635000	-3.703512e-04
20.640000	-3.109973e-04
20.645000	-2.669187e-04
20.650000	-2.143228e-04
20.655000	-1.638731e-04
20.660000	-1.169890e-04
20.665000	-6.396052e-05
20.670000	-1.963321e-06
20.675000	4.602751e-05
20.680000	6.990149e-05
20.685000	9.592665e-05
20.690000	1.351890e-04
20.695000	1.847554e-04
20.700000	2.280182e-04
20.705000	2.567837e-04
20.710000	2.665372e-04
20.715000	2.906121e-04
20.720000	3.307697e-04
20.725000	3.519428e-04
20.730000	3.566726e-04
20.735000	3.723464e-04
20.740000	3.903154e-04
20.745000	4.097589e-04
20.750000	4.027323e-04
20.755000	3.940221e-04
20.760000	3.943014e-04
20.765000	3.943141e-04
20.770000	3.910039e-04
20.775000	3.917679e-04
20.780000	3.851361e-04
20.785000	3.764122e-04
20.790000	3.703414e-04
20.795000	3.651528e-04
20.800000	3.619734e-04
20.805000	3.583619e-04
20.810000	3.497535e-04
20.815000	3.420803e-04
20.820000	3.376697e-04
20.825000	3.325182e-04
20.830000	3.257547e-04
20.835000	3.165225e-04
20.840000	3.089881e-04
20.845000	3.024943e-04
20.850000	2.938411e-04
20.855000	2.850374e-04
20.860000	2.770269e-04
20.865000	2.691625e-04
20.870000	2.614360e-04
20.875000	2.537356e-04
20.880000	2.462328e-04
20.885000	2.388385e-04
20.890000	2.316268e-04
20.895000	2.244994e-04
20.900000	2.175137e-04
20.905000	2.106012e-04
20.910000	2.038083e-04
20.915000	1.970791e-04
20.920000	1.904443e-04
20.925000	1.838597e-04
20.930000	1.773535e-04
20.935000	1.708992e-04
20.940000	1.645139e-04
20.945000	1.581503e-04
20.950000	1.517964e-04
20.955000	1.454884e-04
20.960000	1.392392e-04
20.965000	1.330023e-04
20.970000	1.267856e-04
20.975000	1.205854e-04
20.980000	1.144040e-04
20.985000	1.082351e-04
20.990000	1.020793e-04
20.995000	9.593387e-05
21.000000	8.979930e-05
21.005000	8.367510e-05
21.010000	7.756184e-05
