0.000000	1.988921e-03
0.005000	1.807045e-03
0.010000	1.400304e-03
0.015000	9.845600e-04
0.020000	1.040116e-03
0.025000	1.677748e-03
0.030000	2.363457e-03
0.035000	2.501561e-03
0.040000	1.554435e-03
0.045000	2.364755e-04
0.050000	-7.389529e-04
0.055000	2.312084e-04
0.060000	3.059306e-03
0.065000	6.123320e-03
0.070000	7.051850e-03
0.075000	6.291628e-03
0.080000	3.602645e-03
0.085000	1.166523e-03
0.090000	-3.993477e-04
0.095000	-1.836242e-03
0.100000	-1.778126e-03
0.105000	-6.396871e-04
0.110000	1.677470e-03
0.115000	5.487878e-03
0.120000	6.713641e-03
0.125000	2.608913e-03
0.130000	-3.618743e-03
0.135000	-9.602335e-03
0.140000	-8.692614e-03
0.145000	-5.282424e-03
0.150000	-1.887797e-03
0.155000	-1.576137e-04
0.160000	-9.699894e-04
0.165000	-4.370446e-03
0.170000	-5.621363e-03
0.175000	-4.933007e-03
0.180000	-4.398673e-03
0.185000	-6.844596e-03
0.190000	-1.093457e-02
0.195000	-1.081586e-02
0.200000	-9.063442e-03
0.205000	-5.958254e-03
0.210000	-1.310354e-03
0.215000	2.514991e-03
0.220000	5.656089e-03
0.225000	6.036922e-03
0.230000	8.498152e-03
0.235000	1.089857e-02
0.240000	1.183851e-02
0.245000	1.085959e-02
0.250000	8.719653e-03
0.255000	6.837225e-03
0.260000	5.010182e-03
0.265000	3.554003e-03
0.270000	-1.195821e-04
0.275000	-5.459872e-03
0.280000	-5.810841e-03
0.285000	-2.664786e-03
0.290000	2.955340e-03
0.295000	1.318047e-02
0.300000	2.392138e-02
0.305000	2.573008e-02
0.310000	2.498276e-02
0.315000	2.517896e-02
0.320000	2.605120e-02
0.325000	2.605094e-02
0.330000	2.474978e-02
0.335000	2.514186e-02
0.340000	2.701495e-02
0.345000	2.609042e-02
0.350000	2.292677e-02
0.355000	1.964644e-02
0.360000	1.650832e-02
0.365000	1.390104e-02
0.370000	1.221754e-02
0.375000	1.138172e-02
0.380000	8.826883e-03
0.385000	4.946404e-03
0.390000	3.025652e-04
0.395000	-5.848804e-03
0.400000	-1.030296e-02
0.405000	-1.115723e-02
0.410000	-1.240673e-02
0.415000	-1.350693e-02
0.420000	-1.593218e-02
0.425000	-1.907776e-02
0.430000	-2.027334e-02
0.435000	-1.790833e-02
0.440000	-1.097545e-02
0.445000	-3.575166e-03
0.450000	1.416238e-03
0.455000	2.482350e-03
0.460000	-1.832587e-03
0.465000	-1.013159e-02
0.470000	-1.523629e-02
0.475000	-1.645501e-02
0.480000	-1.530804e-02
0.485000	-1.161407e-02
0.490000	-5.286200e-03
0.495000	1.359999e-03
0.500000	3.318226e-03
0.505000	-4.294660e-03
0.510000	-2.161114e-02
0.515000	-3.992035e-02
0.520000	-4.816844e-02
0.525000	-4.227142e-02
0.530000	-2.436405e-02
0.535000	-1.911600e-03
0.540000	1.363446e-02
0.545000	1.676806e-02
0.550000	1.185997e-02
0.555000	8.528047e-04
0.560000	-9.235784e-03
0.565000	-1.372031e-02
0.570000	-1.517043e-02
0.575000	-1.412099e-02
0.580000	-1.186652e-02
0.585000	-7.558493e-03
0.590000	-8.372289e-04
0.595000	3.985347e-03
0.600000	3.487297e-03
0.605000	8.588274e-04
0.610000	-6.298189e-04
0.615000	2.029230e-03
0.620000	7.154984e-03
0.625000	9.534143e-03
0.630000	5.281897e-03
0.635000	5.737048e-04
0.640000	-1.213467e-03
0.645000	-2.038552e-03
0.650000	-2.746699e-03
0.655000	-5.395077e-03
0.660000	-9.237755e-03
0.665000	-1.138777e-02
0.670000	-9.279254e-03
0.675000	-8.507585e-03
0.680000	-1.123334e-02
0.685000	-1.845622e-02
0.690000	-2.673915e-02
0.695000	-2.944797e-02
0.700000	-2.823734e-02
0.705000	-2.529005e-02
0.710000	-1.947858e-02
0.715000	-9.770181e-03
0.720000	2.433576e-03
0.725000	1.393530e-02
0.730000	2.376146e-02
0.735000	2.099668e-02
0.740000	4.164234e-03
0.745000	-1.217298e-02
0.750000	-1.519912e-02
0.755000	-7.017356e-03
0.760000	6.355452e-03
0.765000	1.631736e-02
0.770000	1.950390e-02
0.775000	1.358089e-02
0.780000	4.027681e-03
0.785000	-6.930530e-03
0.790000	-1.636880e-02
0.795000	-2.075989e-02
0.800000	-2.413855e-02
0.805000	-2.430605e-02
0.810000	-2.296576e-02
0.815000	-2.259462e-02
0.820000	-2.460584e-02
0.825000	-2.809521e-02
0.830000	-2.114674e-02
0.835000	2.648402e-03
0.840000	4.463481e-02
0.845000	7.796932e-02
0.850000	7.637520e-02
0.855000	6.670545e-02
0.860000	3.818623e-02
0.865000	-6.122593e-03
0.870000	-3.021450e-02
0.875000	-3.044914e-02
0.880000	-3.502853e-02
0.885000	-3.262302e-02
0.890000	-1.752585e-02
0.895000	-1.990272e-03
0.900000	6.513413e-03
0.905000	5.055363e-03
0.910000	1.294409e-03
0.915000	-4.078320e-03
0.920000	-1.165266e-03
0.925000	5.907509e-03
0.930000	1.509285e-02
0.935000	4.442375e-02
0.940000	8.834587e-02
0.945000	6.518848e-02
0.950000	3.354530e-02
0.955000	1.168236e-02
0.960000	9.500124e-04
0.965000	-1.498998e-02
0.970000	-2.289613e-02
0.975000	-1.164359e-02
0.980000	6.807598e-03
0.985000	1.681367e-02
0.990000	1.780770e-02
0.995000	8.261929e-03
1.000000	-9.299158e-03
1.005000	-2.565203e-02
1.010000	-2.200574e-02
1.015000	-1.698802e-03
1.020000	1.955510e-02
1.025000	2.594858e-02
1.030000	1.452421e-02
1.035000	-9.938250e-03
1.040000	-3.093095e-02
1.045000	-3.059246e-02
1.050000	-1.957821e-02
1.055000	1.970666e-03
1.060000	1.707638e-02
1.065000	2.340286e-02
1.070000	1.278459e-02
1.075000	-2.709274e-03
1.080000	-2.192117e-02
1.085000	-2.699208e-02
1.090000	-1.852539e-02
1.095000	-1.002207e-02
1.100000	-3.741023e-03
1.105000	-3.213715e-03
1.110000	-1.197157e-02
1.115000	-1.807682e-02
1.120000	-2.324177e-02
1.125000	-2.604668e-02
1.130000	-2.847122e-02
1.135000	-2.670979e-02
1.140000	-1.436358e-02
1.145000	-1.700962e-03
1.150000	2.530570e-03
1.155000	-6.268611e-03
1.160000	-2.508345e-02
1.165000	-4.409353e-02
1.170000	-5.294258e-02
1.175000	-5.198446e-02
1.180000	-3.694657e-02
1.185000	-1.351508e-02
1.190000	7.005098e-03
1.195000	1.260265e-02
1.200000	1.626440e-02
1.205000	2.340550e-02
1.210000	3.136991e-02
1.215000	4.194736e-02
1.220000	5.181255e-02
1.225000	6.123304e-02
1.230000	6.452229e-02
1.235000	5.406570e-02
1.240000	2.705710e-02
1.245000	-1.174761e-02
1.250000	-3.262700e-02
1.255000	-3.402998e-02
1.260000	-3.820112e-02
1.265000	-3.752534e-02
1.270000	-3.114132e-02
1.275000	-2.132975e-02
1.280000	-6.922585e-03
1.285000	9.211233e-03
1.290000	2.031216e-02
1.295000	2.860074e-02
1.300000	3.017342e-02
1.305000	1.403267e-02
1.310000	-1.781659e-02
1.315000	-4.817057e-02
1.320000	-5.749634e-02
1.325000	-6.345393e-02
1.330000	-6.503875e-02
1.335000	-5.346575e-02
1.340000	-2.232222e-02
1.345000	1.627596e-02
1.350000	4.627866e-02
1.355000	4.739335e-02
1.360000	1.811363e-02
1.365000	-3.676719e-02
1.370000	-8.493640e-02
1.375000	-9.424172e-02
1.380000	-8.784826e-02
1.385000	-7.685465e-02
1.390000	-4.948444e-02
1.395000	-9.512409e-03
1.400000	8.407699e-03
1.405000	3.923955e-03
1.410000	-4.260783e-03
1.415000	-1.232600e-02
1.420000	-1.453579e-02
1.425000	2.354762e-03
1.430000	3.528024e-02
1.435000	7.574464e-02
1.440000	8.628075e-02
1.445000	6.281352e-02
1.450000	2.163089e-02
1.455000	-1.062677e-02
1.460000	-2.155060e-02
1.465000	-1.864010e-02
1.470000	-3.834467e-03
1.475000	1.702684e-02
1.480000	2.935463e-02
1.485000	2.725895e-02
1.490000	2.166559e-02
1.495000	1.337066e-02
1.500000	7.451421e-03
1.505000	5.553769e-03
1.510000	7.499946e-03
1.515000	1.154313e-02
1.520000	1.081664e-02
1.525000	3.715752e-03
1.530000	-8.184224e-03
1.535000	-2.523917e-02
1.540000	-3.111486e-02
1.545000	-2.720314e-02
1.550000	-1.863801e-02
1.555000	-7.456934e-03
1.560000	-1.100635e-03
1.565000	-4.823679e-03
1.570000	-1.159258e-02
1.575000	-2.142441e-02
1.580000	-2.724814e-02
1.585000	-2.350684e-02
1.590000	-9.666168e-03
1.595000	9.761325e-03
1.600000	2.665195e-02
1.605000	2.648181e-02
1.610000	-4.442267e-03
1.615000	-5.629247e-02
1.620000	-9.597664e-02
1.625000	-1.188736e-01
1.630000	-1.147556e-01
1.635000	-9.520872e-02
1.640000	-6.803313e-02
1.645000	-4.050049e-02
1.650000	-3.936019e-02
1.655000	-4.633557e-02
1.660000	-4.835544e-02
1.665000	-4.477836e-02
1.670000	-2.802850e-02
1.675000	9.067560e-03
1.680000	6.391949e-02
1.685000	1.008951e-01
1.690000	8.805885e-02
1.695000	3.999939e-02
1.700000	-3.615293e-02
1.705000	-8.625288e-02
1.710000	-1.067269e-01
1.715000	-9.566294e-02
1.720000	-6.788567e-02
1.725000	-3.362866e-02
1.730000	-1.414394e-02
1.735000	3.811370e-03
1.740000	1.641456e-02
1.745000	2.642189e-02
1.750000	4.328954e-02
1.755000	6.252206e-02
1.760000	6.864858e-02
1.765000	6.031004e-02
1.770000	4.265257e-02
1.775000	3.185871e-02
1.780000	2.638359e-02
1.785000	1.730279e-02
1.790000	2.018772e-03
1.795000	-1.061622e-02
1.800000	1.081777e-03
1.805000	3.128428e-02
1.810000	5.520386e-02
1.815000	4.448095e-02
1.820000	1.841751e-02
1.825000	-6.113954e-03
1.830000	-1.022862e-02
1.835000	4.301986e-03
1.840000	1.929441e-02
1.845000	2.148321e-02
1.850000	1.549367e-02
1.855000	2.868379e-03
1.860000	-1.092156e-02
1.865000	-2.419476e-02
1.870000	-3.127976e-02
1.875000	-3.862844e-02
1.880000	-4.762558e-02
1.885000	-4.431692e-02
1.890000	-1.962166e-02
1.895000	2.635817e-02
1.900000	7.227527e-02
1.905000	9.919200e-02
1.910000	9.243814e-02
1.915000	7.581138e-02
1.920000	6.327308e-02
1.925000	6.898416e-02
1.930000	8.699162e-02
1.935000	1.039214e-01
1.940000	1.076741e-01
1.945000	9.954464e-02
1.950000	7.689783e-02
1.955000	4.012146e-02
1.960000	-2.932118e-03
1.965000	-2.953798e-02
1.970000	-4.237774e-02
1.975000	-5.067650e-02
1.980000	-4.391579e-02
1.985000	-2.149310e-02
1.990000	1.728314e-02
1.995000	4.967484e-02
2.000000	7.840199e-02
2.005000	9.271610e-02
2.010000	7.600347e-02
2.015000	3.060295e-02
2.020000	-1.736037e-02
2.025000	-4.247617e-02
2.030000	-4.656788e-02
2.035000	-2.980340e-02
2.040000	-6.193374e-03
2.045000	7.074291e-03
2.050000	1.705857e-03
2.055000	-1.240257e-02
2.060000	-3.225803e-02
2.065000	-5.501691e-02
2.070000	-6.390030e-02
2.075000	-6.135379e-02
2.080000	-3.767348e-02
2.085000	3.336589e-03
2.090000	3.888049e-02
2.095000	4.913789e-02
2.100000	5.150394e-02
2.105000	3.608768e-02
2.110000	4.729671e-03
2.115000	-3.247568e-02
2.120000	-4.966391e-02
2.125000	-5.641588e-02
2.130000	-3.801212e-02
2.135000	3.897986e-03
2.140000	4.491920e-02
2.145000	4.550235e-02
2.150000	2.647163e-02
2.155000	1.340558e-03
2.160000	-2.219241e-02
2.165000	-2.772003e-02
2.170000	-1.734243e-02
2.175000	-5.419852e-03
2.180000	1.010012e-02
2.185000	3.475234e-02
2.190000	6.689535e-02
2.195000	9.912804e-02
2.200000	1.159865e-01
2.205000	1.046983e-01
2.210000	6.432809e-02
2.215000	6.188115e-04
2.220000	-6.915305e-02
2.225000	-1.204453e-01
2.230000	-1.239032e-01
2.235000	-1.190995e-01
2.240000	-1.187015e-01
2.245000	-1.149244e-01
2.250000	-1.101084e-01
2.255000	-1.060777e-01
2.260000	-9.365929e-02
2.265000	-6.640656e-02
2.270000	-2.671617e-02
2.275000	3.378774e-02
2.280000	7.318150e-02
2.285000	6.555394e-02
2.290000	5.355952e-02
2.295000	5.381457e-02
2.300000	6.937603e-02
2.305000	9.554570e-02
2.310000	1.162577e-01
2.315000	1.305714e-01
2.320000	1.399975e-01
2.325000	1.369366e-01
2.330000	1.214491e-01
2.335000	9.899351e-02
2.340000	8.807829e-02
2.345000	8.141008e-02
2.350000	6.744048e-02
2.355000	4.379382e-02
2.360000	3.429388e-03
2.365000	-4.683508e-02
2.370000	-1.084631e-01
2.375000	-1.768269e-01
2.380000	-2.058664e-01
2.385000	-2.113038e-01
2.390000	-2.056108e-01
2.395000	-1.725114e-01
2.400000	-7.049864e-02
2.405000	7.630695e-02
2.410000	1.100145e-01
2.415000	8.983547e-02
2.420000	7.528660e-02
2.425000	6.352894e-02
2.430000	5.714804e-02
2.435000	5.997421e-02
2.440000	7.018628e-02
2.445000	8.603874e-02
2.450000	1.059327e-01
2.455000	1.323482e-01
2.460000	1.559740e-01
2.465000	1.569976e-01
2.470000	1.453623e-01
2.475000	1.197901e-01
2.480000	8.532223e-02
2.485000	2.534931e-02
2.490000	9.163833e-03
2.495000	-1.041001e-02
2.500000	-4.455919e-02
2.505000	-6.233314e-02
2.510000	-8.643233e-02
2.515000	-1.125110e-01
2.520000	-1.323739e-01
2.525000	-1.439834e-01
2.530000	-1.404758e-01
2.535000	-1.254335e-01
2.540000	-1.061765e-01
2.545000	-9.261393e-02
2.550000	-8.785992e-02
2.555000	-8.691430e-02
2.560000	-9.312215e-02
2.565000	-9.320047e-02
2.570000	-7.564015e-02
2.575000	-3.755711e-02
2.580000	1.881293e-02
2.585000	7.106932e-02
2.590000	9.236300e-02
2.595000	8.919298e-02
2.600000	6.650803e-02
2.605000	3.544285e-02
2.610000	2.167077e-02
2.615000	4.171616e-02
2.620000	7.839770e-02
2.625000	1.083675e-01
2.630000	1.081904e-01
2.635000	7.080999e-02
2.640000	3.424400e-04
2.645000	-6.849966e-02
2.650000	-9.929183e-02
2.655000	-8.144401e-02
2.660000	-4.494007e-02
2.665000	1.736091e-03
2.670000	4.406809e-02
2.675000	6.825196e-02
2.680000	9.025364e-02
2.685000	8.105089e-02
2.690000	5.594299e-02
2.695000	3.974847e-02
2.700000	4.424231e-02
2.705000	5.088735e-02
2.710000	5.208402e-02
2.715000	4.824086e-02
2.720000	3.798072e-02
2.725000	1.426866e-02
2.730000	-4.133441e-02
2.735000	-1.070349e-01
2.740000	-1.526418e-01
2.745000	-1.648967e-01
2.750000	-1.461248e-01
2.755000	-1.116017e-01
2.760000	-6.412580e-02
2.765000	-8.487914e-03
2.770000	4.422516e-02
2.775000	1.091000e-01
2.780000	1.646017e-01
2.785000	2.154419e-01
2.790000	2.616499e-01
2.795000	2.643092e-01
2.800000	2.424790e-01
2.805000	2.008645e-01
2.810000	1.458992e-01
2.815000	1.025564e-01
2.820000	6.780524e-02
2.825000	4.522826e-02
2.830000	2.515338e-02
2.835000	8.854519e-03
2.840000	-4.180116e-03
2.845000	-8.355490e-03
2.850000	-2.801672e-03
2.855000	-3.509699e-03
2.860000	-1.625887e-02
2.865000	-3.183968e-02
2.870000	-4.438622e-02
2.875000	-5.288990e-02
2.880000	-4.634884e-02
2.885000	-3.181118e-02
2.890000	-2.566130e-02
2.895000	-2.666569e-02
2.900000	-3.238736e-02
2.905000	-3.767318e-02
2.910000	-3.750206e-02
2.915000	-3.346487e-02
2.920000	-3.511536e-02
2.925000	-4.422841e-02
2.930000	-5.969603e-02
2.935000	-7.331120e-02
2.940000	-8.221602e-02
2.945000	-8.335079e-02
2.950000	-7.779799e-02
2.955000	-5.953144e-02
2.960000	-2.450881e-02
2.965000	3.141509e-02
2.970000	8.412869e-02
2.975000	1.089742e-01
2.980000	1.208933e-01
2.985000	1.257827e-01
2.990000	1.181122e-01
2.995000	1.015821e-01
3.000000	7.015249e-02
3.005000	3.761428e-02
3.010000	9.189427e-03
3.015000	6.839419e-03
3.020000	2.018705e-02
3.025000	3.270882e-02
3.030000	3.120757e-02
3.035000	2.048993e-02
3.040000	1.222889e-02
3.045000	2.497923e-02
3.050000	5.966169e-02
3.055000	9.545802e-02
3.060000	1.091337e-01
3.065000	9.765175e-02
3.070000	6.152265e-02
3.075000	1.469442e-02
3.080000	-9.133810e-03
3.085000	-9.334895e-03
3.090000	-1.684644e-02
3.095000	-3.266927e-02
3.100000	-4.507221e-02
3.105000	-5.111690e-02
3.110000	-4.558093e-02
3.115000	-2.937929e-02
3.120000	-8.288698e-03
3.125000	1.099944e-02
3.130000	2.780523e-02
3.135000	4.641462e-02
3.140000	6.510074e-02
3.145000	8.733706e-02
3.150000	1.159668e-01
3.155000	1.352479e-01
3.160000	1.515291e-01
3.165000	1.530148e-01
3.170000	1.313343e-01
3.175000	9.458838e-02
3.180000	5.671794e-02
3.185000	1.738834e-03
3.190000	-5.193365e-02
3.195000	-8.324461e-02
3.200000	-1.397116e-01
3.205000	-1.670842e-01
3.210000	-1.715271e-01
3.215000	-1.486976e-01
3.220000	-1.001667e-01
3.225000	-4.911073e-02
3.230000	-2.052086e-02
3.235000	-1.248150e-02
3.240000	-6.976686e-03
3.245000	1.562491e-03
3.250000	8.056275e-03
3.255000	1.138279e-02
3.260000	5.699429e-03
3.265000	-7.978856e-04
3.270000	-4.460815e-03
3.275000	-1.008947e-02
3.280000	-9.454793e-03
3.285000	-2.478291e-03
3.290000	3.190214e-03
3.295000	-9.631050e-03
3.300000	-4.543134e-02
3.305000	-8.622571e-02
3.310000	-1.103733e-01
3.315000	-1.133845e-01
3.320000	-1.114648e-01
3.325000	-1.152698e-01
3.330000	-1.116585e-01
3.335000	-8.981340e-02
3.340000	-4.362631e-02
3.345000	2.862998e-02
3.350000	7.930405e-02
3.355000	1.188114e-01
3.360000	1.299797e-01
3.365000	1.244141e-01
3.370000	1.213903e-01
3.375000	1.155728e-01
3.380000	1.107822e-01
3.385000	1.029427e-01
3.390000	8.957002e-02
3.395000	5.968681e-02
3.400000	2.533948e-02
3.405000	8.327831e-03
3.410000	6.087642e-03
3.415000	-9.988844e-03
3.420000	-6.812128e-02
3.425000	-1.537706e-01
3.430000	-2.205828e-01
3.435000	-2.765051e-01
3.440000	-2.880841e-01
3.445000	-2.708847e-01
3.450000	-2.539745e-01
3.455000	-2.214493e-01
3.460000	-1.775736e-01
3.465000	-1.363629e-01
3.470000	-1.083985e-01
3.475000	-8.239301e-02
3.480000	-6.111560e-02
3.485000	-5.529629e-02
3.490000	-5.602909e-02
3.495000	-5.914926e-02
3.500000	-4.999944e-02
3.505000	-1.732626e-02
3.510000	3.807159e-02
3.515000	9.242236e-02
3.520000	1.475820e-01
3.525000	1.638654e-01
3.530000	1.849591e-01
3.535000	1.997045e-01
3.540000	1.928997e-01
3.545000	1.654186e-01
3.550000	1.071096e-01
3.555000	2.477777e-02
3.560000	-4.988702e-02
3.565000	-7.079131e-02
3.570000	-6.752346e-02
3.575000	-6.665399e-02
3.580000	-6.884030e-02
3.585000	-6.927726e-02
3.590000	-6.720758e-02
3.595000	-7.177348e-02
3.600000	-6.944105e-02
3.605000	-5.375335e-02
3.610000	-2.941766e-02
3.615000	1.242131e-02
3.620000	4.416716e-02
3.625000	4.700586e-02
3.630000	2.669500e-02
3.635000	-2.123526e-02
3.640000	-8.153286e-02
3.645000	-1.273878e-01
3.650000	-1.457245e-01
3.655000	-1.692556e-01
3.660000	-1.877757e-01
3.665000	-1.900920e-01
3.670000	-1.889269e-01
3.675000	-1.744874e-01
3.680000	-1.455015e-01
3.685000	-9.747033e-02
3.690000	-3.977198e-02
3.695000	1.285450e-02
3.700000	4.385727e-02
3.705000	6.124149e-02
3.710000	7.596680e-02
3.715000	8.286807e-02
3.720000	7.013629e-02
3.725000	3.794532e-02
3.730000	-7.680350e-03
3.735000	-4.864412e-02
3.740000	-9.613735e-02
3.745000	-1.224175e-01
3.750000	-1.240971e-01
3.755000	-1.344206e-01
3.760000	-1.415245e-01
3.765000	-1.420346e-01
3.770000	-1.212915e-01
3.775000	-7.201844e-02
3.780000	-8.842961e-03
3.785000	2.531012e-02
3.790000	3.100395e-02
3.795000	2.320412e-02
3.800000	8.771261e-03
3.805000	-8.351007e-03
3.810000	-2.514562e-02
3.815000	-3.756418e-02
3.820000	-4.648471e-02
3.825000	-4.449713e-02
3.830000	-2.966828e-02
3.835000	-9.426530e-03
3.840000	6.141614e-03
3.845000	1.118822e-02
3.850000	7.662923e-03
3.855000	-7.925217e-03
3.860000	-3.206903e-02
3.865000	-5.391383e-02
3.870000	-6.370128e-02
3.875000	-6.519127e-02
3.880000	-5.515343e-02
3.885000	-2.686596e-02
3.890000	1.254121e-02
3.895000	4.341418e-02
3.900000	5.679252e-02
3.905000	6.113366e-02
3.910000	5.390641e-02
3.915000	4.899076e-02
3.920000	5.040211e-02
3.925000	4.925083e-02
3.930000	4.065575e-02
3.935000	2.767860e-02
3.940000	1.115473e-02
3.945000	-4.991343e-03
3.950000	-7.780333e-03
3.955000	1.968870e-03
3.960000	1.645613e-02
3.965000	2.498285e-02
3.970000	2.529060e-02
3.975000	2.061308e-02
3.980000	1.110893e-02
3.985000	9.621700e-05
3.990000	-7.969274e-03
3.995000	-2.224617e-02
4.000000	-4.996577e-02
4.005000	-7.412875e-02
4.010000	-9.062443e-02
4.015000	-9.884284e-02
4.020000	-9.394892e-02
4.025000	-8.053544e-02
4.030000	-6.128365e-02
4.035000	-3.613444e-02
4.040000	-4.441790e-03
4.045000	1.901835e-02
4.050000	3.191868e-02
4.055000	3.123964e-02
4.060000	1.380626e-02
4.065000	-1.060530e-02
4.070000	-3.588741e-02
4.075000	-4.286510e-02
4.080000	-3.680748e-02
4.085000	-2.282470e-02
4.090000	-3.555972e-03
4.095000	2.062259e-02
4.100000	3.766000e-02
4.105000	5.981104e-02
4.110000	9.280472e-02
4.115000	1.064092e-01
4.120000	1.042268e-01
4.125000	8.891303e-02
4.130000	7.075403e-02
4.135000	4.494959e-02
4.140000	1.641785e-02
4.145000	-5.345089e-03
4.150000	-2.874952e-02
4.155000	-3.632325e-02
4.160000	-3.776955e-02
4.165000	-3.018583e-02
4.170000	-1.224494e-02
4.175000	2.088383e-02
4.180000	7.072516e-02
4.185000	1.031018e-01
4.190000	1.314789e-01
4.195000	1.696335e-01
4.200000	1.840885e-01
4.205000	1.906491e-01
4.210000	1.756436e-01
4.215000	1.446558e-01
4.220000	1.115814e-01
4.225000	1.021135e-01
4.230000	7.840445e-02
4.235000	4.511226e-02
4.240000	3.450821e-02
4.245000	2.472507e-02
4.250000	1.327148e-02
4.255000	2.528251e-03
4.260000	-1.038202e-02
4.265000	-2.396110e-02
4.270000	-3.250023e-02
4.275000	-4.266754e-02
4.280000	-5.444764e-02
4.285000	-6.496385e-02
4.290000	-7.201968e-02
4.295000	-7.226529e-02
4.300000	-7.017448e-02
4.305000	-6.434702e-02
4.310000	-5.921597e-02
4.315000	-5.868309e-02
4.320000	-6.117425e-02
4.325000	-6.507421e-02
4.330000	-6.744646e-02
4.335000	-6.663798e-02
4.340000	-6.977961e-02
4.345000	-7.438612e-02
4.350000	-7.646301e-02
4.355000	-8.023679e-02
4.360000	-8.545741e-02
4.365000	-8.879082e-02
4.370000	-1.005117e-01
4.375000	-1.149143e-01
4.380000	-1.272473e-01
4.385000	-1.402114e-01
4.390000	-1.459185e-01
4.395000	-1.514393e-01
4.400000	-1.523850e-01
4.405000	-1.409631e-01
4.410000	-1.153123e-01
4.415000	-8.119461e-02
4.420000	-4.568121e-02
4.425000	-7.114906e-03
4.430000	2.609686e-02
4.435000	4.830965e-02
4.440000	7.291078e-02
4.445000	9.911260e-02
4.450000	1.443369e-01
4.455000	2.136828e-01
4.460000	3.114758e-01
4.465000	4.255903e-01
4.470000	4.622746e-01
4.475000	3.355251e-01
4.480000	1.169221e-01
4.485000	-2.116375e-02
4.490000	-9.542150e-02
4.495000	-1.580246e-01
4.500000	-2.124440e-01
4.505000	-2.602897e-01
4.510000	-2.753397e-01
4.515000	-2.804278e-01
4.520000	-2.902878e-01
4.525000	-2.927767e-01
4.530000	-2.814923e-01
4.535000	-2.623326e-01
4.540000	-2.398828e-01
4.545000	-2.105758e-01
4.550000	-1.780015e-01
4.555000	-1.514863e-01
4.560000	-1.213258e-01
4.565000	-9.271820e-02
4.570000	-6.520212e-02
4.575000	-3.816129e-02
4.580000	-2.056809e-02
4.585000	-1.153853e-02
4.590000	-5.685144e-03
4.595000	-9.941636e-04
4.600000	4.274326e-03
4.605000	1.528838e-02
4.610000	2.792850e-02
4.615000	3.792424e-02
4.620000	4.370335e-02
4.625000	5.202813e-02
4.630000	7.187087e-02
4.635000	9.914118e-02
4.640000	1.366823e-01
4.645000	1.843299e-01
4.650000	2.296712e-01
4.655000	3.020105e-01
4.660000	3.876104e-01
4.665000	4.611496e-01
4.670000	5.127873e-01
4.675000	5.122646e-01
4.680000	4.592574e-01
4.685000	4.265280e-01
4.690000	4.766760e-01
4.695000	5.622768e-01
4.700000	6.100014e-01
4.705000	6.069960e-01
4.710000	5.382675e-01
4.715000	4.020840e-01
4.720000	2.980501e-01
4.725000	2.443742e-01
4.730000	2.238885e-01
4.735000	2.009635e-01
4.740000	1.695512e-01
4.745000	1.430370e-01
4.750000	1.167732e-01
4.755000	9.473306e-02
4.760000	8.475586e-02
4.765000	7.334351e-02
4.770000	5.581645e-02
4.775000	3.660811e-02
4.780000	1.224225e-02
4.785000	-1.659797e-02
4.790000	-5.299839e-02
4.795000	-9.003167e-02
4.800000	-1.033915e-01
4.805000	-1.384475e-01
4.810000	-1.838513e-01
4.815000	-2.098417e-01
4.820000	-2.414874e-01
4.825000	-2.539041e-01
4.830000	-2.280285e-01
4.835000	-1.843004e-01
4.840000	-1.321275e-01
4.845000	-1.018166e-01
4.850000	-9.230594e-02
4.855000	-1.105908e-01
4.860000	-1.595910e-01
4.865000	-2.113626e-01
4.870000	-2.215203e-01
4.875000	-2.017299e-01
4.880000	-1.830923e-01
4.885000	-1.655607e-01
4.890000	-1.450970e-01
4.895000	-1.267153e-01
4.900000	-1.126350e-01
4.905000	-1.026560e-01
4.910000	-1.047462e-01
4.915000	-1.106280e-01
4.920000	-1.100156e-01
4.925000	-9.381515e-02
4.930000	-6.325613e-02
4.935000	-2.297242e-02
4.940000	1.885931e-02
4.945000	7.660193e-02
4.950000	1.446986e-01
4.955000	1.552116e-01
4.960000	1.084055e-01
4.965000	1.899028e-02
4.970000	-7.951928e-02
4.975000	-1.395911e-01
4.980000	-1.621340e-01
4.985000	-1.761613e-01
4.990000	-1.684420e-01
4.995000	-1.443138e-01
5.000000	-1.016001e-01
5.005000	-3.034405e-02
5.010000	5.394238e-02
5.015000	9.726313e-02
5.020000	7.231926e-02
5.025000	2.164206e-02
5.030000	-1.136269e-02
5.035000	-8.193985e-03
5.040000	1.038951e-02
5.045000	3.398268e-02
5.050000	6.530754e-02
5.055000	9.580659e-02
5.060000	1.133320e-01
5.065000	1.282684e-01
5.070000	1.502502e-01
5.075000	1.701153e-01
5.080000	1.822857e-01
5.085000	1.757366e-01
5.090000	1.446237e-01
5.095000	1.019195e-01
5.100000	6.236545e-02
5.105000	3.447753e-02
5.110000	1.258192e-02
5.115000	-3.813149e-03
5.120000	-1.513791e-02
5.125000	-2.484646e-02
5.130000	-3.463527e-02
5.135000	-4.583575e-02
5.140000	-5.444330e-02
5.145000	-5.597161e-02
5.150000	-4.619151e-02
5.155000	-1.713853e-02
5.160000	3.890889e-02
5.165000	1.149444e-01
5.170000	1.675018e-01
5.175000	1.911982e-01
5.180000	1.970964e-01
5.185000	1.841833e-01
5.190000	1.598791e-01
5.195000	1.380371e-01
5.200000	1.135251e-01
5.205000	8.735900e-02
5.210000	6.795940e-02
5.215000	5.223841e-02
5.220000	4.084954e-02
5.225000	3.297545e-02
5.230000	1.665892e-02
5.235000	-9.752325e-03
5.240000	-2.784452e-02
5.245000	-3.443548e-02
5.250000	-2.494144e-02
5.255000	-1.297499e-02
5.260000	-4.210088e-03
5.265000	-1.780116e-03
5.270000	-3.091195e-03
5.275000	6.846490e-04
5.280000	7.799206e-03
5.285000	1.838227e-02
5.290000	2.560745e-02
5.295000	1.717658e-02
5.300000	-7.581737e-03
5.305000	-4.155605e-02
5.310000	-8.653306e-02
5.315000	-1.214850e-01
5.320000	-1.327460e-01
5.325000	-1.499541e-01
5.330000	-1.742546e-01
5.335000	-1.980159e-01
5.340000	-2.300772e-01
5.345000	-2.702928e-01
5.350000	-2.971380e-01
5.355000	-3.107177e-01
5.360000	-3.159229e-01
5.365000	-3.036428e-01
5.370000	-2.912403e-01
5.375000	-2.870038e-01
5.380000	-2.821387e-01
5.385000	-2.629647e-01
5.390000	-2.312528e-01
5.395000	-1.872474e-01
5.400000	-1.557865e-01
5.405000	-1.276938e-01
5.410000	-6.865500e-02
5.415000	-2.008155e-02
5.420000	4.395364e-03
5.425000	2.378538e-02
5.430000	2.227441e-02
5.435000	3.461886e-03
5.440000	-1.877805e-02
5.445000	-3.096801e-02
5.450000	-4.099364e-02
5.455000	-3.752675e-02
5.460000	-2.554429e-02
5.465000	-1.395753e-02
5.470000	2.291065e-03
5.475000	1.418618e-02
5.480000	2.662453e-02
5.485000	3.329511e-02
5.490000	4.627327e-02
5.495000	6.674185e-02
5.500000	8.436443e-02
5.505000	1.026951e-01
5.510000	1.185095e-01
5.515000	1.279904e-01
5.520000	1.470472e-01
5.525000	1.732531e-01
5.530000	1.880152e-01
5.535000	2.002772e-01
5.540000	2.065604e-01
5.545000	2.112526e-01
5.550000	2.094049e-01
5.555000	1.967182e-01
5.560000	1.668417e-01
5.565000	1.199163e-01
5.570000	9.052522e-02
5.575000	7.585322e-02
5.580000	4.758724e-02
5.585000	2.314210e-02
5.590000	-1.316155e-02
5.595000	-4.678580e-02
5.600000	-7.141295e-02
5.605000	-9.884780e-02
5.610000	-9.815966e-02
5.615000	-9.124737e-02
5.620000	-8.915385e-02
5.625000	-9.115550e-02
5.630000	-8.223286e-02
5.635000	-5.521864e-02
5.640000	-1.864231e-02
5.645000	1.135330e-02
5.650000	2.109735e-02
5.655000	2.089741e-02
5.660000	9.424805e-03
5.665000	-6.208942e-03
5.670000	-1.748923e-02
5.675000	-1.967440e-02
5.680000	-2.238862e-02
5.685000	-3.451461e-02
5.690000	-5.420465e-02
5.695000	-7.585677e-02
5.700000	-9.393300e-02
5.705000	-1.026764e-01
5.710000	-1.060189e-01
5.715000	-1.070842e-01
5.720000	-9.404223e-02
5.725000	-6.943455e-02
5.730000	-3.566142e-02
5.735000	-5.148304e-03
5.740000	2.453009e-02
5.745000	2.979307e-02
5.750000	8.782697e-03
5.755000	-2.883788e-02
5.760000	-6.623444e-02
5.765000	-7.551917e-02
5.770000	-6.827788e-02
5.775000	-5.570110e-02
5.780000	-4.229173e-02
5.785000	-3.154367e-02
5.790000	-2.242637e-02
5.795000	-1.620031e-02
5.800000	-1.602139e-02
5.805000	-2.863982e-02
5.810000	-5.016261e-02
5.815000	-7.710533e-02
5.820000	-9.215580e-02
5.825000	-1.006941e-01
5.830000	-9.163830e-02
5.835000	-7.361793e-02
5.840000	-5.104687e-02
5.845000	-3.724133e-02
5.850000	-3.543628e-02
5.855000	-4.598143e-02
5.860000	-6.498303e-02
5.865000	-8.281930e-02
5.870000	-9.103161e-02
5.875000	-8.737788e-02
5.880000	-7.836958e-02
5.885000	-6.688659e-02
5.890000	-5.134616e-02
5.895000	-3.107343e-02
5.900000	-5.067313e-03
5.905000	2.764581e-02
5.910000	5.476883e-02
5.915000	6.783479e-02
5.920000	7.486576e-02
5.925000	6.976169e-02
5.930000	4.884165e-02
5.935000	2.534270e-02
5.940000	4.249746e-03
5.945000	-1.161397e-02
5.950000	-8.397082e-03
5.955000	1.644502e-02
5.960000	5.700255e-02
5.965000	1.019397e-01
5.970000	1.362247e-01
5.975000	1.531176e-01
5.980000	1.420106e-01
5.985000	1.055101e-01
5.990000	6.738980e-02
5.995000	4.229214e-02
6.000000	2.988985e-02
6.005000	2.787721e-02
6.010000	2.999828e-02
6.015000	3.740123e-02
6.020000	4.958549e-02
6.025000	6.307305e-02
6.030000	7.691897e-02
6.035000	8.224257e-02
6.040000	7.491120e-02
6.045000	5.597001e-02
6.050000	3.302857e-02
6.055000	2.327748e-02
6.060000	3.039402e-02
6.065000	3.133083e-02
6.070000	1.137621e-02
6.075000	-1.215903e-02
6.080000	-2.157650e-02
6.085000	-1.737628e-02
6.090000	-4.837245e-03
6.095000	5.001551e-03
6.100000	7.311124e-03
6.105000	-1.312432e-03
6.110000	-1.599953e-02
6.115000	-2.509940e-02
6.120000	-2.657304e-02
6.125000	-1.921992e-02
6.130000	-2.589059e-03
6.135000	2.512105e-02
6.140000	6.043600e-02
6.145000	8.164455e-02
6.150000	9.017749e-02
6.155000	9.151784e-02
6.160000	8.133770e-02
6.165000	6.222169e-02
6.170000	3.734073e-02
6.175000	1.050298e-02
6.180000	-1.568916e-02
6.185000	-3.477477e-02
6.190000	-4.253077e-02
6.195000	-4.431643e-02
6.200000	-3.862383e-02
6.205000	-2.209838e-02
6.210000	2.925853e-03
6.215000	2.143142e-02
6.220000	3.298099e-02
6.225000	3.790896e-02
6.230000	3.132550e-02
6.235000	1.990336e-02
6.240000	1.611941e-02
6.245000	1.440855e-02
6.250000	1.649720e-02
6.255000	2.435219e-02
6.260000	3.506260e-02
6.265000	4.719198e-02
6.270000	5.889157e-02
6.275000	6.930423e-02
6.280000	7.574014e-02
6.285000	7.832199e-02
6.290000	7.938836e-02
6.295000	8.028557e-02
6.300000	8.330822e-02
6.305000	8.379527e-02
6.310000	8.324572e-02
6.315000	8.427921e-02
6.320000	8.631855e-02
6.325000	8.707240e-02
6.330000	8.691027e-02
6.335000	7.755584e-02
6.340000	5.412475e-02
6.345000	1.761431e-02
6.350000	-3.341582e-03
6.355000	-1.170160e-02
6.360000	-1.363380e-02
6.365000	-1.368770e-02
6.370000	-1.840090e-02
6.375000	-2.210875e-02
6.380000	-2.541279e-02
6.385000	-2.420351e-02
6.390000	-1.323989e-02
6.395000	6.490213e-03
6.400000	3.336440e-02
6.405000	5.354834e-02
6.410000	6.023398e-02
6.415000	5.762373e-02
6.420000	3.906459e-02
6.425000	6.748933e-03
6.430000	-2.540357e-02
6.435000	-3.717284e-02
6.440000	-4.442098e-02
6.445000	-5.400239e-02
6.450000	-7.080191e-02
6.455000	-9.023658e-02
6.460000	-1.053784e-01
6.465000	-1.179294e-01
6.470000	-1.280951e-01
6.475000	-1.283792e-01
6.480000	-1.284833e-01
6.485000	-1.335496e-01
6.490000	-1.382185e-01
6.495000	-1.350250e-01
6.500000	-1.222318e-01
6.505000	-1.016744e-01
6.510000	-7.814625e-02
6.515000	-6.073557e-02
6.520000	-4.308016e-02
6.525000	-2.635826e-02
6.530000	-1.959032e-02
6.535000	-1.213092e-02
6.540000	-2.177280e-04
6.545000	6.710972e-03
6.550000	1.746418e-02
6.555000	3.128216e-02
6.560000	3.899404e-02
6.565000	4.240746e-02
6.570000	2.581209e-02
6.575000	-8.511845e-03
6.580000	-5.073195e-02
6.585000	-6.386469e-02
6.590000	-6.975071e-02
6.595000	-6.725289e-02
6.600000	-5.919688e-02
6.605000	-5.024238e-02
6.610000	-4.169227e-02
6.615000	-3.721118e-02
6.620000	-3.270407e-02
6.625000	-3.220375e-02
6.630000	-3.222420e-02
6.635000	-3.139133e-02
6.640000	-3.277793e-02
6.645000	-3.863345e-02
6.650000	-4.715796e-02
6.655000	-5.857232e-02
6.660000	-7.368598e-02
6.665000	-8.922769e-02
6.670000	-9.441363e-02
6.675000	-9.186624e-02
6.680000	-8.129200e-02
6.685000	-6.662093e-02
6.690000	-4.941405e-02
6.695000	-2.924040e-02
6.700000	-2.561746e-03
6.705000	1.821256e-02
6.710000	2.784387e-02
6.715000	3.749659e-02
6.720000	4.059747e-02
6.725000	3.139385e-02
6.730000	2.096567e-02
6.735000	1.217259e-02
6.740000	8.422577e-03
6.745000	7.841493e-03
6.750000	9.299220e-03
6.755000	6.634188e-03
6.760000	5.222485e-04
6.765000	-6.281587e-03
6.770000	-1.270140e-02
6.775000	-1.157371e-02
6.780000	2.392189e-04
6.785000	1.793029e-02
6.790000	3.820943e-02
6.795000	5.711909e-02
6.800000	7.521981e-02
6.805000	9.273094e-02
6.810000	1.162671e-01
6.815000	1.346074e-01
6.820000	1.380618e-01
6.825000	1.297104e-01
6.830000	1.120578e-01
6.835000	9.119578e-02
6.840000	7.214538e-02
6.845000	6.020130e-02
6.850000	5.721564e-02
6.855000	5.643822e-02
6.860000	6.077530e-02
6.865000	6.770272e-02
6.870000	7.049375e-02
6.875000	6.439984e-02
6.880000	5.090968e-02
6.885000	3.194745e-02
6.890000	8.828812e-03
6.895000	-1.382327e-02
6.900000	-2.721571e-02
6.905000	-2.877762e-02
6.910000	-2.499577e-02
6.915000	-2.011971e-02
6.920000	-1.565721e-02
6.925000	-1.306173e-02
6.930000	-1.352928e-02
6.935000	-1.674274e-02
6.940000	-1.982371e-02
6.945000	-2.011228e-02
6.950000	-1.884218e-02
6.955000	-1.653561e-02
6.960000	-1.060431e-02
6.965000	-7.214286e-04
6.970000	7.062492e-03
6.975000	1.435586e-02
6.980000	2.255558e-02
6.985000	3.020165e-02
6.990000	3.851608e-02
6.995000	4.449061e-02
7.000000	4.582550e-02
7.005000	4.453127e-02
7.010000	4.232839e-02
7.015000	3.903412e-02
7.020000	2.986177e-02
7.025000	1.139260e-02
7.030000	-1.610857e-02
7.035000	-4.211291e-02
7.040000	-6.208262e-02
7.045000	-7.606700e-02
7.050000	-8.017155e-02
7.055000	-7.398622e-02
7.060000	-6.087076e-02
7.065000	-4.673863e-02
7.070000	-3.364537e-02
7.075000	-1.604572e-02
7.080000	3.103028e-03
7.085000	2.180707e-02
7.090000	3.718095e-02
7.095000	5.270433e-02
7.100000	6.995196e-02
7.105000	8.163050e-02
7.110000	8.823450e-02
7.115000	9.385852e-02
7.120000	9.435457e-02
7.125000	9.197191e-02
7.130000	9.180126e-02
7.135000	9.252170e-02
7.140000	9.135059e-02
7.145000	8.853249e-02
7.150000	7.987558e-02
7.155000	6.944384e-02
7.160000	6.174978e-02
7.165000	5.573649e-02
7.170000	4.919681e-02
7.175000	4.492245e-02
7.180000	3.864474e-02
7.185000	2.855097e-02
7.190000	1.916165e-02
7.195000	1.074852e-02
7.200000	9.146176e-03
7.205000	7.811134e-03
7.210000	4.720975e-03
7.215000	8.405362e-04
7.220000	-6.116573e-03
7.225000	-1.316191e-02
7.230000	-1.703152e-02
7.235000	-2.149759e-02
7.240000	-2.807216e-02
7.245000	-3.502183e-02
7.250000	-4.558276e-02
7.255000	-5.231776e-02
7.260000	-5.885618e-02
7.265000	-6.483133e-02
7.270000	-6.356498e-02
7.275000	-6.074799e-02
7.280000	-5.709564e-02
7.285000	-5.359338e-02
7.290000	-4.764602e-02
7.295000	-4.114438e-02
7.300000	-3.614010e-02
7.305000	-2.786236e-02
7.310000	-2.080354e-02
7.315000	-2.111987e-02
7.320000	-2.242064e-02
7.325000	-2.385486e-02
7.330000	-2.934101e-02
7.335000	-3.433147e-02
7.340000	-3.298271e-02
7.345000	-2.885111e-02
7.350000	-2.792538e-02
7.355000	-2.973230e-02
7.360000	-3.380832e-02
7.365000	-4.085869e-02
7.370000	-4.477773e-02
7.375000	-4.693524e-02
7.380000	-4.281131e-02
7.385000	-3.832839e-02
7.390000	-3.728953e-02
7.395000	-3.665616e-02
7.400000	-3.316030e-02
7.405000	-2.397693e-02
7.410000	-1.971216e-02
7.415000	-1.368664e-02
7.420000	-1.149486e-02
7.425000	-1.752544e-02
7.430000	-2.749400e-02
7.435000	-3.087955e-02
7.440000	-3.486865e-02
7.445000	-3.678747e-02
7.450000	-3.260546e-02
7.455000	-2.633463e-02
7.460000	-1.783845e-02
7.465000	-6.993137e-03
7.470000	5.997293e-03
7.475000	1.334680e-02
7.480000	1.178775e-02
7.485000	4.422586e-03
7.490000	-5.003461e-03
7.495000	-1.334675e-02
7.500000	-2.093578e-02
7.505000	-2.563263e-02
7.510000	-3.065680e-02
7.515000	-3.143457e-02
7.520000	-2.563169e-02
7.525000	-1.887772e-02
7.530000	-9.944584e-03
7.535000	-2.095470e-03
7.540000	3.847054e-03
7.545000	4.585601e-03
7.550000	9.401378e-03
7.555000	1.781127e-02
7.560000	2.546937e-02
7.565000	3.307098e-02
7.570000	3.798985e-02
7.575000	3.703493e-02
7.580000	3.546944e-02
7.585000	3.458866e-02
7.590000	3.307687e-02
7.595000	3.264940e-02
7.600000	3.176238e-02
7.605000	3.006204e-02
7.610000	2.548828e-02
7.615000	2.033332e-02
7.620000	1.548191e-02
7.625000	1.364547e-02
7.630000	1.491138e-02
7.635000	1.439776e-02
7.640000	1.287675e-02
7.645000	1.107544e-02
7.650000	1.250928e-02
7.655000	2.057831e-02
7.660000	3.323433e-02
7.665000	4.559071e-02
7.670000	5.446462e-02
7.675000	6.039390e-02
7.680000	5.902181e-02
7.685000	4.824629e-02
7.690000	3.558330e-02
7.695000	2.571932e-02
7.700000	1.967170e-02
7.705000	1.348373e-02
7.710000	9.363319e-03
7.715000	8.721384e-03
7.720000	1.086894e-02
7.725000	1.592126e-02
7.730000	2.213794e-02
7.735000	2.635261e-02
7.740000	2.681831e-02
7.745000	2.481510e-02
7.750000	1.835960e-02
7.755000	1.012105e-02
7.760000	-2.616593e-04
7.765000	-9.206181e-03
7.770000	-1.111633e-02
7.775000	-9.556495e-03
7.780000	-8.471701e-03
7.785000	-7.617618e-03
7.790000	-8.062034e-03
7.795000	-1.025323e-02
7.800000	-1.222461e-02
7.805000	-1.197559e-02
7.810000	-1.144659e-02
7.815000	-1.295508e-02
7.820000	-1.553443e-02
7.825000	-1.863985e-02
7.830000	-2.203157e-02
7.835000	-2.535962e-02
7.840000	-2.751040e-02
7.845000	-2.607387e-02
7.850000	-2.143170e-02
7.855000	-1.721005e-02
7.860000	-1.688116e-02
7.865000	-2.040510e-02
7.870000	-2.615776e-02
7.875000	-3.027124e-02
7.880000	-3.287323e-02
7.885000	-3.483863e-02
7.890000	-3.917388e-02
7.895000	-4.624819e-02
7.900000	-5.032534e-02
7.905000	-5.178544e-02
7.910000	-5.228303e-02
7.915000	-5.125873e-02
7.920000	-4.935392e-02
7.925000	-4.545112e-02
7.930000	-4.098936e-02
7.935000	-3.353711e-02
7.940000	-2.153167e-02
7.945000	-1.010478e-02
7.950000	3.002830e-07
7.955000	8.253325e-03
7.960000	1.853390e-02
7.965000	3.245101e-02
7.970000	4.385017e-02
7.975000	5.401614e-02
7.980000	6.234821e-02
7.985000	6.056940e-02
7.990000	5.438120e-02
7.995000	4.922905e-02
8.000000	4.651677e-02
8.005000	4.439115e-02
8.010000	4.517840e-02
8.015000	4.478564e-02
8.020000	4.206998e-02
8.025000	3.870964e-02
8.030000	2.948683e-02
8.035000	1.871761e-02
8.040000	1.090020e-02
8.045000	-1.321228e-03
8.050000	-1.347385e-02
8.055000	-2.081452e-02
8.060000	-2.448412e-02
8.065000	-2.603591e-02
8.070000	-3.119596e-02
8.075000	-3.766674e-02
8.080000	-4.073927e-02
8.085000	-4.417433e-02
8.090000	-4.995289e-02
8.095000	-5.507891e-02
8.100000	-5.951296e-02
8.105000	-5.736905e-02
8.110000	-4.838372e-02
8.115000	-3.452529e-02
8.120000	-2.347427e-02
8.125000	-1.642741e-02
8.130000	-1.141836e-02
8.135000	-1.128629e-02
8.140000	-1.315957e-02
8.145000	-1.645427e-02
8.150000	-1.660876e-02
8.155000	-1.874620e-02
8.160000	-2.131381e-02
8.165000	-2.096996e-02
8.170000	-1.890762e-02
8.175000	-1.371154e-02
8.180000	-7.123031e-03
8.185000	1.576659e-03
8.190000	9.581064e-03
8.195000	1.748680e-02
8.200000	2.324574e-02
8.205000	2.327663e-02
8.210000	2.352200e-02
8.215000	2.491635e-02
8.220000	2.595069e-02
8.225000	2.406643e-02
8.230000	1.719628e-02
8.235000	8.921865e-03
8.240000	-4.004185e-04
8.245000	-2.325976e-03
8.250000	-9.705301e-03
8.255000	-1.727179e-02
8.260000	-1.795598e-02
8.265000	-2.104075e-02
8.270000	-2.514365e-02
8.275000	-2.718755e-02
8.280000	-2.636254e-02
8.285000	-2.597962e-02
8.290000	-2.732301e-02
8.295000	-3.003556e-02
8.300000	-3.202179e-02
8.305000	-3.263042e-02
8.310000	-3.102841e-02
8.315000	-2.917721e-02
8.320000	-3.284810e-02
8.325000	-3.518993e-02
8.330000	-3.383407e-02
8.335000	-2.857065e-02
8.340000	-1.908556e-02
8.345000	-1.420218e-02
8.350000	-8.003639e-03
8.355000	-8.794267e-03
8.360000	-1.165714e-02
8.365000	-1.121201e-02
8.370000	-5.907673e-03
8.375000	6.747645e-03
8.380000	1.810981e-02
8.385000	2.123462e-02
8.390000	2.276180e-02
8.395000	2.058477e-02
8.400000	1.717269e-02
8.405000	1.706976e-02
8.410000	1.739207e-02
8.415000	1.914378e-02
8.420000	2.031311e-02
8.425000	1.402296e-02
8.430000	6.230332e-03
8.435000	-2.842014e-04
8.440000	5.381889e-04
8.445000	6.113495e-04
8.450000	-2.127028e-03
8.455000	1.560526e-03
8.460000	7.290287e-03
8.465000	7.727258e-03
8.470000	1.012759e-02
8.475000	1.793280e-02
8.480000	1.862040e-02
8.485000	1.558692e-02
8.490000	7.385248e-03
8.495000	1.485470e-03
8.500000	-1.162645e-02
8.505000	-3.017759e-02
8.510000	-4.344921e-02
8.515000	-4.822689e-02
8.520000	-4.563892e-02
8.525000	-4.344829e-02
8.530000	-4.172829e-02
8.535000	-4.073066e-02
8.540000	-3.911882e-02
8.545000	-3.604464e-02
8.550000	-3.519377e-02
8.555000	-3.125324e-02
8.560000	-2.871176e-02
8.565000	-2.936287e-02
8.570000	-3.124629e-02
8.575000	-3.676635e-02
8.580000	-3.907941e-02
8.585000	-3.966772e-02
8.590000	-4.022033e-02
8.595000	-4.215618e-02
8.600000	-4.159668e-02
8.605000	-4.323856e-02
8.610000	-4.873657e-02
8.615000	-5.250864e-02
8.620000	-5.149150e-02
8.625000	-4.269246e-02
8.630000	-3.161955e-02
8.635000	-2.144455e-02
8.640000	-7.912879e-03
8.645000	5.514642e-03
8.650000	1.291921e-02
8.655000	1.716120e-02
8.660000	1.275699e-02
8.665000	3.519418e-03
8.670000	-9.077837e-03
8.675000	-1.638511e-02
8.680000	-2.164620e-02
8.685000	-2.744059e-02
8.690000	-2.495826e-02
8.695000	-2.513563e-02
8.700000	-2.617866e-02
8.705000	-2.319761e-02
8.710000	-1.720493e-02
8.715000	-1.009416e-02
8.720000	-1.752178e-03
8.725000	7.589490e-03
8.730000	1.108928e-02
8.735000	1.184989e-02
8.740000	5.686298e-03
8.745000	1.439501e-04
8.750000	-4.040130e-03
8.755000	-3.282156e-03
8.760000	-3.121163e-03
8.765000	-8.655504e-04
8.770000	3.339688e-03
8.775000	1.240904e-02
8.780000	2.727278e-02
8.785000	4.091870e-02
8.790000	4.992093e-02
8.795000	5.742570e-02
8.800000	5.927230e-02
8.805000	5.896148e-02
8.810000	5.769110e-02
8.815000	5.887062e-02
8.820000	5.986617e-02
8.825000	5.832930e-02
8.830000	5.555089e-02
8.835000	5.088814e-02
8.840000	4.887198e-02
8.845000	4.407728e-02
8.850000	3.642234e-02
8.855000	3.174820e-02
8.860000	2.522762e-02
8.865000	2.123557e-02
8.870000	2.720183e-02
8.875000	4.061756e-02
8.880000	5.458860e-02
8.885000	7.401865e-02
8.890000	9.083486e-02
8.895000	9.720359e-02
8.900000	1.008740e-01
8.905000	9.850931e-02
8.910000	9.090455e-02
8.915000	7.923349e-02
8.920000	6.268362e-02
8.925000	4.690856e-02
8.930000	3.699491e-02
8.935000	3.244538e-02
8.940000	2.946620e-02
8.945000	2.337133e-02
8.950000	1.638861e-02
8.955000	6.050289e-03
8.960000	-8.169491e-03
8.965000	-1.937255e-02
8.970000	-2.691489e-02
8.975000	-3.094663e-02
8.980000	-3.315972e-02
8.985000	-3.829049e-02
8.990000	-4.231915e-02
8.995000	-4.248939e-02
9.000000	-4.237856e-02
9.005000	-4.140307e-02
9.010000	-3.624684e-02
9.015000	-2.895222e-02
9.020000	-2.562142e-02
9.025000	-2.297903e-02
9.030000	-1.768677e-02
9.035000	-1.472292e-02
9.040000	-1.514977e-02
9.045000	-1.574705e-02
9.050000	-1.636792e-02
9.055000	-1.774100e-02
9.060000	-1.775236e-02
9.065000	-1.812180e-02
9.070000	-2.122831e-02
9.075000	-2.465407e-02
9.080000	-2.734931e-02
9.085000	-3.022341e-02
9.090000	-2.988699e-02
9.095000	-2.534614e-02
9.100000	-1.788849e-02
9.105000	-7.384359e-03
9.110000	4.904473e-03
9.115000	1.522067e-02
9.120000	2.141622e-02
9.125000	2.585153e-02
9.130000	2.781365e-02
9.135000	3.160932e-02
9.140000	3.773248e-02
9.145000	4.007377e-02
9.150000	3.930114e-02
9.155000	3.432986e-02
9.160000	2.720964e-02
9.165000	2.099843e-02
9.170000	1.839485e-02
9.175000	1.787443e-02
9.180000	1.717831e-02
9.185000	1.725412e-02
9.190000	1.871731e-02
9.195000	2.217431e-02
9.200000	2.585380e-02
9.205000	3.017003e-02
9.210000	3.707855e-02
9.215000	4.201013e-02
9.220000	4.294806e-02
9.225000	4.565240e-02
9.230000	5.128117e-02
9.235000	5.895766e-02
9.240000	6.417010e-02
9.245000	6.495360e-02
9.250000	6.537687e-02
9.255000	6.464680e-02
9.260000	6.083570e-02
9.265000	5.397810e-02
9.270000	4.899194e-02
9.275000	4.586853e-02
9.280000	4.143987e-02
9.285000	3.737086e-02
9.290000	3.058121e-02
9.295000	2.419761e-02
9.300000	1.887327e-02
9.305000	1.127815e-02
9.310000	6.601566e-03
9.315000	4.772626e-03
9.320000	1.239760e-03
9.325000	-1.244559e-03
9.330000	6.452777e-04
9.335000	5.206631e-03
9.340000	9.068815e-03
9.345000	1.270158e-02
9.350000	1.362597e-02
9.355000	1.143863e-02
9.360000	9.800392e-03
9.365000	8.759377e-03
9.370000	6.987069e-03
9.375000	4.289194e-03
9.380000	4.294769e-03
9.385000	6.864297e-03
9.390000	9.166831e-03
9.395000	1.159858e-02
9.400000	1.122036e-02
9.405000	1.054401e-02
9.410000	6.538488e-03
9.415000	-5.839441e-04
9.420000	-7.894344e-03
9.425000	-1.247844e-02
9.430000	-1.857939e-02
9.435000	-2.239624e-02
9.440000	-2.226042e-02
9.445000	-2.469930e-02
9.450000	-2.897598e-02
9.455000	-3.368791e-02
9.460000	-3.842571e-02
9.465000	-4.062287e-02
9.470000	-4.501006e-02
9.475000	-4.534427e-02
9.480000	-4.455297e-02
9.485000	-4.720099e-02
9.490000	-5.078686e-02
9.495000	-5.198343e-02
9.500000	-5.190327e-02
9.505000	-5.110316e-02
9.510000	-4.962699e-02
9.515000	-4.775115e-02
9.520000	-4.605351e-02
9.525000	-4.307685e-02
9.530000	-4.328506e-02
9.535000	-4.640562e-02
9.540000	-4.704871e-02
9.545000	-4.590216e-02
9.550000	-4.314842e-02
9.555000	-3.722082e-02
9.560000	-2.964942e-02
9.565000	-2.262040e-02
9.570000	-1.778471e-02
9.575000	-1.868719e-02
9.580000	-2.140287e-02
9.585000	-2.287245e-02
9.590000	-2.255339e-02
9.595000	-2.561360e-02
9.600000	-2.875627e-02
9.605000	-3.206841e-02
9.610000	-3.762238e-02
9.615000	-4.363981e-02
9.620000	-4.498776e-02
9.625000	-4.799726e-02
9.630000	-4.831290e-02
9.635000	-4.772402e-02
9.640000	-4.842995e-02
9.645000	-4.881177e-02
9.650000	-4.863760e-02
9.655000	-4.811494e-02
9.660000	-4.923161e-02
9.665000	-5.346459e-02
9.670000	-5.864774e-02
9.675000	-5.956976e-02
9.680000	-5.660022e-02
9.685000	-5.051206e-02
9.690000	-4.051611e-02
9.695000	-2.778527e-02
9.700000	-1.789463e-02
9.705000	-8.413914e-03
9.710000	-1.450531e-03
9.715000	-3.557210e-04
9.720000	-3.801177e-03
9.725000	-4.306403e-03
9.730000	1.055673e-04
9.735000	2.204697e-03
9.740000	3.303485e-03
9.745000	7.417314e-03
9.750000	1.363122e-02
9.755000	1.500081e-02
9.760000	1.336191e-02
9.765000	1.010613e-02
9.770000	6.656336e-03
9.775000	4.298618e-03
9.780000	3.120061e-03
9.785000	4.587217e-03
9.790000	7.331691e-03
9.795000	1.249159e-02
9.800000	1.671872e-02
9.805000	2.691860e-02
9.810000	3.594726e-02
9.815000	4.957634e-02
9.820000	6.047995e-02
9.825000	6.552336e-02
9.830000	6.886306e-02
9.835000	7.205911e-02
9.840000	7.184010e-02
9.845000	7.428195e-02
9.850000	7.436577e-02
9.855000	7.666038e-02
9.860000	8.376328e-02
9.865000	8.943117e-02
9.870000	9.364746e-02
9.875000	9.315828e-02
9.880000	9.114714e-02
9.885000	9.132984e-02
9.890000	9.344600e-02
9.895000	9.396553e-02
9.900000	9.472502e-02
9.905000	9.689405e-02
9.910000	9.845586e-02
9.915000	1.017802e-01
9.920000	1.045028e-01
9.925000	1.089024e-01
9.930000	1.128968e-01
9.935000	1.115700e-01
9.940000	1.106465e-01
9.945000	1.119042e-01
9.950000	1.135081e-01
9.955000	1.123395e-01
9.960000	1.052284e-01
9.965000	9.674555e-02
9.970000	8.592936e-02
9.975000	7.581390e-02
9.980000	6.261512e-02
9.985000	4.652204e-02
9.990000	3.190621e-02
9.995000	1.740536e-02
10.000000	-2.327839e-03
10.005000	-1.720885e-02
10.010000	-2.932151e-02
10.015000	-4.161223e-02
10.020000	-4.746608e-02
10.025000	-5.051135e-02
10.030000	-4.888603e-02
10.035000	-4.451474e-02
10.040000	-4.014640e-02
10.045000	-3.661879e-02
10.050000	-3.075863e-02
10.055000	-2.650540e-02
10.060000	-2.641952e-02
10.065000	-2.688437e-02
10.070000	-3.060454e-02
10.075000	-3.282169e-02
10.080000	-3.486382e-02
10.085000	-3.632812e-02
10.090000	-3.595311e-02
10.095000	-3.662564e-02
10.100000	-3.684722e-02
10.105000	-3.275982e-02
10.110000	-2.399617e-02
10.115000	-1.935813e-02
10.120000	-1.530824e-02
10.125000	-1.029089e-02
10.130000	-8.881089e-03
10.135000	-1.071064e-02
10.140000	-1.305150e-02
10.145000	-1.491803e-02
10.150000	-1.909777e-02
10.155000	-2.045830e-02
10.160000	-2.138671e-02
10.165000	-2.309021e-02
10.170000	-2.466118e-02
10.175000	-3.084146e-02
10.180000	-3.892879e-02
10.185000	-4.293887e-02
10.190000	-4.799311e-02
10.195000	-5.178172e-02
10.200000	-5.218328e-02
10.205000	-5.497710e-02
10.210000	-5.760194e-02
10.215000	-6.021767e-02
10.220000	-6.696250e-02
10.225000	-7.278307e-02
10.230000	-7.697007e-02
10.235000	-8.258510e-02
10.240000	-8.451331e-02
10.245000	-8.495309e-02
10.250000	-8.500123e-02
10.255000	-8.424034e-02
10.260000	-8.298299e-02
10.265000	-8.289378e-02
10.270000	-8.149086e-02
10.275000	-7.653725e-02
10.280000	-7.241525e-02
10.285000	-6.808532e-02
10.290000	-6.046663e-02
10.295000	-5.354866e-02
10.300000	-4.618478e-02
10.305000	-3.547497e-02
10.310000	-2.596266e-02
10.315000	-1.853024e-02
10.320000	-1.609564e-02
10.325000	-1.556400e-02
10.330000	-1.389398e-02
10.335000	-1.227642e-02
10.340000	-1.221789e-02
10.345000	-1.388638e-02
10.350000	-1.491533e-02
10.355000	-1.531295e-02
10.360000	-1.756918e-02
10.365000	-2.197401e-02
10.370000	-2.799727e-02
10.375000	-3.177356e-02
10.380000	-3.371591e-02
10.385000	-3.575901e-02
10.390000	-3.593497e-02
10.395000	-3.479819e-02
10.400000	-3.310183e-02
10.405000	-3.199453e-02
10.410000	-2.975330e-02
10.415000	-2.682866e-02
10.420000	-2.398148e-02
10.425000	-1.889396e-02
10.430000	-1.010707e-02
10.435000	-1.901191e-03
10.440000	4.157819e-03
10.445000	7.069595e-03
10.450000	9.337854e-03
10.455000	1.251554e-02
10.460000	1.423658e-02
10.465000	1.422800e-02
10.470000	1.380678e-02
10.475000	1.301477e-02
10.480000	1.192568e-02
10.485000	1.010657e-02
10.490000	9.642067e-03
10.495000	1.139935e-02
10.500000	1.330947e-02
10.505000	1.401691e-02
10.510000	1.654713e-02
10.515000	2.245862e-02
10.520000	3.079609e-02
10.525000	4.079801e-02
10.530000	4.772617e-02
10.535000	5.007728e-02
10.540000	5.394694e-02
10.545000	5.787115e-02
10.550000	5.874250e-02
10.555000	5.774996e-02
10.560000	5.406737e-02
10.565000	4.805088e-02
10.570000	4.240963e-02
10.575000	3.689712e-02
10.580000	2.764924e-02
10.585000	2.097421e-02
10.590000	1.903118e-02
10.595000	1.522515e-02
10.600000	1.029962e-02
10.605000	8.531642e-03
10.610000	7.880899e-03
10.615000	7.371447e-03
10.620000	7.150841e-03
10.625000	6.900148e-03
10.630000	7.774914e-03
10.635000	9.590292e-03
10.640000	9.412703e-03
10.645000	5.871021e-03
10.650000	1.038107e-03
10.655000	-5.263653e-03
10.660000	-1.351995e-02
10.665000	-2.198756e-02
10.670000	-2.853312e-02
10.675000	-3.743788e-02
10.680000	-4.320619e-02
10.685000	-4.374019e-02
10.690000	-4.537871e-02
10.695000	-4.712040e-02
10.700000	-4.529040e-02
10.705000	-3.924872e-02
10.710000	-3.443382e-02
10.715000	-3.032077e-02
10.720000	-2.484707e-02
10.725000	-1.987725e-02
10.730000	-1.371889e-02
10.735000	-7.459281e-03
10.740000	-2.435801e-03
10.745000	3.024061e-03
10.750000	4.239044e-03
10.755000	1.389535e-03
10.760000	-2.714113e-03
10.765000	-7.500440e-03
10.770000	-1.257675e-02
10.775000	-1.915915e-02
10.780000	-2.350555e-02
10.785000	-2.799421e-02
10.790000	-3.305576e-02
10.795000	-3.317555e-02
10.800000	-3.337644e-02
10.805000	-3.386293e-02
10.810000	-3.106844e-02
10.815000	-2.445904e-02
10.820000	-1.725143e-02
10.825000	-1.275732e-02
10.830000	-4.645014e-03
10.835000	5.284936e-03
10.840000	1.307442e-02
10.845000	2.153791e-02
10.850000	2.783011e-02
10.855000	3.220561e-02
10.860000	3.500532e-02
10.865000	3.598320e-02
10.870000	3.720228e-02
10.875000	3.607100e-02
10.880000	3.400233e-02
10.885000	3.124933e-02
10.890000	2.786614e-02
10.895000	2.551372e-02
10.900000	2.539366e-02
10.905000	2.703096e-02
10.910000	2.887899e-02
10.915000	2.939208e-02
10.920000	2.785705e-02
10.925000	2.570641e-02
10.930000	2.251170e-02
10.935000	1.645796e-02
10.940000	6.888808e-03
10.945000	2.337421e-04
10.950000	-2.134214e-03
10.955000	-4.234044e-03
10.960000	-6.757696e-03
10.965000	-1.055341e-02
10.970000	-1.152263e-02
10.975000	-9.731974e-03
10.980000	-7.916538e-03
10.985000	-5.106576e-03
10.990000	-4.995329e-03
10.995000	-6.288916e-03
11.000000	-6.115458e-03
11.005000	-5.436833e-03
11.010000	-4.992060e-03
11.015000	-5.731213e-03
11.020000	-7.886182e-03
11.025000	-9.726491e-03
11.030000	-8.141498e-03
11.035000	-5.945118e-03
11.040000	-4.083744e-03
11.045000	-3.535310e-03
11.050000	-1.974107e-03
11.055000	-1.313432e-03
11.060000	7.211563e-05
11.065000	3.759383e-04
11.070000	6.367767e-04
11.075000	4.721135e-03
11.080000	1.153070e-02
11.085000	1.686271e-02
11.090000	2.419467e-02
11.095000	3.150119e-02
11.100000	3.445974e-02
11.105000	4.002115e-02
11.110000	4.566566e-02
11.115000	4.507943e-02
11.120000	4.476590e-02
11.125000	4.216288e-02
11.130000	3.913751e-02
11.135000	3.446669e-02
11.140000	3.215040e-02
11.145000	2.887524e-02
11.150000	2.386569e-02
11.155000	1.886062e-02
11.160000	1.299792e-02
11.165000	8.517160e-03
11.170000	8.958226e-03
11.175000	6.637189e-03
11.180000	4.669857e-03
11.185000	3.678893e-03
11.190000	2.365721e-03
11.195000	8.207463e-04
11.200000	-1.890604e-04
11.205000	-2.944758e-03
11.210000	-4.920759e-03
11.215000	-9.018028e-03
11.220000	-1.139198e-02
11.225000	-1.030882e-02
11.230000	-9.732679e-03
11.235000	-9.108334e-03
11.240000	-8.606659e-03
11.245000	-6.904853e-03
11.250000	-4.766234e-03
11.255000	-2.650985e-03
11.260000	-2.059038e-03
11.265000	-2.868289e-03
11.270000	-2.989930e-03
11.275000	-2.608461e-03
11.280000	-1.712670e-03
11.285000	1.963252e-04
11.290000	1.932692e-03
11.295000	3.588724e-03
11.300000	5.859915e-03
11.305000	6.669906e-03
11.310000	6.329857e-03
11.315000	5.957333e-03
11.320000	7.250668e-03
11.325000	1.064844e-02
11.330000	1.322521e-02
11.335000	1.179839e-02
11.340000	9.179832e-03
11.345000	9.150946e-03
11.350000	9.745606e-03
11.355000	9.421213e-03
11.360000	9.709695e-03
11.365000	1.034794e-02
11.370000	9.791728e-03
11.375000	9.920867e-03
11.380000	1.135158e-02
11.385000	1.305218e-02
11.390000	1.410563e-02
11.395000	1.510810e-02
11.400000	1.487546e-02
11.405000	1.295138e-02
11.410000	1.159734e-02
11.415000	8.234430e-03
11.420000	3.108204e-03
11.425000	-4.930826e-04
11.430000	-5.150958e-03
11.435000	-1.150817e-02
11.440000	-1.269353e-02
11.445000	-1.109692e-02
11.450000	-1.049065e-02
11.455000	-1.197084e-02
11.460000	-1.530619e-02
11.465000	-1.752478e-02
11.470000	-1.976801e-02
11.475000	-2.343768e-02
11.480000	-2.576238e-02
11.485000	-2.944197e-02
11.490000	-3.358125e-02
11.495000	-3.460963e-02
11.500000	-3.476521e-02
11.505000	-3.325233e-02
11.510000	-3.149917e-02
11.515000	-2.937804e-02
11.520000	-2.723250e-02
11.525000	-2.633904e-02
11.530000	-2.453531e-02
11.535000	-2.328282e-02
11.540000	-2.341583e-02
11.545000	-2.484975e-02
11.550000	-2.511726e-02
11.555000	-2.188041e-02
11.560000	-1.586338e-02
11.565000	-1.292168e-02
11.570000	-1.498811e-02
11.575000	-1.831011e-02
11.580000	-1.807034e-02
11.585000	-1.739182e-02
11.590000	-1.769099e-02
11.595000	-1.665981e-02
11.600000	-1.336273e-02
11.605000	-8.543633e-03
11.610000	-1.587620e-03
11.615000	6.115773e-03
11.620000	1.315699e-02
11.625000	2.032038e-02
11.630000	2.708445e-02
11.635000	2.883542e-02
11.640000	2.944980e-02
11.645000	3.087309e-02
11.650000	3.139998e-02
11.655000	3.168394e-02
11.660000	3.177147e-02
11.665000	3.163175e-02
11.670000	3.137918e-02
11.675000	3.121281e-02
11.680000	3.055386e-02
11.685000	2.540709e-02
11.690000	1.909695e-02
11.695000	1.152933e-02
11.700000	3.051323e-03
11.705000	-1.843598e-03
11.710000	-3.498938e-03
11.715000	-2.314229e-03
11.720000	-2.469070e-05
11.725000	3.855631e-03
11.730000	9.003390e-03
11.735000	1.276190e-02
11.740000	1.566945e-02
11.745000	1.491621e-02
11.750000	1.469499e-02
11.755000	1.535530e-02
11.760000	1.376016e-02
11.765000	9.715236e-03
11.770000	7.332604e-03
11.775000	5.122663e-03
11.780000	3.922637e-03
11.785000	5.347632e-03
11.790000	9.604084e-03
11.795000	1.475147e-02
11.800000	1.457784e-02
11.805000	1.086811e-02
11.810000	5.472685e-03
11.815000	1.126129e-03
11.820000	-2.285705e-03
11.825000	-2.016551e-03
11.830000	-5.379059e-03
11.835000	-1.062780e-02
11.840000	-1.046348e-02
11.845000	-7.404972e-03
11.850000	-3.739959e-03
11.855000	-2.633417e-03
11.860000	-2.733144e-03
11.865000	-8.123380e-04
11.870000	-1.306219e-03
11.875000	-3.582620e-04
11.880000	2.932596e-03
11.885000	6.505113e-03
11.890000	1.310209e-02
11.895000	1.379158e-02
11.900000	1.429248e-02
11.905000	1.286964e-02
11.910000	1.102105e-02
11.915000	1.105987e-02
11.920000	1.168895e-02
11.925000	1.199192e-02
11.930000	1.330829e-02
11.935000	1.624069e-02
11.940000	1.710575e-02
11.945000	1.734388e-02
11.950000	1.196254e-02
11.955000	6.897275e-03
11.960000	3.702675e-03
11.965000	4.463551e-03
11.970000	4.580558e-03
11.975000	8.924031e-03
11.980000	1.234627e-02
11.985000	1.450203e-02
11.990000	1.564748e-02
11.995000	1.384996e-02
12.000000	1.156569e-02
12.005000	8.942140e-03
12.010000	5.944163e-03
12.015000	5.348378e-03
12.020000	9.130557e-03
12.025000	1.558779e-02
12.030000	2.212359e-02
12.035000	2.555794e-02
12.040000	2.515333e-02
12.045000	2.119896e-02
12.050000	1.488892e-02
12.055000	1.190143e-02
12.060000	1.206603e-02
12.065000	1.227440e-02
12.070000	1.584816e-02
12.075000	2.074596e-02
12.080000	2.550771e-02
12.085000	2.781800e-02
12.090000	2.712276e-02
12.095000	2.800248e-02
12.100000	2.866616e-02
12.105000	2.475430e-02
12.110000	1.955835e-02
12.115000	1.800701e-02
12.120000	1.648533e-02
12.125000	1.762538e-02
12.130000	1.994268e-02
12.135000	1.663920e-02
12.140000	1.111985e-02
12.145000	5.525108e-03
12.150000	3.780277e-05
12.155000	-1.714536e-03
12.160000	-1.505726e-03
12.165000	-3.379958e-03
12.170000	-3.550522e-03
12.175000	-3.827512e-03
12.180000	-4.277555e-03
12.185000	-4.057616e-03
12.190000	-3.217633e-03
12.195000	-3.033249e-03
12.200000	-5.442056e-03
12.205000	-9.291693e-03
12.210000	-1.505082e-02
12.215000	-2.140670e-02
12.220000	-2.727845e-02
12.225000	-2.752621e-02
12.230000	-2.764321e-02
12.235000	-2.869502e-02
12.240000	-2.911086e-02
12.245000	-2.958278e-02
12.250000	-2.978216e-02
12.255000	-2.946917e-02
12.260000	-2.829190e-02
12.265000	-2.694677e-02
12.270000	-2.530072e-02
12.275000	-2.186391e-02
12.280000	-1.861056e-02
12.285000	-1.694225e-02
12.290000	-1.481644e-02
12.295000	-1.412808e-02
12.300000	-1.244303e-02
12.305000	-1.104771e-02
12.310000	-1.163280e-02
12.315000	-1.189338e-02
12.320000	-1.173125e-02
12.325000	-1.108591e-02
12.330000	-9.511691e-03
12.335000	-8.080626e-03
12.340000	-8.229295e-03
12.345000	-8.892520e-03
12.350000	-8.092213e-03
12.355000	-5.861650e-03
12.360000	-3.973821e-03
12.365000	-2.912891e-03
12.370000	-1.433178e-03
12.375000	-1.450861e-05
12.380000	1.819150e-03
12.385000	3.229374e-03
12.390000	4.251958e-03
12.395000	4.098875e-03
12.400000	4.128566e-03
12.405000	2.651533e-03
12.410000	-1.271763e-03
12.415000	-3.308546e-03
12.420000	-8.985103e-04
12.425000	2.860704e-03
12.430000	4.873419e-03
12.435000	5.112892e-03
12.440000	6.426023e-03
12.445000	7.410349e-03
12.450000	7.443483e-03
12.455000	6.350835e-03
12.460000	2.146129e-03
12.465000	-3.272313e-03
12.470000	-6.372965e-03
12.475000	-9.313168e-03
12.480000	-1.405513e-02
12.485000	-1.811534e-02
12.490000	-2.303556e-02
12.495000	-2.941572e-02
12.500000	-3.138075e-02
12.505000	-3.161294e-02
12.510000	-3.156783e-02
12.515000	-3.058128e-02
12.520000	-3.092086e-02
12.525000	-3.212718e-02
12.530000	-3.298122e-02
12.535000	-3.252459e-02
12.540000	-3.149514e-02
12.545000	-2.876470e-02
12.550000	-2.678561e-02
12.555000	-2.779017e-02
12.560000	-2.783831e-02
12.565000	-2.699146e-02
12.570000	-2.623734e-02
12.575000	-2.520229e-02
12.580000	-2.524216e-02
12.585000	-2.539046e-02
12.590000	-2.352948e-02
12.595000	-1.956472e-02
12.600000	-1.411617e-02
12.605000	-8.373209e-03
12.610000	-5.581299e-03
12.615000	-5.472726e-03
12.620000	-5.792970e-03
12.625000	-8.465148e-03
12.630000	-1.448239e-02
12.635000	-1.772619e-02
12.640000	-1.852709e-02
12.645000	-2.011583e-02
12.650000	-2.000534e-02
12.655000	-1.884627e-02
12.660000	-1.702445e-02
12.665000	-1.598171e-02
12.670000	-1.305583e-02
12.675000	-1.088418e-02
12.680000	-1.048639e-02
12.685000	-8.763878e-03
12.690000	-7.316563e-03
12.695000	-3.834384e-03
12.700000	-9.704761e-05
12.705000	2.579444e-03
12.710000	4.220945e-03
12.715000	4.969652e-03
12.720000	6.874885e-03
12.725000	6.982002e-03
12.730000	7.637750e-03
12.735000	9.821118e-03
12.740000	1.082768e-02
12.745000	1.001513e-02
12.750000	1.078682e-02
12.755000	1.308397e-02
12.760000	1.418266e-02
12.765000	1.418487e-02
12.770000	1.453096e-02
12.775000	1.307611e-02
12.780000	1.189864e-02
12.785000	8.941001e-03
12.790000	6.225737e-03
12.795000	2.211465e-03
12.800000	-9.280599e-04
12.805000	-5.486338e-03
12.810000	-1.068397e-02
12.815000	-1.142376e-02
12.820000	-1.264330e-02
12.825000	-1.641389e-02
12.830000	-1.549301e-02
12.835000	-1.496404e-02
12.840000	-1.592844e-02
12.845000	-1.690825e-02
12.850000	-1.649605e-02
12.855000	-1.332069e-02
12.860000	-9.319378e-03
12.865000	-2.621746e-03
12.870000	1.024776e-03
12.875000	3.203455e-03
12.880000	6.647987e-03
12.885000	6.959605e-03
12.890000	9.419117e-03
12.895000	1.472886e-02
12.900000	1.860465e-02
12.905000	2.334569e-02
12.910000	2.752310e-02
12.915000	2.904900e-02
12.920000	3.278802e-02
12.925000	3.368956e-02
12.930000	3.403497e-02
12.935000	3.161815e-02
12.940000	2.891924e-02
12.945000	2.618345e-02
12.950000	2.386769e-02
12.955000	2.310439e-02
12.960000	2.159904e-02
12.965000	2.071431e-02
12.970000	2.099155e-02
12.975000	2.035122e-02
12.980000	1.803312e-02
12.985000	1.708071e-02
12.990000	1.757373e-02
12.995000	1.990030e-02
13.000000	2.302218e-02
13.005000	2.422630e-02
13.010000	2.546530e-02
13.015000	2.615821e-02
13.020000	2.246764e-02
13.025000	1.628221e-02
13.030000	1.255854e-02
13.035000	1.278089e-02
13.040000	1.162858e-02
13.045000	1.060875e-02
13.050000	1.176125e-02
13.055000	1.437323e-02
13.060000	1.625731e-02
13.065000	1.673089e-02
13.070000	1.591037e-02
13.075000	1.407038e-02
13.080000	1.227932e-02
13.085000	1.068488e-02
13.090000	9.156074e-03
13.095000	5.932219e-03
13.100000	3.008710e-03
13.105000	9.324931e-04
13.110000	-5.730208e-04
13.115000	-1.260967e-03
13.120000	-2.032288e-03
13.125000	-3.798977e-03
13.130000	-5.234808e-03
13.135000	-4.476891e-03
13.140000	-2.885867e-03
13.145000	-2.448400e-03
13.150000	-1.937537e-03
13.155000	-1.847078e-03
13.160000	-1.796397e-03
13.165000	-2.829099e-03
13.170000	-6.697257e-03
13.175000	-1.159065e-02
13.180000	-1.650260e-02
13.185000	-1.832076e-02
13.190000	-1.906634e-02
13.195000	-1.992738e-02
13.200000	-1.877392e-02
13.205000	-1.625097e-02
13.210000	-1.502325e-02
13.215000	-1.295595e-02
13.220000	-9.308648e-03
13.225000	-7.830821e-03
13.230000	-1.043933e-02
13.235000	-1.308875e-02
13.240000	-1.162242e-02
13.245000	-1.091401e-02
13.250000	-1.101167e-02
13.255000	-9.723004e-03
13.260000	-7.256521e-03
13.265000	-6.436425e-03
13.270000	-4.443164e-03
13.275000	-4.904815e-03
13.280000	-5.745488e-03
13.285000	-7.310385e-03
13.290000	-9.382796e-03
13.295000	-7.086895e-03
13.300000	-4.722588e-03
13.305000	-4.393602e-03
13.310000	-4.085405e-03
13.315000	-1.612203e-03
13.320000	9.208373e-05
13.325000	3.812730e-03
13.330000	4.538065e-03
13.335000	3.834397e-03
13.340000	5.898990e-03
13.345000	8.056652e-03
13.350000	7.003324e-03
13.355000	5.981784e-03
13.360000	6.084677e-03
13.365000	6.722664e-03
13.370000	5.724101e-03
13.375000	5.543578e-03
13.380000	4.804292e-03
13.385000	3.727407e-03
13.390000	4.103056e-03
13.395000	4.880747e-03
13.400000	6.599504e-03
13.405000	8.261005e-03
13.410000	8.624444e-03
13.415000	1.027953e-02
13.420000	1.219911e-02
13.425000	1.335183e-02
13.430000	1.344327e-02
13.435000	1.297431e-02
13.440000	1.337704e-02
13.445000	1.478087e-02
13.450000	1.698410e-02
13.455000	1.994415e-02
13.460000	2.403808e-02
13.465000	2.812453e-02
13.470000	3.010105e-02
13.475000	3.060049e-02
13.480000	3.166007e-02
13.485000	3.149776e-02
13.490000	3.155141e-02
13.495000	3.190986e-02
13.500000	3.235634e-02
13.505000	3.265408e-02
13.510000	3.134844e-02
13.515000	2.703410e-02
13.520000	2.178623e-02
13.525000	1.861585e-02
13.530000	1.476294e-02
13.535000	8.886695e-03
13.540000	6.088164e-03
13.545000	5.598479e-03
13.550000	5.904308e-03
13.555000	6.231654e-03
13.560000	7.325793e-03
13.565000	7.640614e-03
13.570000	7.173678e-03
13.575000	7.399766e-03
13.580000	6.888856e-03
13.585000	4.309725e-03
13.590000	1.205596e-03
13.595000	7.809879e-04
13.600000	1.690097e-03
13.605000	1.753983e-03
13.610000	1.354057e-03
13.615000	1.154873e-03
13.620000	1.026705e-03
13.625000	4.406727e-04
13.630000	-7.943343e-04
13.635000	-1.825349e-03
13.640000	-4.625390e-03
13.645000	-1.064760e-02
13.650000	-1.284769e-02
13.655000	-1.153134e-02
13.660000	-1.000518e-02
13.665000	-1.059970e-02
13.670000	-1.141119e-02
13.675000	-1.123309e-02
13.680000	-1.123868e-02
13.685000	-1.281788e-02
13.690000	-1.600429e-02
13.695000	-1.732643e-02
13.700000	-1.929044e-02
13.705000	-2.111919e-02
13.710000	-2.020371e-02
13.715000	-2.004005e-02
13.720000	-2.028874e-02
13.725000	-2.010911e-02
13.730000	-2.056266e-02
13.735000	-2.323674e-02
13.740000	-2.742160e-02
13.745000	-2.743365e-02
13.750000	-2.797229e-02
13.755000	-3.009203e-02
13.760000	-2.810182e-02
13.765000	-2.649388e-02
13.770000	-2.795823e-02
13.775000	-2.506638e-02
13.780000	-2.135314e-02
13.785000	-2.081580e-02
13.790000	-2.102540e-02
13.795000	-2.148592e-02
13.800000	-2.078157e-02
13.805000	-1.875161e-02
13.810000	-1.657413e-02
13.815000	-1.525224e-02
13.820000	-1.224799e-02
13.825000	-1.066753e-02
13.830000	-9.825546e-03
13.835000	-7.865590e-03
13.840000	-8.268014e-03
13.845000	-9.266586e-03
13.850000	-1.097427e-02
13.855000	-1.178172e-02
13.860000	-8.971448e-03
13.865000	-7.170289e-03
13.870000	-7.848505e-03
13.875000	-6.058996e-03
13.880000	-3.125528e-03
13.885000	-2.038277e-03
13.890000	-2.229443e-03
13.895000	-2.518456e-03
13.900000	-2.339272e-03
13.905000	-2.098563e-03
13.910000	-1.672588e-03
13.915000	-6.887570e-04
13.920000	2.892591e-04
13.925000	1.121409e-03
13.930000	1.674137e-03
13.935000	5.179465e-04
13.940000	-2.218486e-03
13.945000	-4.933350e-03
13.950000	-5.868087e-03
13.955000	-6.782546e-03
13.960000	-7.784947e-03
13.965000	-7.311237e-03
13.970000	-7.382921e-03
13.975000	-7.706817e-03
13.980000	-7.622586e-03
13.985000	-6.968681e-03
13.990000	-6.522516e-03
13.995000	-7.478802e-03
14.000000	-7.570685e-03
14.005000	-5.738900e-03
14.010000	-3.497517e-03
14.015000	-2.758160e-04
14.020000	4.551180e-03
14.025000	9.994232e-03
14.030000	1.252941e-02
14.035000	1.470245e-02
14.040000	1.716128e-02
14.045000	1.644884e-02
14.050000	1.360394e-02
14.055000	1.171102e-02
14.060000	9.944278e-03
14.065000	8.074361e-03
14.070000	8.852718e-03
14.075000	8.527222e-03
14.080000	5.361936e-03
14.085000	2.457973e-03
14.090000	-2.135946e-03
14.095000	-7.959880e-03
14.100000	-1.095139e-02
14.105000	-1.224663e-02
14.110000	-1.467874e-02
14.115000	-1.509685e-02
14.120000	-1.322562e-02
14.125000	-1.215752e-02
14.130000	-1.139282e-02
14.135000	-9.563701e-03
14.140000	-1.004706e-02
14.145000	-1.079702e-02
14.150000	-9.889646e-03
14.155000	-6.742295e-03
14.160000	-2.456863e-03
14.165000	5.224137e-04
14.170000	8.399344e-04
14.175000	1.336695e-03
14.180000	-5.145799e-04
14.185000	-1.485410e-03
14.190000	-3.304394e-04
14.195000	-3.575206e-04
14.200000	-7.537854e-04
14.205000	7.744098e-04
14.210000	5.316269e-03
14.215000	9.748945e-03
14.220000	1.320414e-02
14.225000	1.399536e-02
14.230000	1.762164e-02
14.235000	1.648688e-02
14.240000	1.310892e-02
14.245000	1.309450e-02
14.250000	1.132824e-02
14.255000	1.050902e-02
14.260000	8.493427e-03
14.265000	9.064459e-03
14.270000	9.206244e-03
14.275000	9.191641e-03
14.280000	1.062561e-02
14.285000	1.217067e-02
14.290000	1.081915e-02
14.295000	1.180837e-02
14.300000	1.209692e-02
14.305000	1.312938e-02
14.310000	1.524200e-02
14.315000	1.546237e-02
14.320000	1.543156e-02
14.325000	1.723192e-02
14.330000	1.916629e-02
14.335000	1.850913e-02
14.340000	1.850732e-02
14.345000	1.846631e-02
14.350000	1.650629e-02
14.355000	1.279156e-02
14.360000	9.238530e-03
14.365000	4.675586e-03
14.370000	1.960126e-07
14.375000	-1.660495e-03
14.380000	-2.592460e-03
14.385000	-3.634977e-03
14.390000	-5.794980e-03
14.395000	-7.546089e-03
14.400000	-1.188735e-02
14.405000	-1.700963e-02
14.410000	-2.138829e-02
14.415000	-2.365239e-02
14.420000	-2.604660e-02
14.425000	-2.729272e-02
14.430000	-2.604793e-02
14.435000	-2.421763e-02
14.440000	-2.196517e-02
14.445000	-1.999788e-02
14.450000	-1.543072e-02
14.455000	-1.081120e-02
14.460000	-8.547041e-03
14.465000	-6.152846e-03
14.470000	-3.701520e-03
14.475000	-1.739294e-03
14.480000	-6.748107e-04
14.485000	-6.860580e-05
14.490000	1.618438e-03
14.495000	3.201637e-03
14.500000	2.861051e-03
14.505000	5.562661e-04
14.510000	-4.606391e-04
14.515000	-1.401985e-03
14.520000	-2.247779e-03
14.525000	-2.625037e-03
14.530000	-4.678883e-03
14.535000	-5.556318e-03
14.540000	-3.755076e-03
14.545000	-2.662536e-03
14.550000	-2.546183e-03
14.555000	-2.434621e-03
14.560000	-1.871079e-03
14.565000	7.361567e-04
14.570000	3.540628e-03
14.575000	4.970301e-03
14.580000	8.418962e-03
14.585000	1.334716e-02
14.590000	1.350822e-02
14.595000	1.206213e-02
14.600000	1.238321e-02
14.605000	1.299484e-02
14.610000	1.304465e-02
14.615000	1.293922e-02
14.620000	1.403519e-02
14.625000	1.684075e-02
14.630000	1.893942e-02
14.635000	1.943038e-02
14.640000	1.858410e-02
14.645000	1.681552e-02
14.650000	1.540605e-02
14.655000	1.424644e-02
14.660000	1.280969e-02
14.665000	1.120434e-02
14.670000	1.021453e-02
14.675000	1.026623e-02
14.680000	1.037024e-02
14.685000	1.007221e-02
14.690000	1.011733e-02
14.695000	1.102173e-02
14.700000	1.206986e-02
14.705000	1.137348e-02
14.710000	1.224401e-02
14.715000	1.330877e-02
14.720000	1.382444e-02
14.725000	1.553048e-02
14.730000	1.558845e-02
14.735000	1.255071e-02
14.740000	9.635694e-03
14.745000	4.650598e-03
14.750000	-4.678983e-04
14.755000	-4.468522e-04
14.760000	-1.394775e-03
14.765000	-1.727893e-03
14.770000	-1.824006e-03
14.775000	-2.291167e-03
14.780000	-2.477693e-03
14.785000	-2.464430e-03
14.790000	-2.255627e-03
14.795000	-2.260983e-03
14.800000	-3.009287e-03
14.805000	-4.732036e-03
14.810000	-5.908840e-03
14.815000	-6.786993e-03
14.820000	-8.543990e-03
14.825000	-8.598423e-03
14.830000	-9.558530e-03
14.835000	-1.181720e-02
14.840000	-1.176068e-02
14.845000	-1.257567e-02
14.850000	-1.505862e-02
14.855000	-1.609710e-02
14.860000	-1.777050e-02
14.865000	-1.920925e-02
14.870000	-2.234165e-02
14.875000	-2.459125e-02
14.880000	-2.504130e-02
14.885000	-2.696143e-02
14.890000	-2.818844e-02
14.895000	-3.029453e-02
14.900000	-3.169330e-02
14.905000	-3.349624e-02
14.910000	-3.330515e-02
14.915000	-3.283766e-02
14.920000	-3.307375e-02
14.925000	-3.328181e-02
14.930000	-3.349320e-02
14.935000	-3.367390e-02
14.940000	-3.360058e-02
14.945000	-3.245410e-02
14.950000	-3.037034e-02
14.955000	-2.978373e-02
14.960000	-3.079989e-02
14.965000	-3.083856e-02
14.970000	-2.973942e-02
14.975000	-2.820270e-02
14.980000	-2.780514e-02
14.985000	-2.712205e-02
14.990000	-2.776261e-02
14.995000	-2.783352e-02
15.000000	-2.637905e-02
15.005000	-2.414538e-02
15.010000	-2.375143e-02
15.015000	-2.500155e-02
15.020000	-2.491326e-02
15.025000	-2.256650e-02
15.030000	-1.864729e-02
15.035000	-1.735805e-02
15.040000	-1.684207e-02
15.045000	-1.276040e-02
15.050000	-1.089998e-02
15.055000	-1.264986e-02
15.060000	-1.375742e-02
15.065000	-1.336797e-02
15.070000	-1.003200e-02
15.075000	-7.537715e-03
15.080000	-5.794532e-03
15.085000	-6.606217e-04
15.090000	1.467468e-03
15.095000	5.583897e-03
15.100000	8.742589e-03
15.105000	1.124139e-02
15.110000	1.318066e-02
15.115000	1.417292e-02
15.120000	1.646141e-02
15.125000	1.462072e-02
15.130000	1.235189e-02
15.135000	1.259945e-02
15.140000	1.300484e-02
15.145000	1.124293e-02
15.150000	9.114078e-03
15.155000	8.782961e-03
15.160000	7.141929e-03
15.165000	5.244645e-03
15.170000	3.861184e-03
15.175000	3.360119e-03
15.180000	4.084229e-03
15.185000	5.212838e-03
15.190000	6.768139e-03
15.195000	7.111822e-03
15.200000	6.573070e-03
15.205000	6.196305e-03
15.210000	5.133709e-03
15.215000	3.696140e-03
15.220000	4.242630e-03
15.225000	5.833086e-03
15.230000	6.669390e-03
15.235000	8.688113e-03
15.240000	1.101775e-02
15.245000	1.372236e-02
15.250000	1.750002e-02
15.255000	1.761132e-02
15.260000	1.854544e-02
15.265000	1.888475e-02
15.270000	2.105746e-02
15.275000	2.365584e-02
15.280000	2.319857e-02
15.285000	2.331118e-02
15.290000	2.543463e-02
15.295000	2.556582e-02
15.300000	2.672833e-02
15.305000	2.845643e-02
15.310000	2.933438e-02
15.315000	3.330644e-02
15.320000	3.650350e-02
15.325000	3.609817e-02
15.330000	3.466088e-02
15.335000	3.268945e-02
15.340000	3.192237e-02
15.345000	3.068198e-02
15.350000	2.845795e-02
15.355000	2.533857e-02
15.360000	2.428589e-02
15.365000	2.464099e-02
15.370000	2.556229e-02
15.375000	2.753500e-02
15.380000	2.841057e-02
15.385000	2.812879e-02
15.390000	2.777688e-02
15.395000	2.811289e-02
15.400000	2.832768e-02
15.405000	2.751934e-02
15.410000	2.589824e-02
15.415000	2.551489e-02
15.420000	2.604976e-02
15.425000	2.540624e-02
15.430000	2.464448e-02
15.435000	2.227005e-02
15.440000	1.939350e-02
15.445000	1.717701e-02
15.450000	1.270513e-02
15.455000	7.889037e-03
15.460000	5.879431e-03
15.465000	3.730130e-03
15.470000	3.002221e-03
15.475000	3.514740e-03
15.480000	2.506757e-03
15.485000	1.878764e-03
15.490000	2.534388e-03
15.495000	2.544970e-03
15.500000	6.608041e-04
15.505000	-1.254617e-05
15.510000	3.975097e-05
15.515000	-1.502613e-03
15.520000	-2.853053e-03
15.525000	-2.726299e-03
15.530000	-2.428839e-03
15.535000	-2.610245e-03
15.540000	-2.639501e-03
15.545000	-2.136069e-03
15.550000	-1.676753e-03
15.555000	-2.637448e-03
15.560000	-3.302328e-03
15.565000	-2.880673e-03
15.570000	-1.756636e-03
15.575000	2.246045e-04
15.580000	1.658933e-03
15.585000	4.031510e-03
15.590000	6.614085e-03
15.595000	7.687202e-03
15.600000	8.988383e-03
15.605000	8.915051e-03
15.610000	8.087464e-03
15.615000	9.221909e-03
15.620000	1.002400e-02
15.625000	9.626815e-03
15.630000	9.355465e-03
15.635000	9.574738e-03
15.640000	1.041894e-02
15.645000	1.108133e-02
15.650000	9.729204e-03
15.655000	7.970127e-03
15.660000	5.204538e-03
15.665000	3.832768e-03
15.670000	3.783360e-03
15.675000	4.068919e-03
15.680000	3.237393e-03
15.685000	1.131768e-03
15.690000	-6.650607e-05
15.695000	-8.674404e-04
15.700000	-2.626971e-03
15.705000	-3.316402e-03
15.710000	-5.685190e-03
15.715000	-9.251827e-03
15.720000	-1.154578e-02
15.725000	-1.680046e-02
15.730000	-2.005239e-02
15.735000	-2.181002e-02
15.740000	-2.307367e-02
15.745000	-2.401141e-02
15.750000	-2.408097e-02
15.755000	-2.412301e-02
15.760000	-2.436072e-02
15.765000	-2.454038e-02
15.770000	-2.470068e-02
15.775000	-2.465561e-02
15.780000	-2.386412e-02
15.785000	-2.219809e-02
15.790000	-2.110213e-02
15.795000	-2.010581e-02
15.800000	-1.810154e-02
15.805000	-1.833474e-02
15.810000	-1.885756e-02
15.815000	-1.867510e-02
15.820000	-1.836827e-02
15.825000	-1.808405e-02
15.830000	-1.809424e-02
15.835000	-1.897835e-02
15.840000	-2.086246e-02
15.845000	-2.191318e-02
15.850000	-2.153684e-02
15.855000	-2.108183e-02
15.860000	-1.980898e-02
15.865000	-1.755780e-02
15.870000	-1.662119e-02
15.875000	-1.325571e-02
15.880000	-1.149384e-02
15.885000	-1.134765e-02
15.890000	-8.698092e-03
15.895000	-7.400868e-03
15.900000	-5.456833e-03
15.905000	-6.518595e-03
15.910000	-6.761928e-03
15.915000	-4.590569e-03
15.920000	-1.170019e-03
15.925000	2.038273e-04
15.930000	1.908111e-03
15.935000	3.559194e-03
15.940000	2.979387e-03
15.945000	4.408721e-03
15.950000	6.340452e-03
15.955000	4.993958e-03
15.960000	6.287387e-03
15.965000	7.412660e-03
15.970000	9.227692e-03
15.975000	1.000716e-02
15.980000	9.120194e-03
15.985000	9.128517e-03
15.990000	9.592929e-03
15.995000	9.790781e-03
16.000000	8.813942e-03
16.005000	6.626900e-03
16.010000	5.083340e-03
16.015000	4.027350e-03
16.020000	3.170202e-03
16.025000	1.999089e-03
16.030000	-8.235083e-05
16.035000	6.014308e-04
16.040000	-8.028610e-04
16.045000	-4.552938e-03
16.050000	-5.879846e-03
16.055000	-6.373297e-03
16.060000	-5.625704e-03
16.065000	-3.793522e-03
16.070000	-8.456325e-04
16.075000	-1.743076e-04
16.080000	-1.196449e-05
16.085000	4.080383e-04
16.090000	1.924216e-03
16.095000	2.579383e-03
16.100000	3.136672e-03
16.105000	2.792469e-03
16.110000	4.828683e-03
16.115000	9.678602e-03
16.120000	1.206269e-02
16.125000	1.272347e-02
16.130000	1.213459e-02
16.135000	1.399653e-02
16.140000	1.617856e-02
16.145000	1.573679e-02
16.150000	1.658639e-02
16.155000	1.841803e-02
16.160000	1.897564e-02
16.165000	1.948260e-02
16.170000	2.196040e-02
16.175000	2.466480e-02
16.180000	2.549287e-02
16.185000	2.310779e-02
16.190000	2.033363e-02
16.195000	1.860668e-02
16.200000	1.693004e-02
16.205000	1.335034e-02
16.210000	1.119068e-02
16.215000	1.016966e-02
16.220000	9.491404e-03
16.225000	9.276651e-03
16.230000	9.005576e-03
16.235000	8.670470e-03
16.240000	4.663388e-03
16.245000	2.291140e-03
16.250000	5.920247e-04
16.255000	2.691688e-04
16.260000	-8.357151e-04
16.265000	-3.522134e-03
16.270000	-2.813908e-03
16.275000	-2.381427e-03
16.280000	-2.600474e-03
16.285000	-2.808920e-03
16.290000	-3.189951e-03
16.295000	-3.821819e-03
16.300000	-3.890003e-03
16.305000	-2.319602e-03
16.310000	-3.365921e-03
16.315000	-5.089391e-03
16.320000	-5.340613e-03
16.325000	-6.339995e-03
16.330000	-6.615458e-03
16.335000	-7.597271e-03
16.340000	-7.989801e-03
16.345000	-9.374726e-03
16.350000	-1.084053e-02
16.355000	-1.302602e-02
16.360000	-1.227064e-02
16.365000	-1.171624e-02
16.370000	-1.117237e-02
16.375000	-9.526297e-03
16.380000	-8.724488e-03
16.385000	-7.635059e-03
16.390000	-5.389283e-03
16.395000	-6.160832e-03
16.400000	-6.570684e-03
16.405000	-6.299956e-03
16.410000	-6.618952e-03
16.415000	-7.089877e-03
16.420000	-7.268692e-03
16.425000	-9.767430e-03
16.430000	-9.376031e-03
16.435000	-9.555911e-03
16.440000	-1.043235e-02
16.445000	-8.818256e-03
16.450000	-7.380507e-03
16.455000	-3.888027e-03
16.460000	-1.442634e-03
16.465000	1.104901e-03
16.470000	5.513419e-03
16.475000	6.808713e-03
16.480000	7.149109e-03
16.485000	9.647162e-03
16.490000	9.253418e-03
16.495000	8.989550e-03
16.500000	9.129279e-03
16.505000	9.149940e-03
16.510000	1.002260e-02
16.515000	1.240084e-02
16.520000	1.496480e-02
16.525000	1.659702e-02
16.530000	1.538364e-02
16.535000	1.418593e-02
16.540000	1.256554e-02
16.545000	1.110581e-02
16.550000	9.881724e-03
16.555000	9.385232e-03
16.560000	1.011825e-02
16.565000	1.007291e-02
16.570000	8.892939e-03
16.575000	6.463517e-03
16.580000	4.332416e-03
16.585000	2.506642e-03
16.590000	1.871414e-03
16.595000	-2.147867e-04
16.600000	4.330572e-04
16.605000	8.640711e-04
16.610000	4.815992e-04
16.615000	-1.248368e-04
16.620000	-1.291354e-03
16.625000	-1.692034e-03
16.630000	2.134597e-04
16.635000	-1.997166e-03
16.640000	-3.423892e-03
16.645000	-3.845358e-03
16.650000	-5.361321e-03
16.655000	-5.005276e-03
16.660000	-2.298398e-03
16.665000	-1.128587e-03
16.670000	2.944914e-04
16.675000	1.233811e-03
16.680000	3.095698e-03
16.685000	4.419535e-03
16.690000	6.320416e-03
16.695000	7.227516e-03
16.700000	8.268842e-03
16.705000	8.170274e-03
16.710000	6.310605e-03
16.715000	7.167302e-03
16.720000	6.548765e-03
16.725000	5.118000e-03
16.730000	2.945081e-03
16.735000	2.019690e-03
16.740000	1.707360e-04
16.745000	-1.217117e-03
16.750000	-3.214461e-03
16.755000	-3.052761e-03
16.760000	-1.736567e-03
16.765000	-1.660213e-04
16.770000	5.286730e-04
16.775000	1.080076e-05
16.780000	1.768246e-05
16.785000	1.112991e-05
16.790000	-1.351164e-03
16.795000	-3.541082e-03
16.800000	-3.101150e-03
16.805000	-2.409499e-03
16.810000	-2.638742e-03
16.815000	-3.045191e-03
16.820000	-3.170900e-03
16.825000	-2.434730e-03
16.830000	-1.011686e-03
16.835000	-3.822445e-04
16.840000	-4.559396e-04
16.845000	-2.490681e-03
16.850000	-3.792701e-03
16.855000	-3.598258e-03
16.860000	-3.507100e-03
16.865000	-2.630138e-03
16.870000	-3.444729e-03
16.875000	-4.236833e-03
16.880000	-2.809531e-03
16.885000	-2.350968e-03
16.890000	-2.990024e-03
16.895000	-4.589540e-03
16.900000	-6.581563e-03
16.905000	-5.635414e-03
16.910000	-4.456174e-03
16.915000	-5.551711e-03
16.920000	-6.408961e-03
16.925000	-6.177299e-03
16.930000	-6.027084e-03
16.935000	-5.929534e-03
16.940000	-5.772726e-03
16.945000	-5.921332e-03
16.950000	-7.207391e-03
16.955000	-9.340728e-03
16.960000	-9.581032e-03
16.965000	-8.729053e-03
16.970000	-8.703438e-03
16.975000	-9.082893e-03
16.980000	-9.444530e-03
16.985000	-9.342567e-03
16.990000	-8.183726e-03
16.995000	-6.128443e-03
17.000000	-5.525469e-03
17.005000	-5.131126e-03
17.010000	-4.288309e-03
17.015000	-6.034469e-03
17.020000	-7.104011e-03
17.025000	-5.806603e-03
17.030000	-3.674728e-03
17.035000	-1.343506e-03
17.040000	2.950356e-04
17.045000	-5.196105e-05
17.050000	-7.657398e-04
17.055000	1.548474e-04
17.060000	2.220076e-03
17.065000	3.632887e-03
17.070000	3.357481e-03
17.075000	2.826617e-03
17.080000	2.731031e-03
17.085000	3.001904e-03
17.090000	4.141176e-03
17.095000	6.397330e-03
17.100000	7.828388e-03
17.105000	9.132734e-03
17.110000	9.440656e-03
17.115000	9.168038e-03
17.120000	9.284622e-03
17.125000	8.438319e-03
17.130000	6.019344e-03
17.135000	4.187826e-03
17.140000	2.446334e-03
17.145000	-9.137042e-04
17.150000	-4.190435e-03
17.155000	-5.692319e-03
17.160000	-8.458208e-03
17.165000	-1.114503e-02
17.170000	-1.169138e-02
17.175000	-1.205376e-02
17.180000	-1.335767e-02
17.185000	-1.518378e-02
17.190000	-1.626074e-02
17.195000	-1.777026e-02
17.200000	-1.876734e-02
17.205000	-1.818415e-02
17.210000	-1.826260e-02
17.215000	-1.825054e-02
17.220000	-1.690853e-02
17.225000	-1.473850e-02
17.230000	-1.320383e-02
17.235000	-1.323158e-02
17.240000	-1.519101e-02
17.245000	-1.634638e-02
17.250000	-1.533094e-02
17.255000	-1.536747e-02
17.260000	-1.625209e-02
17.265000	-1.599106e-02
17.270000	-1.472563e-02
17.275000	-1.367656e-02
17.280000	-1.244480e-02
17.285000	-1.152754e-02
17.290000	-1.004500e-02
17.295000	-8.571716e-03
17.300000	-7.914894e-03
17.305000	-6.497383e-03
17.310000	-5.286528e-03
17.315000	-3.770505e-03
17.320000	-2.790917e-03
17.325000	-2.751922e-03
17.330000	-9.620953e-04
17.335000	1.157104e-03
17.340000	2.921756e-03
17.345000	5.186138e-03
17.350000	6.049750e-03
17.355000	6.065105e-03
17.360000	5.842545e-03
17.365000	6.050147e-03
17.370000	6.315081e-03
17.375000	6.383774e-03
17.380000	6.362844e-03
17.385000	6.340615e-03
17.390000	6.337415e-03
17.395000	6.322679e-03
17.400000	6.286302e-03
17.405000	6.309837e-03
17.410000	6.456403e-03
17.415000	6.571785e-03
17.420000	6.071324e-03
17.425000	4.525542e-03
17.430000	3.007904e-03
17.435000	3.037848e-03
17.440000	3.706116e-03
17.445000	3.765715e-03
17.450000	3.115417e-03
17.455000	1.544079e-03
17.460000	-3.546913e-04
17.465000	-1.610033e-03
17.470000	-2.525605e-03
17.475000	-3.546562e-03
17.480000	-5.321563e-03
17.485000	-6.444132e-03
17.490000	-5.771956e-03
17.495000	-5.606791e-03
17.500000	-5.874876e-03
17.505000	-6.083045e-03
17.510000	-6.300095e-03
17.515000	-6.287713e-03
17.520000	-5.457196e-03
17.525000	-3.474259e-03
17.530000	-2.002061e-03
17.535000	-1.432402e-03
17.540000	-5.621961e-04
17.545000	-1.111618e-03
17.550000	-2.029399e-03
17.555000	-2.096397e-03
17.560000	-2.814967e-03
17.565000	-2.567628e-03
17.570000	-1.916088e-04
17.575000	1.067286e-03
17.580000	-5.222731e-05
17.585000	-3.997105e-04
17.590000	-7.211337e-05
17.595000	2.137978e-04
17.600000	2.592214e-04
17.605000	2.947527e-05
17.610000	-2.180038e-04
17.615000	2.942014e-04
17.620000	2.430900e-03
17.625000	5.234108e-03
17.630000	6.227877e-03
17.635000	7.234301e-03
17.640000	8.184401e-03
17.645000	8.400052e-03
17.650000	7.346960e-03
17.655000	4.279166e-03
17.660000	2.809626e-03
17.665000	1.104147e-03
17.670000	-5.041094e-04
17.675000	-3.178081e-04
17.680000	-1.202523e-04
17.685000	8.335346e-04
17.690000	2.979564e-04
17.695000	-1.445260e-04
17.700000	-8.998614e-05
17.705000	8.678564e-05
17.710000	5.455251e-04
17.715000	1.032544e-03
17.720000	6.944558e-04
17.725000	-3.725634e-04
17.730000	1.204510e-03
17.735000	3.395986e-03
17.740000	3.850985e-03
17.745000	3.164890e-03
17.750000	2.575535e-03
17.755000	1.442191e-03
17.760000	5.245754e-04
17.765000	2.211437e-03
17.770000	4.286299e-03
17.775000	3.145174e-03
17.780000	3.155557e-03
17.785000	5.322446e-03
17.790000	7.076690e-03
17.795000	6.128725e-03
17.800000	5.979148e-03
17.805000	7.163160e-03
17.810000	8.099204e-03
17.815000	8.059002e-03
17.820000	8.736548e-03
17.825000	9.618498e-03
17.830000	9.245790e-03
17.835000	9.796065e-03
17.840000	1.104527e-02
17.845000	1.107848e-02
17.850000	9.721420e-03
17.855000	1.220305e-02
17.860000	1.333021e-02
17.865000	1.244544e-02
17.870000	1.184245e-02
17.875000	1.139062e-02
17.880000	1.178351e-02
17.885000	1.309991e-02
17.890000	1.237677e-02
17.895000	1.150610e-02
17.900000	1.186906e-02
17.905000	1.264830e-02
17.910000	1.042409e-02
17.915000	8.393688e-03
17.920000	9.485096e-03
17.925000	9.954189e-03
17.930000	9.683695e-03
17.935000	9.401662e-03
17.940000	9.276497e-03
17.945000	9.381125e-03
17.950000	9.661527e-03
17.955000	9.770943e-03
17.960000	8.923513e-03
17.965000	6.831374e-03
17.970000	5.752999e-03
17.975000	8.584783e-03
17.980000	1.087029e-02
17.985000	1.079764e-02
17.990000	1.198433e-02
17.995000	1.260036e-02
18.000000	1.215116e-02
18.005000	1.221107e-02
18.010000	1.244847e-02
18.015000	1.256847e-02
18.020000	1.256540e-02
18.025000	1.251209e-02
18.030000	1.245203e-02
18.035000	1.249312e-02
18.040000	1.266220e-02
18.045000	1.268060e-02
18.050000	1.168106e-02
18.055000	9.097935e-03
18.060000	5.442985e-03
18.065000	1.646541e-03
18.070000	1.244088e-04
18.075000	-1.576376e-03
18.080000	-4.435490e-03
18.085000	-6.004569e-03
18.090000	-6.806076e-03
18.095000	-7.800829e-03
18.100000	-1.175820e-02
18.105000	-1.304688e-02
18.110000	-1.205424e-02
18.115000	-1.253862e-02
18.120000	-1.282543e-02
18.125000	-1.183815e-02
18.130000	-1.222466e-02
18.135000	-1.258759e-02
18.140000	-1.240048e-02
18.145000	-1.191739e-02
18.150000	-1.132439e-02
18.155000	-1.170367e-02
18.160000	-1.280422e-02
18.165000	-1.112519e-02
18.170000	-8.852862e-03
18.175000	-8.655162e-03
18.180000	-9.768620e-03
18.185000	-1.067614e-02
18.190000	-1.083702e-02
18.195000	-1.006493e-02
18.200000	-1.069343e-02
18.205000	-1.170628e-02
18.210000	-9.323619e-03
18.215000	-8.718345e-03
18.220000	-9.305223e-03
18.225000	-8.116847e-03
18.230000	-6.133923e-03
18.235000	-5.836359e-03
18.240000	-6.669736e-03
18.245000	-6.404639e-03
18.250000	-4.787419e-03
18.255000	-2.887398e-03
18.260000	-2.739264e-03
18.265000	-3.520895e-03
18.270000	-3.131434e-03
18.275000	-1.841813e-03
18.280000	-1.221634e-03
18.285000	-2.648690e-03
18.290000	-3.662466e-03
18.295000	-3.061867e-03
18.300000	-2.839033e-03
18.305000	-2.926247e-03
18.310000	-2.671498e-03
18.315000	-2.095951e-03
18.320000	-2.235294e-03
18.325000	-3.500285e-03
18.330000	-3.190066e-03
18.335000	-2.847240e-03
18.340000	-2.917571e-03
18.345000	-2.973151e-03
18.350000	-2.997834e-03
18.355000	-2.977041e-03
18.360000	-3.089917e-03
18.365000	-3.229915e-03
18.370000	-2.973764e-03
18.375000	-1.692886e-03
18.380000	5.017611e-05
18.385000	4.008363e-04
18.390000	-1.630849e-04
18.395000	2.954517e-06
18.400000	-1.855186e-04
18.405000	-2.055767e-03
18.410000	-4.857453e-03
18.415000	-6.343831e-03
18.420000	-8.275792e-03
18.425000	-9.509661e-03
18.430000	-8.657240e-03
18.435000	-8.646291e-03
18.440000	-9.134197e-03
18.445000	-9.297581e-03
18.450000	-9.116497e-03
18.455000	-8.926378e-03
18.460000	-9.579639e-03
18.465000	-1.154884e-02
18.470000	-1.320423e-02
18.475000	-1.217566e-02
18.480000	-1.175848e-02
18.485000	-1.206518e-02
18.490000	-1.231363e-02
18.495000	-1.252755e-02
18.500000	-1.256348e-02
18.505000	-1.208629e-02
18.510000	-1.070493e-02
18.515000	-9.465269e-03
18.520000	-9.968012e-03
18.525000	-9.886450e-03
18.530000	-7.581767e-03
18.535000	-6.172766e-03
18.540000	-5.414616e-03
18.545000	-3.765048e-03
18.550000	-2.261528e-03
18.555000	-2.378455e-03
18.560000	-3.015411e-03
18.565000	-3.601461e-03
18.570000	-3.104894e-03
18.575000	-2.828577e-03
18.580000	-2.949029e-03
18.585000	-3.040860e-03
18.590000	-3.053868e-03
18.595000	-2.974196e-03
18.600000	-3.021092e-03
18.605000	-3.377890e-03
18.610000	-3.947405e-03
18.615000	-3.925125e-03
18.620000	-3.962888e-03
18.625000	-4.387987e-03
18.630000	-3.678712e-03
18.635000	-3.580516e-03
18.640000	-3.574400e-03
18.645000	-2.829729e-03
18.650000	-3.059903e-03
18.655000	-3.179969e-03
18.660000	-3.062909e-03
18.665000	-3.020512e-03
18.670000	-3.143962e-03
18.675000	-3.267593e-03
18.680000	-2.813561e-03
18.685000	-1.317784e-03
18.690000	2.102607e-04
18.695000	2.736685e-04
18.700000	-3.200249e-04
18.705000	-3.545853e-04
18.710000	-1.399067e-04
18.715000	3.405191e-04
18.720000	1.321253e-03
18.725000	2.234059e-03
18.730000	2.833452e-03
18.735000	3.252221e-03
18.740000	2.972823e-03
18.745000	2.928536e-03
18.750000	2.949434e-03
18.755000	2.943112e-03
18.760000	3.502114e-03
18.765000	4.963757e-03
18.770000	6.038616e-03
18.775000	5.147470e-03
18.780000	4.024689e-03
18.785000	3.901049e-03
18.790000	3.301365e-03
18.795000	3.691683e-03
18.800000	5.873303e-03
18.805000	6.857456e-03
18.810000	6.773058e-03
18.815000	8.531917e-03
18.820000	9.754048e-03
18.825000	9.056232e-03
18.830000	8.997896e-03
18.835000	9.340073e-03
18.840000	9.115678e-03
18.845000	7.865713e-03
18.850000	6.263524e-03
18.855000	4.930750e-03
18.860000	2.970030e-03
18.865000	2.056920e-03
18.870000	2.161078e-03
18.875000	3.989857e-04
18.880000	-2.135389e-04
18.885000	2.106896e-04
18.890000	2.879321e-04
18.895000	3.646690e-04
18.900000	2.296057e-04
18.905000	-8.958995e-04
18.910000	-3.104573e-03
18.915000	-3.973254e-03
18.920000	-2.702490e-03
18.925000	-1.032923e-03
18.930000	7.324552e-04
18.935000	2.165239e-03
18.940000	2.832139e-03
18.945000	2.644169e-03
18.950000	2.565937e-03
18.955000	3.364021e-03
18.960000	4.479188e-03
18.965000	4.735839e-03
18.970000	5.045480e-03
18.975000	6.187586e-03
18.980000	6.276758e-03
18.985000	5.372678e-03
18.990000	4.922345e-03
18.995000	6.015468e-03
19.000000	6.588667e-03
19.005000	6.213248e-03
19.010000	6.170927e-03
19.015000	6.343378e-03
19.020000	6.068437e-03
19.025000	4.943466e-03
19.030000	4.065699e-03
19.035000	5.954984e-03
19.040000	7.017139e-03
19.045000	6.199767e-03
19.050000	5.751083e-03
19.055000	5.801330e-03
19.060000	6.497897e-03
19.065000	8.114123e-03
19.070000	9.771868e-03
19.075000	1.100376e-02
19.080000	1.238223e-02
19.085000	1.406349e-02
19.090000	1.558156e-02
19.095000	1.586518e-02
19.100000	1.468126e-02
19.105000	1.438472e-02
19.110000	1.508307e-02
19.115000	1.517110e-02
19.120000	1.401586e-02
19.125000	1.180714e-02
19.130000	1.040461e-02
19.135000	8.544965e-03
19.140000	6.449474e-03
19.145000	4.622334e-03
19.150000	2.923721e-03
19.155000	2.799059e-03
19.160000	2.107402e-03
19.165000	-8.618801e-04
19.170000	-3.087476e-03
19.175000	-3.548155e-03
19.180000	-3.229928e-03
19.185000	-3.118555e-03
19.190000	-3.437504e-03
19.195000	-3.627853e-03
19.200000	-3.510360e-03
19.205000	-3.396279e-03
19.210000	-3.982386e-03
19.215000	-5.623756e-03
19.220000	-7.082435e-03
19.225000	-7.336092e-03
19.230000	-7.284347e-03
19.235000	-8.931546e-03
19.240000	-9.601378e-03
19.245000	-8.840180e-03
19.250000	-8.848005e-03
19.255000	-1.008759e-02
19.260000	-1.198617e-02
19.265000	-1.223622e-02
19.270000	-1.240484e-02
19.275000	-1.420432e-02
19.280000	-1.528076e-02
19.285000	-1.626960e-02
19.290000	-1.731421e-02
19.295000	-1.663993e-02
19.300000	-1.489701e-02
19.305000	-1.371467e-02
19.310000	-1.287928e-02
19.315000	-1.130368e-02
19.320000	-1.100606e-02
19.325000	-1.143642e-02
19.330000	-1.060063e-02
19.335000	-8.733852e-03
19.340000	-7.623041e-03
19.345000	-7.917991e-03
19.350000	-7.916248e-03
19.355000	-6.692228e-03
19.360000	-5.646210e-03
19.365000	-7.185927e-03
19.370000	-8.055161e-03
19.375000	-7.288026e-03
19.380000	-6.944844e-03
19.385000	-6.992173e-03
19.390000	-7.077769e-03
19.395000	-6.968938e-03
19.400000	-6.549428e-03
19.405000	-5.943612e-03
19.410000	-5.616775e-03
19.415000	-4.163938e-03
19.420000	-3.529333e-03
19.425000	-3.981078e-03
19.430000	-3.974473e-03
19.435000	-3.814812e-03
19.440000	-3.790771e-03
19.445000	-3.570257e-03
19.450000	-2.507906e-03
19.455000	-8.330458e-04
19.460000	-5.832357e-04
19.465000	-3.415494e-04
19.470000	1.587243e-03
19.475000	3.156379e-03
19.480000	4.419802e-03
19.485000	4.507882e-03
19.490000	3.849693e-03
19.495000	4.056200e-03
19.500000	5.360072e-03
19.505000	7.216700e-03
19.510000	7.324076e-03
19.515000	6.466196e-03
19.520000	6.363213e-03
19.525000	7.119148e-03
19.530000	8.549921e-03
19.535000	9.454626e-03
19.540000	9.143582e-03
19.545000	8.777957e-03
19.550000	8.858404e-03
19.555000	8.836240e-03
19.560000	8.374339e-03
19.565000	7.954142e-03
19.570000	8.601685e-03
19.575000	8.887254e-03
19.580000	8.460786e-03
19.585000	8.410558e-03
19.590000	8.792413e-03
19.595000	9.035436e-03
19.600000	8.222693e-03
19.605000	7.884853e-03
19.610000	8.500648e-03
19.615000	8.832179e-03
19.620000	7.973783e-03
19.625000	7.430147e-03
19.630000	7.665721e-03
19.635000	7.857009e-03
19.640000	7.713586e-03
19.645000	6.766675e-03
19.650000	4.989984e-03
19.655000	3.947263e-03
19.660000	3.332240e-03
19.665000	3.469461e-03
19.670000	3.256729e-03
19.675000	2.765310e-03
19.680000	2.278912e-03
19.685000	1.115003e-03
19.690000	3.610137e-04
19.695000	5.050322e-04
19.700000	2.987452e-04
19.705000	-6.158581e-04
19.710000	-8.244895e-04
19.715000	-2.383359e-04
19.720000	5.208764e-04
19.725000	9.762025e-04
19.730000	1.692666e-03
19.735000	2.376027e-03
19.740000	2.432176e-03
19.745000	2.943496e-03
19.750000	3.948888e-03
19.755000	3.720094e-03
19.760000	3.995851e-03
19.765000	4.300518e-03
19.770000	4.437368e-03
19.775000	4.678377e-03
19.780000	4.275451e-03
19.785000	4.533385e-03
19.790000	4.272684e-03
19.795000	4.234730e-03
19.800000	3.470191e-03
19.805000	3.584569e-03
19.810000	4.679633e-03
19.815000	5.369627e-03
19.820000	3.832946e-03
19.825000	2.773881e-03
19.830000	3.108745e-03
19.835000	3.284930e-03
19.840000	3.318803e-03
19.845000	3.575960e-03
19.850000	3.757326e-03
19.855000	2.712090e-03
19.860000	1.699164e-03
19.865000	9.600350e-04
19.870000	1.952044e-03
19.875000	2.724391e-03
19.880000	2.922386e-03
19.885000	1.801331e-03
19.890000	8.086807e-05
19.895000	-3.391326e-04
19.900000	-3.364795e-04
19.905000	9.824283e-04
19.910000	1.168875e-03
19.915000	1.287132e-03
19.920000	1.546028e-03
19.925000	1.661886e-04
19.930000	7.886991e-05
19.935000	5.092844e-04
19.940000	6.104732e-04
19.945000	5.485578e-04
19.950000	6.394416e-05
19.955000	-1.064484e-03
19.960000	-2.219496e-03
19.965000	-2.905426e-03
19.970000	-2.572552e-03
19.975000	-2.909517e-03
19.980000	-4.190092e-03
19.985000	-4.918039e-03
19.990000	-6.033870e-03
19.995000	-6.179583e-03
20.000000	-5.285287e-03
20.005000	-4.644380e-03
20.010000	-5.208286e-03
20.015000	-6.287806e-03
20.020000	-6.646343e-03
20.025000	-6.114085e-03
20.030000	-5.621967e-03
20.035000	-4.772800e-03
20.040000	-3.821796e-03
20.045000	-4.619951e-03
20.050000	-5.183701e-03
20.055000	-4.659791e-03
20.060000	-4.325575e-03
20.065000	-4.251392e-03
20.070000	-4.117798e-03
20.075000	-3.801988e-03
20.080000	-3.524226e-03
20.085000	-3.671449e-03
20.090000	-2.947411e-03
20.095000	-2.909214e-03
20.100000	-3.268712e-03
20.105000	-3.670631e-03
20.110000	-3.617288e-03
20.115000	-3.358644e-03
20.120000	-2.436529e-03
20.125000	-2.323130e-03
20.130000	-2.719435e-03
20.135000	-2.160696e-03
20.140000	-2.035924e-03
20.145000	-1.631815e-03
20.150000	-8.372033e-04
20.155000	-5.909361e-04
20.160000	-7.830840e-04
20.165000	-7.175744e-04
20.170000	-5.472987e-04
20.175000	-5.222881e-04
20.180000	-6.726861e-04
20.185000	-6.829249e-04
20.190000	-1.297564e-04
20.195000	-1.379889e-04
20.200000	-2.038679e-04
20.205000	-1.545372e-04
20.210000	-1.398371e-04
20.215000	-3.713473e-05
20.220000	3.178664e-04
20.225000	9.107082e-04
20.230000	1.049432e-03
20.235000	8.175033e-04
20.240000	8.014805e-04
20.245000	1.054946e-03
20.250000	1.513926e-03
20.255000	1.857557e-03
20.260000	1.759730e-03
20.265000	2.129267e-03
20.270000	2.527652e-03
20.275000	2.140097e-03
20.280000	1.690521e-03
20.285000	1.658655e-03
20.290000	2.213799e-03
20.295000	2.316898e-03
20.300000	2.172299e-03
20.305000	2.408432e-03
20.310000	2.663186e-03
20.315000	2.562855e-03
20.320000	2.766508e-03
20.325000	3.036813e-03
20.330000	2.823806e-03
20.335000	2.679355e-03
20.340000	2.512140e-03
20.345000	2.241860e-03
20.350000	2.197832e-03
20.355000	2.570960e-03
20.360000	2.596292e-03
20.365000	2.647481e-03
20.370000	2.473325e-03
20.375000	2.021214e-03
20.380000	1.831123e-03
20.385000	1.918127e-03
20.390000	1.890806e-03
20.395000	1.768866e-03
20.400000	1.638104e-03
20.405000	1.530930e-03
20.410000	1.550704e-03
20.415000	1.796095e-03
20.420000	2.117503e-03
20.425000	2.259489e-03
20.430000	2.226902e-03
20.435000	2.099886e-03
20.440000	1.970794e-03
20.445000	1.796670e-03
20.450000	1.678092e-03
20.455000	1.656909e-03
20.460000	1.448039e-03
20.465000	1.197998e-03
20.470000	9.697990e-04
20.475000	8.119414e-04
20.480000	7.967969e-04
20.485000	7.867917e-04
20.490000	7.956124e-04
20.495000	7.250926e-04
20.500000	5.658803e-04
20.505000	4.115958e-04
20.510000	2.228110e-04
20.515000	8.679817e-05
20.520000	-1.252516e-05
20.525000	-7.155071e-05
20.530000	-1.100167e-04
20.535000	-1.586732e-04
20.540000	-2.980518e-04
20.545000	-3.609725e-04
20.550000	-3.534058e-04
20.555000	-4.064995e-04
20.560000	-5.118092e-04
20.565000	-5.839034e-04
20.570000	-5.875449e-04
20.575000	-5.855845e-04
20.580000	-6.044691e-04
20.585000	-6.301951e-04
20.590000	-6.584818e-04
20.595000	-6.844470e-04
20.600000	-6.947080e-04
20.605000	-7.447014e-04
20.610000	-7.844803e-04
20.615000	-8.105129e-04
20.620000	-8.313789e-04
20.625000	-8.198112e-04
20.630000	-8.088617e-04
20.635000	-8.220376e-04
20.640000	-8.505778e-04
20.645000	-8.587631e-04
20.650000	-8.433249e-04
20.655000	-8.450573e-04
20.660000	-8.666065e-04
20.665000	-8.540970e-04
20.670000	-8.294425e-04
20.675000	-8.317016e-04
20.680000	-8.462886e-04
20.685000	-8.289678e-04
20.690000	-8.013784e-04
20.695000	-7.834992e-04
20.700000	-7.681818e-04
20.705000	-7.536924e-04
20.710000	-7.455907e-04
20.715000	-7.444159e-04
20.720000	-7.340731e-04
20.725000	-7.123938e-04
20.730000	-6.945108e-04
20.735000	-6.808176e-04
20.740000	-6.677526e-04
20.745000	-6.548519e-04
20.750000	-6.424157e-04
20.755000	-6.283699e-04
20.760000	-6.100842e-04
20.765000	-5.912197e-04
20.770000	-5.848921e-04
20.775000	-5.792183e-04
20.780000	-5.703145e-04
20.785000	-5.617153e-04
20.790000	-5.550835e-04
20.795000	-5.507074e-04
20.800000	-5.462944e-04
20.805000	-5.378637e-04
20.810000	-5.303054e-04
20.815000	-5.283294e-04
20.820000	-5.271084e-04
20.825000	-5.215519e-04
20.830000	-5.175072e-04
20.835000	-5.152948e-04
20.840000	-5.101703e-04
20.845000	-5.052324e-04
20.850000	-5.020007e-04
20.855000	-4.979241e-04
20.860000	-4.955820e-04
20.865000	-4.934872e-04
20.870000	-4.910842e-04
20.875000	-4.894195e-04
20.880000	-4.880728e-04
20.885000	-4.873833e-04
20.890000	-4.870251e-04
20.895000	-4.867054e-04
20.900000	-4.861987e-04
20.905000	-4.859261e-04
20.910000	-4.859578e-04
20.915000	-4.862900e-04
20.920000	-4.867035e-04
20.925000	-4.871352e-04
20.930000	-4.877474e-04
20.935000	-4.886549e-04
20.940000	-4.896341e-04
20.945000	-4.906714e-04
20.950000	-4.918226e-04
20.955000	-4.930685e-04
20.960000	-4.944117e-04
20.965000	-4.958407e-04
20.970000	-4.973643e-04
20.975000	-4.989649e-04
20.980000	-5.006481e-04
20.985000	-5.024077e-04
20.990000	-5.042450e-04
20.995000	-5.061569e-04
21.000000	-5.081443e-04
21.005000	-5.102057e-04
21.010000	-5.123407e-04
