0.000000	1.720092e-04
0.005000	1.700850e-04
0.010000	1.650625e-04
0.015000	1.576226e-04
0.020000	1.491665e-04
0.025000	1.407385e-04
0.030000	1.324959e-04
0.035000	1.237859e-04
0.040000	1.137612e-04
0.045000	1.016329e-04
0.050000	8.731865e-05
0.055000	7.108535e-05
0.060000	5.365013e-05
0.065000	3.557746e-05
0.070000	1.740021e-05
0.075000	-7.970257e-07
0.080000	-1.903681e-05
0.085000	-3.757975e-05
0.090000	-5.657103e-05
0.095000	-7.613347e-05
0.100000	-9.616326e-05
0.105000	-1.166636e-04
0.110000	-1.372614e-04
0.115000	-1.579567e-04
0.120000	-1.783161e-04
0.125000	-1.984051e-04
0.130000	-2.177889e-04
0.135000	-2.367133e-04
0.140000	-2.548607e-04
0.145000	-2.725236e-04
0.150000	-2.895916e-04
0.155000	-3.065973e-04
0.160000	-3.235974e-04
0.165000	-3.409580e-04
0.170000	-3.579069e-04
0.175000	-3.730509e-04
0.180000	-3.832417e-04
0.185000	-3.847697e-04
0.190000	-3.733918e-04
0.195000	-3.479049e-04
0.200000	-3.101421e-04
0.205000	-2.625917e-04
0.210000	-2.077991e-04
0.215000	-1.482072e-04
0.220000	-8.742573e-05
0.225000	-2.834833e-05
0.230000	3.131794e-05
0.235000	9.383800e-05
0.240000	1.624398e-04
0.245000	2.355756e-04
0.250000	3.102297e-04
0.255000	3.832839e-04
0.260000	4.478244e-04
0.265000	4.954466e-04
0.270000	5.221795e-04
0.275000	5.272036e-04
0.280000	5.173453e-04
0.285000	4.978685e-04
0.290000	4.717629e-04
0.295000	4.414107e-04
0.300000	4.110624e-04
0.305000	3.807424e-04
0.310000	3.502549e-04
0.315000	3.205426e-04
0.320000	2.910652e-04
0.325000	2.607051e-04
0.330000	2.319956e-04
0.335000	2.046749e-04
0.340000	1.793093e-04
0.345000	1.572818e-04
0.350000	1.372751e-04
0.355000	1.148594e-04
0.360000	8.867440e-05
0.365000	6.010325e-05
0.370000	2.978680e-05
0.375000	-2.053966e-06
0.380000	-3.204910e-05
0.385000	-6.014310e-05
0.390000	-8.596166e-05
0.395000	-1.084003e-04
0.400000	-1.291855e-04
0.405000	-1.530504e-04
0.410000	-1.812094e-04
0.415000	-2.113257e-04
0.420000	-2.412788e-04
0.425000	-2.686259e-04
0.430000	-2.878776e-04
0.435000	-2.976949e-04
0.440000	-2.994977e-04
0.445000	-2.965749e-04
0.450000	-2.912770e-04
0.455000	-2.860515e-04
0.460000	-2.814488e-04
0.465000	-2.780920e-04
0.470000	-2.753533e-04
0.475000	-2.732064e-04
0.480000	-2.708554e-04
0.485000	-2.685173e-04
0.490000	-2.657896e-04
0.495000	-2.631477e-04
0.500000	-2.602516e-04
0.505000	-2.576128e-04
0.510000	-2.548414e-04
0.515000	-2.523344e-04
0.520000	-2.496343e-04
0.525000	-2.471240e-04
0.530000	-2.442864e-04
0.535000	-2.414282e-04
0.540000	-2.380548e-04
0.545000	-2.347174e-04
0.550000	-2.314338e-04
0.555000	-2.291008e-04
0.560000	-2.278330e-04
0.565000	-2.280943e-04
0.570000	-2.286748e-04
0.575000	-2.281215e-04
0.580000	-2.226385e-04
0.585000	-2.085640e-04
0.590000	-1.816424e-04
0.595000	-1.414101e-04
0.600000	-9.042374e-05
0.605000	-3.171633e-05
0.610000	3.183409e-05
0.615000	9.768982e-05
0.620000	1.623136e-04
0.625000	2.230988e-04
0.630000	2.829454e-04
0.635000	3.447247e-04
0.640000	4.126147e-04
0.645000	4.857529e-04
0.650000	5.618304e-04
0.655000	6.372539e-04
0.660000	7.038361e-04
0.665000	7.504887e-04
0.670000	7.696351e-04
0.675000	7.566260e-04
0.680000	7.160541e-04
0.685000	6.555877e-04
0.690000	5.861981e-04
0.695000	5.160446e-04
0.700000	4.486260e-04
0.705000	3.863700e-04
0.710000	3.300143e-04
0.715000	2.755043e-04
0.720000	2.198912e-04
0.725000	1.602824e-04
0.730000	9.931181e-05
0.735000	4.052121e-05
0.740000	-1.353385e-05
0.745000	-5.998398e-05
0.750000	-9.574128e-05
0.755000	-1.182503e-04
0.760000	-1.279833e-04
0.765000	-1.292047e-04
0.770000	-1.256099e-04
0.775000	-1.208345e-04
0.780000	-1.163848e-04
0.785000	-1.133095e-04
0.790000	-1.112314e-04
0.795000	-1.101317e-04
0.800000	-1.091810e-04
0.805000	-1.083257e-04
0.810000	-1.070626e-04
0.815000	-1.056576e-04
0.820000	-1.038422e-04
0.825000	-1.021048e-04
0.830000	-1.002231e-04
0.835000	-9.870615e-05
0.840000	-9.716258e-05
0.845000	-9.591199e-05
0.850000	-9.449206e-05
0.855000	-9.326261e-05
0.860000	-9.175162e-05
0.865000	-9.041701e-05
0.870000	-8.887666e-05
0.875000	-8.760949e-05
0.880000	-8.621909e-05
0.885000	-8.510615e-05
0.890000	-8.385349e-05
0.895000	-8.286531e-05
0.900000	-8.171579e-05
0.905000	-8.078194e-05
0.910000	-7.966767e-05
0.915000	-7.863947e-05
0.920000	-7.711704e-05
0.925000	-7.546348e-05
0.930000	-7.331979e-05
0.935000	-7.149538e-05
0.940000	-7.005674e-05
0.945000	-7.022537e-05
0.950000	-7.194117e-05
0.955000	-7.546305e-05
0.960000	-7.896930e-05
0.965000	-8.026342e-05
0.970000	-7.510232e-05
0.975000	-6.009789e-05
0.980000	-3.257343e-05
0.985000	4.771130e-06
0.990000	4.333593e-05
0.995000	6.254389e-05
1.000000	4.518789e-05
1.005000	8.396323e-06
1.010000	-2.739474e-05
1.015000	-5.349101e-05
1.020000	-6.719024e-05
1.025000	-7.112055e-05
1.030000	-6.854724e-05
1.035000	-6.359910e-05
1.040000	-5.858853e-05
1.045000	-5.531824e-05
1.050000	-5.366453e-05
1.055000	-5.365209e-05
1.060000	-5.421643e-05
1.065000	-5.512934e-05
1.070000	-5.557403e-05
1.075000	-5.572839e-05
1.080000	-5.532603e-05
1.085000	-5.491185e-05
1.090000	-5.423994e-05
1.095000	-5.390961e-05
1.100000	-5.361165e-05
1.105000	-5.365797e-05
1.110000	-5.364737e-05
1.115000	-5.380875e-05
1.120000	-5.375580e-05
1.125000	-5.378173e-05
1.130000	-5.357734e-05
1.135000	-5.358142e-05
1.140000	-5.350429e-05
1.145000	-5.372022e-05
1.150000	-5.383354e-05
1.155000	-5.424654e-05
1.160000	-5.453441e-05
1.165000	-5.500376e-05
1.170000	-5.525029e-05
1.175000	-5.558880e-05
1.180000	-5.559369e-05
1.185000	-5.561875e-05
1.190000	-5.529170e-05
1.195000	-5.511242e-05
1.200000	-5.501203e-05
1.205000	-5.588571e-05
1.210000	-5.769417e-05
1.215000	-6.092731e-05
1.220000	-6.446473e-05
1.225000	-6.681173e-05
1.230000	-6.438641e-05
1.235000	-5.344767e-05
1.240000	-2.969931e-05
1.245000	7.383914e-06
1.250000	5.528285e-05
1.255000	1.108300e-04
1.260000	1.712101e-04
1.265000	2.337910e-04
1.270000	2.951494e-04
1.275000	3.526281e-04
1.280000	4.091775e-04
1.285000	4.677314e-04
1.290000	5.324332e-04
1.295000	6.024566e-04
1.300000	6.753675e-04
1.305000	7.476220e-04
1.310000	8.109948e-04
1.315000	8.543893e-04
1.320000	8.702469e-04
1.325000	8.538846e-04
1.330000	8.099628e-04
1.335000	7.460304e-04
1.340000	6.731193e-04
1.345000	5.993753e-04
1.350000	5.285287e-04
1.355000	4.628086e-04
1.360000	4.030481e-04
1.365000	3.451199e-04
1.370000	2.860895e-04
1.375000	2.230488e-04
1.380000	1.586191e-04
1.385000	9.633710e-05
1.390000	3.873998e-05
1.395000	-1.128832e-05
1.400000	-5.068749e-05
1.405000	-7.674285e-05
1.410000	-8.997998e-05
1.415000	-9.462790e-05
1.420000	-9.443921e-05
1.425000	-9.297050e-05
1.430000	-9.167727e-05
1.435000	-9.178083e-05
1.440000	-9.293598e-05
1.445000	-9.544831e-05
1.450000	-9.879402e-05
1.455000	-1.031783e-04
1.460000	-1.078690e-04
1.465000	-1.122263e-04
1.470000	-1.141350e-04
1.475000	-1.112993e-04
1.480000	-1.005173e-04
1.485000	-8.025713e-05
1.490000	-5.184083e-05
1.495000	-2.079125e-05
1.500000	1.039942e-05
1.505000	3.939399e-05
1.510000	6.370907e-05
1.515000	8.466449e-05
1.520000	1.071102e-04
1.525000	1.333857e-04
1.530000	1.630661e-04
1.535000	1.964142e-04
1.540000	2.333603e-04
1.545000	2.695625e-04
1.550000	3.019893e-04
1.555000	3.256106e-04
1.560000	3.333075e-04
1.565000	3.214980e-04
1.570000	2.936802e-04
1.575000	2.569425e-04
1.580000	2.163660e-04
1.585000	1.748678e-04
1.590000	1.369069e-04
1.595000	1.025504e-04
1.600000	7.158608e-05
1.605000	4.444873e-05
1.610000	1.876539e-05
1.615000	-1.037201e-05
1.620000	-4.418349e-05
1.625000	-8.031567e-05
1.630000	-1.163535e-04
1.635000	-1.498520e-04
1.640000	-1.751386e-04
1.645000	-1.909951e-04
1.650000	-1.988550e-04
1.655000	-2.020235e-04
1.660000	-2.028606e-04
1.665000	-2.037400e-04
1.670000	-2.052273e-04
1.675000	-2.079144e-04
1.680000	-2.111243e-04
1.685000	-2.148961e-04
1.690000	-2.185536e-04
1.695000	-2.223264e-04
1.700000	-2.257082e-04
1.705000	-2.292034e-04
1.710000	-2.324815e-04
1.715000	-2.360192e-04
1.720000	-2.394356e-04
1.725000	-2.432401e-04
1.730000	-2.468769e-04
1.735000	-2.507806e-04
1.740000	-2.543275e-04
1.745000	-2.578677e-04
1.750000	-2.609020e-04
1.755000	-2.639732e-04
1.760000	-2.668544e-04
1.765000	-2.703620e-04
1.770000	-2.746582e-04
1.775000	-2.802555e-04
1.780000	-2.865164e-04
1.785000	-2.929131e-04
1.790000	-2.969301e-04
1.795000	-2.962693e-04
1.800000	-2.874630e-04
1.805000	-2.690667e-04
1.810000	-2.423518e-04
1.815000	-2.129623e-04
1.820000	-1.834443e-04
1.825000	-1.562311e-04
1.830000	-1.336988e-04
1.835000	-1.145958e-04
1.840000	-9.390375e-05
1.845000	-6.940509e-05
1.850000	-4.141563e-05
1.855000	-9.766839e-06
1.860000	2.550595e-05
1.865000	5.997707e-05
1.870000	9.069889e-05
1.875000	1.125454e-04
1.880000	1.184144e-04
1.885000	1.047779e-04
1.890000	7.521418e-05
1.895000	3.673975e-05
1.900000	-5.433688e-06
1.905000	-4.849170e-05
1.910000	-8.796020e-05
1.915000	-1.239136e-04
1.920000	-1.565048e-04
1.925000	-1.853630e-04
1.930000	-2.127234e-04
1.935000	-2.435063e-04
1.940000	-2.790276e-04
1.945000	-3.168965e-04
1.950000	-3.547214e-04
1.955000	-3.899747e-04
1.960000	-4.169718e-04
1.965000	-4.344522e-04
1.970000	-4.437918e-04
1.975000	-4.483806e-04
1.980000	-4.505253e-04
1.985000	-4.524641e-04
1.990000	-4.547881e-04
1.995000	-4.582864e-04
2.000000	-4.626487e-04
2.005000	-4.683893e-04
2.010000	-4.751628e-04
2.015000	-4.832455e-04
2.020000	-4.914401e-04
2.025000	-4.982632e-04
2.030000	-5.001384e-04
2.035000	-4.934208e-04
2.040000	-4.738968e-04
2.045000	-4.410827e-04
2.050000	-3.975609e-04
2.055000	-3.463482e-04
2.060000	-2.901814e-04
2.065000	-2.314152e-04
2.070000	-1.735223e-04
2.075000	-1.192466e-04
2.080000	-6.610304e-05
2.085000	-1.175239e-05
2.090000	4.735384e-05
2.095000	1.101725e-04
2.100000	1.750365e-04
2.105000	2.403907e-04
2.110000	3.016528e-04
2.115000	3.525998e-04
2.120000	3.903799e-04
2.125000	4.120614e-04
2.130000	4.197602e-04
2.135000	4.177176e-04
2.140000	4.108956e-04
2.145000	4.025139e-04
2.150000	3.950227e-04
2.155000	3.889072e-04
2.160000	3.846471e-04
2.165000	3.816622e-04
2.170000	3.797915e-04
2.175000	3.780080e-04
2.180000	3.756099e-04
2.185000	3.706393e-04
2.190000	3.612913e-04
2.195000	3.450269e-04
2.200000	3.212978e-04
2.205000	2.917910e-04
2.210000	2.616607e-04
2.215000	2.314715e-04
2.220000	1.994214e-04
2.225000	1.641805e-04
2.230000	1.281325e-04
2.235000	9.042600e-05
2.240000	5.132877e-05
2.245000	1.225875e-05
2.250000	-2.682830e-05
2.255000	-6.658387e-05
2.260000	-1.042409e-04
2.265000	-1.401581e-04
2.270000	-1.739294e-04
2.275000	-2.041724e-04
2.280000	-2.323544e-04
2.285000	-2.629567e-04
2.290000	-2.974852e-04
2.295000	-3.345682e-04
2.300000	-3.735686e-04
2.305000	-4.144658e-04
2.310000	-4.537722e-04
2.315000	-4.912605e-04
2.320000	-5.261539e-04
2.325000	-5.569114e-04
2.330000	-5.848312e-04
2.335000	-6.145197e-04
2.340000	-6.479991e-04
2.345000	-6.848716e-04
2.350000	-7.262408e-04
2.355000	-7.737454e-04
2.360000	-8.257823e-04
2.365000	-8.818760e-04
2.370000	-9.405636e-04
2.375000	-1.002380e-03
2.380000	-1.066625e-03
2.385000	-1.133311e-03
2.390000	-1.199132e-03
2.395000	-1.262709e-03
2.400000	-1.325633e-03
2.405000	-1.391398e-03
2.410000	-1.462821e-03
2.415000	-1.539790e-03
2.420000	-1.619014e-03
2.425000	-1.697685e-03
2.430000	-1.767125e-03
2.435000	-1.817274e-03
2.440000	-1.839892e-03
2.445000	-1.831205e-03
2.450000	-1.794826e-03
2.455000	-1.738652e-03
2.460000	-1.672400e-03
2.465000	-1.604429e-03
2.470000	-1.537461e-03
2.475000	-1.475102e-03
2.480000	-1.418722e-03
2.485000	-1.367142e-03
2.490000	-1.319093e-03
2.495000	-1.273716e-03
2.500000	-1.231072e-03
2.505000	-1.188814e-03
2.510000	-1.135763e-03
2.515000	-1.057311e-03
2.520000	-9.364690e-04
2.525000	-7.655574e-04
2.530000	-5.507372e-04
2.535000	-3.081420e-04
2.540000	-5.295477e-05
2.545000	2.017237e-04
2.550000	4.493791e-04
2.555000	6.873237e-04
2.560000	9.192178e-04
2.565000	1.151110e-03
2.570000	1.392974e-03
2.575000	1.651360e-03
2.580000	1.922429e-03
2.585000	2.190507e-03
2.590000	2.426472e-03
2.595000	2.590853e-03
2.600000	2.643823e-03
2.605000	2.566524e-03
2.610000	2.377450e-03
2.615000	2.110723e-03
2.620000	1.803497e-03
2.625000	1.485773e-03
2.630000	1.176631e-03
2.635000	8.856643e-04
2.640000	6.241692e-04
2.645000	4.032883e-04
2.650000	2.295925e-04
2.655000	1.004565e-04
2.660000	1.797302e-06
2.665000	-9.532880e-05
2.670000	-2.397721e-04
2.675000	-4.969079e-04
2.680000	-9.314848e-04
2.685000	-1.581829e-03
2.690000	-2.427631e-03
2.695000	-3.419576e-03
2.700000	-4.504690e-03
2.705000	-5.626426e-03
2.710000	-6.715626e-03
2.715000	-7.686511e-03
2.720000	-8.435344e-03
2.725000	-8.857033e-03
2.730000	-8.900270e-03
2.735000	-8.622496e-03
2.740000	-8.138834e-03
2.745000	-7.563923e-03
2.750000	-6.977256e-03
2.755000	-6.417881e-03
2.760000	-5.892514e-03
2.765000	-5.390632e-03
2.770000	-4.896752e-03
2.775000	-4.399565e-03
2.780000	-3.890112e-03
2.785000	-3.365635e-03
2.790000	-2.833066e-03
2.795000	-2.313972e-03
2.800000	-1.840625e-03
2.805000	-1.443840e-03
2.810000	-1.138467e-03
2.815000	-9.145709e-04
2.820000	-7.447869e-04
2.825000	-5.979156e-04
2.830000	-4.475773e-04
2.835000	-2.736716e-04
2.840000	-5.670745e-05
2.845000	2.222421e-04
2.850000	5.764394e-04
2.855000	1.005742e-03
2.860000	1.505173e-03
2.865000	2.061676e-03
2.870000	2.649434e-03
2.875000	3.220452e-03
2.880000	3.697741e-03
2.885000	3.976943e-03
2.890000	3.949624e-03
2.895000	3.556665e-03
2.900000	2.839041e-03
2.905000	1.884236e-03
2.910000	7.746769e-04
2.915000	-4.246954e-04
2.920000	-1.642655e-03
2.925000	-2.776151e-03
2.930000	-3.669865e-03
2.935000	-4.127274e-03
2.940000	-3.958210e-03
2.945000	-3.090805e-03
2.950000	-1.672949e-03
2.955000	2.993899e-05
2.960000	1.770351e-03
2.965000	3.397631e-03
2.970000	4.880630e-03
2.975000	6.232228e-03
2.980000	7.419148e-03
2.985000	8.299965e-03
2.990000	8.630562e-03
2.995000	8.131596e-03
3.000000	6.663342e-03
3.005000	4.376752e-03
3.010000	1.593383e-03
3.015000	-1.346115e-03
3.020000	-4.160493e-03
3.025000	-6.671410e-03
3.030000	-8.800313e-03
3.035000	-1.048167e-02
3.040000	-1.159189e-02
3.045000	-1.197103e-02
3.050000	-1.153924e-02
3.055000	-1.042846e-02
3.060000	-8.904658e-03
3.065000	-7.279874e-03
3.070000	-5.869738e-03
3.075000	-4.959140e-03
3.080000	-4.741144e-03
3.085000	-5.209199e-03
3.090000	-6.073594e-03
3.095000	-6.883701e-03
3.100000	-7.195302e-03
3.105000	-6.752225e-03
3.110000	-5.601767e-03
3.115000	-3.968197e-03
3.120000	-2.098568e-03
3.125000	-1.754387e-04
3.130000	1.708050e-03
3.135000	3.506197e-03
3.140000	5.170600e-03
3.145000	6.602527e-03
3.150000	7.642557e-03
3.155000	8.112987e-03
3.160000	7.925815e-03
3.165000	7.179438e-03
3.170000	6.076068e-03
3.175000	4.815820e-03
3.180000	3.550855e-03
3.185000	2.362063e-03
3.190000	1.258962e-03
3.195000	1.942375e-04
3.200000	-9.147676e-04
3.205000	-2.153379e-03
3.210000	-3.569397e-03
3.215000	-5.123015e-03
3.220000	-6.628840e-03
3.225000	-7.722546e-03
3.230000	-7.885575e-03
3.235000	-6.572784e-03
3.240000	-3.498205e-03
3.245000	1.106737e-03
3.250000	6.691802e-03
3.255000	1.261079e-02
3.260000	1.821656e-02
3.265000	2.292540e-02
3.270000	2.623623e-02
3.275000	2.763920e-02
3.280000	2.666207e-02
3.285000	2.320482e-02
3.290000	1.787272e-02
3.295000	1.168555e-02
3.300000	5.697890e-03
3.305000	7.673517e-04
3.310000	-2.670522e-03
3.315000	-4.737775e-03
3.320000	-5.840147e-03
3.325000	-6.370669e-03
3.330000	-6.577449e-03
3.335000	-6.553446e-03
3.340000	-6.322669e-03
3.345000	-5.932747e-03
3.350000	-5.424354e-03
3.355000	-4.782062e-03
3.360000	-3.911654e-03
3.365000	-2.665527e-03
3.370000	-9.102939e-04
3.375000	1.355430e-03
3.380000	3.888361e-03
3.385000	6.221377e-03
3.390000	7.752156e-03
3.395000	7.886122e-03
3.400000	6.322318e-03
3.405000	3.294227e-03
3.410000	-6.283794e-04
3.415000	-4.781194e-03
3.420000	-8.529367e-03
3.425000	-1.134520e-02
3.430000	-1.283739e-02
3.435000	-1.286367e-02
3.440000	-1.165788e-02
3.445000	-9.643938e-03
3.450000	-7.257117e-03
3.455000	-4.908995e-03
3.460000	-2.991348e-03
3.465000	-1.885318e-03
3.470000	-1.915565e-03
3.475000	-3.187552e-03
3.480000	-5.423497e-03
3.485000	-8.108984e-03
3.490000	-1.066752e-02
3.495000	-1.257976e-02
3.500000	-1.353393e-02
3.505000	-1.353516e-02
3.510000	-1.284133e-02
3.515000	-1.190059e-02
3.520000	-1.132176e-02
3.525000	-1.183081e-02
3.530000	-1.410196e-02
3.535000	-1.840511e-02
3.540000	-2.429224e-02
3.545000	-3.080139e-02
3.550000	-3.674258e-02
3.555000	-4.093589e-02
3.560000	-4.254418e-02
3.565000	-4.133028e-02
3.570000	-3.729862e-02
3.575000	-3.044685e-02
3.580000	-2.097319e-02
3.585000	-9.616692e-03
3.590000	2.485913e-03
3.595000	1.399842e-02
3.600000	2.351523e-02
3.605000	2.979417e-02
3.610000	3.226804e-02
3.615000	3.148505e-02
3.620000	2.855393e-02
3.625000	2.455782e-02
3.630000	2.031667e-02
3.635000	1.636258e-02
3.640000	1.304241e-02
3.645000	1.061820e-02
3.650000	9.306535e-03
3.655000	9.163470e-03
3.660000	9.940220e-03
3.665000	1.118154e-02
3.670000	1.234140e-02
3.675000	1.285032e-02
3.680000	1.220719e-02
3.685000	1.015900e-02
3.690000	6.874995e-03
3.695000	2.843325e-03
3.700000	-1.248123e-03
3.705000	-4.578621e-03
3.710000	-6.302430e-03
3.715000	-5.766031e-03
3.720000	-2.921414e-03
3.725000	1.342628e-03
3.730000	5.596985e-03
3.735000	8.429696e-03
3.740000	9.007785e-03
3.745000	7.485149e-03
3.750000	4.710630e-03
3.755000	1.825066e-03
3.760000	-3.618483e-05
3.765000	9.712160e-06
3.770000	2.495139e-03
3.775000	7.376870e-03
3.780000	1.379101e-02
3.785000	2.025987e-02
3.790000	2.501980e-02
3.795000	2.639778e-02
3.800000	2.343679e-02
3.805000	1.644864e-02
3.810000	6.579335e-03
3.815000	-4.652371e-03
3.820000	-1.553366e-02
3.825000	-2.446600e-02
3.830000	-3.037020e-02
3.835000	-3.297878e-02
3.840000	-3.243303e-02
3.845000	-2.900198e-02
3.850000	-2.324821e-02
3.855000	-1.631234e-02
3.860000	-9.603734e-03
3.865000	-4.381320e-03
3.870000	-1.332616e-03
3.875000	-2.932504e-04
3.880000	-5.814029e-04
3.885000	-1.388892e-03
3.890000	-1.990064e-03
3.895000	-1.866319e-03
3.900000	-7.848963e-04
3.905000	1.090787e-03
3.910000	3.158220e-03
3.915000	4.643621e-03
3.920000	4.989669e-03
3.925000	4.117339e-03
3.930000	2.283993e-03
3.935000	-1.111529e-04
3.940000	-2.613596e-03
3.945000	-4.743441e-03
3.950000	-6.007702e-03
3.955000	-5.971567e-03
3.960000	-4.447255e-03
3.965000	-1.680003e-03
3.970000	1.810735e-03
3.975000	5.413292e-03
3.980000	8.514843e-03
3.985000	1.058084e-02
3.990000	1.129170e-02
3.995000	1.066466e-02
4.000000	8.926803e-03
4.005000	6.431826e-03
4.010000	3.663469e-03
4.015000	1.117814e-03
4.020000	-8.070608e-04
4.025000	-1.928598e-03
4.030000	-2.351574e-03
4.035000	-2.303493e-03
4.040000	-1.966030e-03
4.045000	-1.405244e-03
4.050000	-5.768395e-04
4.055000	6.001221e-04
4.060000	2.118421e-03
4.065000	3.777122e-03
4.070000	5.249350e-03
4.075000	6.208184e-03
4.080000	6.478543e-03
4.085000	6.152697e-03
4.090000	5.478692e-03
4.095000	4.715481e-03
4.100000	4.037200e-03
4.105000	3.461979e-03
4.110000	2.831954e-03
4.115000	1.861773e-03
4.120000	2.496296e-04
4.125000	-2.145704e-03
4.130000	-5.152939e-03
4.135000	-8.357322e-03
4.140000	-1.121032e-02
4.145000	-1.313348e-02
4.150000	-1.369570e-02
4.155000	-1.275494e-02
4.160000	-1.029116e-02
4.165000	-6.279705e-03
4.170000	-8.154931e-04
4.175000	5.698402e-03
4.180000	1.263030e-02
4.185000	1.923023e-02
4.190000	2.471410e-02
4.195000	2.839811e-02
4.200000	2.998703e-02
4.205000	2.982690e-02
4.210000	2.859780e-02
4.215000	2.697073e-02
4.220000	2.543563e-02
4.225000	2.422852e-02
4.230000	2.332241e-02
4.235000	2.244938e-02
4.240000	2.115731e-02
4.245000	1.892312e-02
4.250000	1.533406e-02
4.255000	1.035993e-02
4.260000	4.715731e-03
4.265000	-3.946024e-05
4.270000	-2.478534e-03
4.275000	-2.290542e-03
4.280000	9.035516e-06
4.285000	3.576769e-03
4.290000	7.503683e-03
4.295000	1.092181e-02
4.300000	1.304478e-02
4.305000	1.324867e-02
4.310000	1.128166e-02
4.315000	7.442761e-03
4.320000	2.236214e-03
4.325000	-3.971339e-03
4.330000	-1.102169e-02
4.335000	-1.882387e-02
4.340000	-2.711296e-02
4.345000	-3.540016e-02
4.350000	-4.297130e-02
4.355000	-4.892665e-02
4.360000	-5.239589e-02
4.365000	-5.276300e-02
4.370000	-4.944628e-02
4.375000	-4.192555e-02
4.380000	-3.008899e-02
4.385000	-1.419817e-02
4.390000	4.844490e-03
4.395000	2.506052e-02
4.400000	4.373248e-02
4.405000	5.801652e-02
4.410000	6.583764e-02
4.415000	6.673390e-02
4.420000	6.160903e-02
4.425000	5.230505e-02
4.430000	4.074215e-02
4.435000	2.830005e-02
4.440000	1.573399e-02
4.445000	3.392835e-03
4.450000	-8.415546e-03
4.455000	-1.911263e-02
4.460000	-2.777977e-02
4.465000	-3.343110e-02
4.470000	-3.541834e-02
4.475000	-3.342283e-02
4.480000	-2.770507e-02
4.485000	-1.949104e-02
4.490000	-1.058425e-02
4.495000	-2.873189e-03
4.500000	2.085484e-03
4.505000	3.483853e-03
4.510000	1.502660e-03
4.515000	-2.562233e-03
4.520000	-6.857857e-03
4.525000	-9.636293e-03
4.530000	-9.846558e-03
4.535000	-7.537022e-03
4.540000	-3.564568e-03
4.545000	7.944240e-04
4.550000	4.104304e-03
4.555000	5.042943e-03
4.560000	2.761756e-03
4.565000	-2.521950e-03
4.570000	-9.130255e-03
4.575000	-1.466713e-02
4.580000	-1.713932e-02
4.585000	-1.575950e-02
4.590000	-1.070073e-02
4.595000	-2.791780e-03
4.600000	6.550861e-03
4.605000	1.568592e-02
4.610000	2.309085e-02
4.615000	2.768991e-02
4.620000	2.909890e-02
4.625000	2.735890e-02
4.630000	2.283891e-02
4.635000	1.632989e-02
4.640000	8.766326e-03
4.645000	1.017137e-03
4.650000	-6.116679e-03
4.655000	-1.188167e-02
4.660000	-1.558182e-02
4.665000	-1.662401e-02
4.670000	-1.483320e-02
4.675000	-1.077240e-02
4.680000	-5.372358e-03
4.685000	4.761956e-04
4.690000	6.099793e-03
4.695000	1.109315e-02
4.700000	1.527505e-02
4.705000	1.847396e-02
4.710000	2.037489e-02
4.715000	2.057091e-02
4.720000	1.883186e-02
4.725000	1.540972e-02
4.730000	1.083470e-02
4.735000	5.689871e-03
4.740000	5.441220e-04
4.745000	-4.041475e-03
4.750000	-7.512177e-03
4.755000	-9.398285e-03
4.760000	-9.542617e-03
4.765000	-8.316239e-03
4.770000	-6.396854e-03
4.775000	-4.499874e-03
4.780000	-3.203873e-03
4.785000	-2.818750e-03
4.790000	-3.249738e-03
4.795000	-3.936282e-03
4.800000	-4.105592e-03
4.805000	-3.131779e-03
4.810000	-9.195737e-04
4.815000	1.840435e-03
4.820000	3.962372e-03
4.825000	4.239321e-03
4.830000	2.030737e-03
4.835000	-2.286363e-03
4.840000	-7.657120e-03
4.845000	-1.283549e-02
4.850000	-1.673761e-02
4.855000	-1.880483e-02
4.860000	-1.921102e-02
4.865000	-1.853320e-02
4.870000	-1.735238e-02
4.875000	-1.603758e-02
4.880000	-1.464572e-02
4.885000	-1.296478e-02
4.890000	-1.065194e-02
4.895000	-7.471362e-03
4.900000	-3.525893e-03
4.905000	7.254219e-04
4.910000	4.518538e-03
4.915000	6.893634e-03
4.920000	6.938978e-03
4.925000	4.249622e-03
4.930000	-6.604223e-04
4.935000	-6.658531e-03
4.940000	-1.239178e-02
4.945000	-1.658696e-02
4.950000	-1.827218e-02
4.955000	-1.677645e-02
4.960000	-1.193074e-02
4.965000	-4.334064e-03
4.970000	5.007910e-03
4.975000	1.501100e-02
4.980000	2.458083e-02
4.985000	3.260584e-02
4.990000	3.799082e-02
4.995000	3.993295e-02
5.000000	3.830600e-02
5.005000	3.364092e-02
5.010000	2.684497e-02
5.015000	1.885393e-02
5.020000	1.049090e-02
5.025000	2.541438e-03
5.030000	-4.129790e-03
5.035000	-8.570721e-03
5.040000	-9.934323e-03
5.045000	-7.999957e-03
5.050000	-3.667732e-03
5.055000	1.427766e-03
5.060000	5.489086e-03
5.065000	7.025951e-03
5.070000	5.428933e-03
5.075000	1.372845e-03
5.080000	-3.680029e-03
5.085000	-8.135176e-03
5.090000	-1.080681e-02
5.095000	-1.128302e-02
5.100000	-9.711588e-03
5.105000	-6.580326e-03
5.110000	-2.704762e-03
5.115000	7.025013e-04
5.120000	2.125665e-03
5.125000	3.510271e-05
5.130000	-6.485316e-03
5.135000	-1.708083e-02
5.140000	-3.032590e-02
5.145000	-4.396700e-02
5.150000	-5.504215e-02
5.155000	-6.029847e-02
5.160000	-5.715174e-02
5.165000	-4.482975e-02
5.170000	-2.462209e-02
5.175000	5.671765e-05
5.180000	2.466566e-02
5.185000	4.466573e-02
5.190000	5.667664e-02
5.195000	5.946994e-02
5.200000	5.384293e-02
5.205000	4.230970e-02
5.210000	2.800671e-02
5.215000	1.380461e-02
5.220000	1.982217e-03
5.225000	-5.983756e-03
5.230000	-9.508680e-03
5.235000	-8.581604e-03
5.240000	-3.756740e-03
5.245000	3.605967e-03
5.250000	1.178667e-02
5.255000	1.914560e-02
5.260000	2.435355e-02
5.265000	2.667953e-02
5.270000	2.614052e-02
5.275000	2.291454e-02
5.280000	1.687654e-02
5.285000	7.665126e-03
5.290000	-4.729611e-03
5.295000	-1.927881e-02
5.300000	-3.396485e-02
5.305000	-4.611404e-02
5.310000	-5.286618e-02
5.315000	-5.216654e-02
5.320000	-4.385974e-02
5.325000	-2.981779e-02
5.330000	-1.375192e-02
5.335000	-8.608025e-05
5.340000	7.539319e-03
5.345000	7.398117e-03
5.350000	-3.413850e-04
5.355000	-1.387307e-02
5.360000	-3.060408e-02
5.365000	-4.777821e-02
5.370000	-6.263830e-02
5.375000	-7.252860e-02
5.380000	-7.533587e-02
5.385000	-7.017805e-02
5.390000	-5.772139e-02
5.395000	-4.046159e-02
5.400000	-2.204778e-02
5.405000	-6.479510e-03
5.410000	2.551438e-03
5.415000	2.768217e-03
5.420000	-5.651356e-03
5.425000	-2.047872e-02
5.430000	-3.802580e-02
5.435000	-5.398235e-02
5.440000	-6.436569e-02
5.445000	-6.624151e-02
5.450000	-5.801595e-02
5.455000	-3.983400e-02
5.460000	-1.363444e-02
5.465000	1.677166e-02
5.470000	4.667232e-02
5.475000	7.155168e-02
5.480000	8.817858e-02
5.485000	9.551660e-02
5.490000	9.435859e-02
5.495000	8.683776e-02
5.500000	7.536776e-02
5.505000	6.200869e-02
5.510000	4.848765e-02
5.515000	3.624965e-02
5.520000	2.652651e-02
5.525000	2.032325e-02
5.530000	1.804707e-02
5.535000	1.915797e-02
5.540000	2.280477e-02
5.545000	2.840663e-02
5.550000	3.571441e-02
5.555000	4.461146e-02
5.560000	5.497033e-02
5.565000	6.641116e-02
5.570000	7.789809e-02
5.575000	8.754027e-02
5.580000	9.311730e-02
5.585000	9.316735e-02
5.590000	8.788048e-02
5.595000	7.836074e-02
5.600000	6.583988e-02
5.605000	5.142238e-02
5.610000	3.591052e-02
5.615000	1.988425e-02
5.620000	4.033551e-03
5.625000	-1.056997e-02
5.630000	-2.260097e-02
5.635000	-3.100233e-02
5.640000	-3.550442e-02
5.645000	-3.641961e-02
5.650000	-3.454670e-02
5.655000	-3.128494e-02
5.660000	-2.824198e-02
5.665000	-2.679815e-02
5.670000	-2.768216e-02
5.675000	-3.072045e-02
5.680000	-3.524545e-02
5.685000	-4.054050e-02
5.690000	-4.606454e-02
5.695000	-5.150974e-02
5.700000	-5.674681e-02
5.705000	-6.174197e-02
5.710000	-6.647006e-02
5.715000	-7.087840e-02
5.720000	-7.490356e-02
5.725000	-7.853761e-02
5.730000	-8.189682e-02
5.735000	-8.529108e-02
5.740000	-8.914430e-02
5.745000	-9.364251e-02
5.750000	-9.828582e-02
5.755000	-1.015527e-01
5.760000	-1.007831e-01
5.765000	-9.243551e-02
5.770000	-7.317011e-02
5.775000	-4.153504e-02
5.780000	9.075165e-04
5.785000	4.876065e-02
5.790000	9.396331e-02
5.795000	1.277170e-01
5.800000	1.429670e-01
5.805000	1.374671e-01
5.810000	1.151073e-01
5.815000	8.391844e-02
5.820000	5.237436e-02
5.825000	2.658319e-02
5.830000	9.888016e-03
5.835000	3.189035e-03
5.840000	5.673573e-03
5.845000	1.533724e-02
5.850000	2.993389e-02
5.855000	4.731489e-02
5.860000	6.521863e-02
5.865000	8.173264e-02
5.870000	9.587942e-02
5.875000	1.077857e-01
5.880000	1.178957e-01
5.885000	1.261156e-01
5.890000	1.314855e-01
5.895000	1.323458e-01
5.900000	1.271459e-01
5.905000	1.156659e-01
5.910000	9.957406e-02
5.915000	8.132129e-02
5.920000	6.307230e-02
5.925000	4.600276e-02
5.930000	3.008679e-02
5.935000	1.470049e-02
5.940000	-5.437768e-04
5.945000	-1.512486e-02
5.950000	-2.722600e-02
5.955000	-3.391846e-02
5.960000	-3.187379e-02
5.965000	-1.839205e-02
5.970000	7.107569e-03
5.975000	4.195145e-02
5.980000	7.909034e-02
5.985000	1.080835e-01
5.990000	1.200338e-01
5.995000	1.129743e-01
6.000000	9.216763e-02
6.005000	6.527221e-02
6.010000	3.818137e-02
6.015000	1.443808e-02
6.020000	-4.046927e-03
6.025000	-1.632233e-02
6.030000	-2.209542e-02
6.035000	-2.217785e-02
6.040000	-1.900898e-02
6.045000	-1.564613e-02
6.050000	-1.455516e-02
6.055000	-1.665738e-02
6.060000	-2.086339e-02
6.065000	-2.503564e-02
6.070000	-2.733076e-02
6.075000	-2.710213e-02
6.080000	-2.461329e-02
6.085000	-2.051132e-02
6.090000	-1.552346e-02
6.095000	-1.033355e-02
6.100000	-5.571465e-03
6.105000	-1.760235e-03
6.110000	7.981628e-04
6.115000	2.100098e-03
6.120000	2.281130e-03
6.125000	1.523238e-03
6.130000	8.693179e-05
6.135000	-1.727888e-03
6.140000	-3.581605e-03
6.145000	-5.050058e-03
6.150000	-5.590109e-03
6.155000	-4.574069e-03
6.160000	-1.476423e-03
6.165000	3.724048e-03
6.170000	1.018974e-02
6.175000	1.652465e-02
6.180000	2.125157e-02
6.185000	2.333150e-02
6.190000	2.258646e-02
6.195000	1.946443e-02
6.200000	1.482336e-02
6.205000	9.866284e-03
6.210000	5.879272e-03
6.215000	3.941114e-03
6.220000	4.544746e-03
6.225000	7.348291e-03
6.230000	1.165942e-02
6.235000	1.693033e-02
6.240000	2.295217e-02
6.245000	2.979001e-02
6.250000	3.752387e-02
6.255000	4.587382e-02
6.260000	5.380876e-02
6.265000	5.945066e-02
6.270000	6.074471e-02
6.275000	5.671081e-02
6.280000	4.849584e-02
6.285000	3.883060e-02
6.290000	3.108154e-02
6.295000	2.838130e-02
6.300000	3.245411e-02
6.305000	4.267589e-02
6.310000	5.683876e-02
6.315000	7.205992e-02
6.320000	8.527009e-02
6.325000	9.361782e-02
6.330000	9.511413e-02
6.335000	8.928018e-02
6.340000	7.696957e-02
6.345000	6.006533e-02
6.350000	4.053772e-02
6.355000	1.973841e-02
6.360000	-1.701536e-03
6.365000	-2.360277e-02
6.370000	-4.581854e-02
6.375000	-6.807517e-02
6.380000	-8.987806e-02
6.385000	-1.105337e-01
6.390000	-1.295438e-01
6.395000	-1.468857e-01
6.400000	-1.622359e-01
6.405000	-1.742851e-01
6.410000	-1.806554e-01
6.415000	-1.790457e-01
6.420000	-1.686960e-01
6.425000	-1.502160e-01
6.430000	-1.253865e-01
6.435000	-9.659869e-02
6.440000	-6.667198e-02
6.445000	-3.909578e-02
6.450000	-1.789889e-02
6.455000	-6.886902e-03
6.460000	-8.616535e-03
6.465000	-2.406351e-02
6.470000	-5.216538e-02
6.475000	-9.043774e-02
6.480000	-1.352269e-01
6.485000	-1.820868e-01
6.490000	-2.257472e-01
6.495000	-2.600377e-01
6.500000	-2.781786e-01
6.505000	-2.731190e-01
6.510000	-2.395403e-01
6.515000	-1.759410e-01
6.520000	-8.622826e-02
6.525000	1.984229e-02
6.530000	1.273274e-01
6.535000	2.175187e-01
6.540000	2.750886e-01
6.545000	2.982697e-01
6.550000	2.987399e-01
6.555000	2.892619e-01
6.560000	2.730120e-01
6.565000	2.446911e-01
6.570000	1.994715e-01
6.575000	1.412114e-01
6.580000	8.209146e-02
6.585000	3.338491e-02
6.590000	-6.045847e-04
6.595000	-1.922598e-02
6.600000	-2.143657e-02
6.605000	-5.509578e-03
6.610000	2.883124e-02
6.615000	7.844715e-02
6.620000	1.371276e-01
6.625000	1.975377e-01
6.630000	2.525176e-01
6.635000	2.951791e-01
6.640000	3.198696e-01
6.645000	3.249189e-01
6.650000	3.132995e-01
6.655000	2.904597e-01
6.660000	2.627203e-01
6.665000	2.357298e-01
6.670000	2.135501e-01
6.675000	1.980302e-01
6.680000	1.881006e-01
6.685000	1.795700e-01
6.690000	1.671506e-01
6.695000	1.472304e-01
6.700000	1.197111e-01
6.705000	8.679957e-02
6.710000	5.121916e-02
6.715000	1.523348e-02
6.720000	-1.959321e-02
6.725000	-5.225493e-02
6.730000	-8.215153e-02
6.735000	-1.090804e-01
6.740000	-1.335000e-01
6.745000	-1.567706e-01
6.750000	-1.803803e-01
6.755000	-2.050014e-01
6.760000	-2.299913e-01
6.765000	-2.535415e-01
6.770000	-2.734015e-01
6.775000	-2.874825e-01
6.780000	-2.943427e-01
6.785000	-2.934433e-01
6.790000	-2.849137e-01
6.795000	-2.692452e-01
6.800000	-2.465655e-01
6.805000	-2.166750e-01
6.810000	-1.801254e-01
6.815000	-1.402056e-01
6.820000	-1.042955e-01
6.825000	-8.182319e-02
6.830000	-8.055783e-02
6.835000	-1.031348e-01
6.840000	-1.452145e-01
6.845000	-1.968945e-01
6.850000	-2.463745e-01
6.855000	-2.835754e-01
6.860000	-3.030662e-01
6.865000	-3.042767e-01
6.870000	-2.898975e-01
6.875000	-2.646090e-01
6.880000	-2.330196e-01
6.885000	-1.990085e-01
6.890000	-1.680989e-01
6.895000	-1.491186e-01
6.900000	-1.505187e-01
6.905000	-1.746482e-01
6.910000	-2.142786e-01
6.915000	-2.528295e-01
6.920000	-2.684408e-01
6.925000	-2.424108e-01
6.930000	-1.689825e-01
6.935000	-6.214253e-02
6.940000	4.402994e-02
6.945000	1.109482e-01
6.950000	1.219385e-01
6.955000	9.424172e-02
6.960000	6.227130e-02
6.965000	4.998612e-02
6.970000	6.001353e-02
6.975000	8.206081e-02
6.980000	1.043384e-01
6.985000	1.191188e-01
6.990000	1.231587e-01
6.995000	1.170393e-01
7.000000	1.047990e-01
7.005000	9.320692e-02
7.010000	8.902839e-02
7.015000	9.623950e-02
7.020000	1.152979e-01
7.025000	1.430282e-01
7.030000	1.735278e-01
7.035000	1.996297e-01
7.040000	2.155598e-01
7.045000	2.195787e-01
7.050000	2.139588e-01
7.055000	2.028088e-01
7.060000	1.901489e-01
7.065000	1.788684e-01
7.070000	1.702885e-01
7.075000	1.638887e-01
7.080000	1.576988e-01
7.085000	1.497483e-01
7.090000	1.395584e-01
7.095000	1.280783e-01
7.100000	1.170983e-01
7.105000	1.086480e-01
7.110000	1.041080e-01
7.115000	1.035281e-01
7.120000	1.059582e-01
7.125000	1.098776e-01
7.130000	1.133678e-01
7.135000	1.141275e-01
7.140000	1.097779e-01
7.145000	9.850164e-02
7.150000	7.989107e-02
7.155000	5.462393e-02
7.160000	2.442022e-02
7.165000	-7.633085e-03
7.170000	-3.766010e-02
7.175000	-6.184581e-02
7.180000	-7.759985e-02
7.185000	-8.473447e-02
7.190000	-8.557562e-02
7.195000	-8.459743e-02
7.200000	-8.669849e-02
7.205000	-9.498440e-02
7.210000	-1.091545e-01
7.215000	-1.257150e-01
7.220000	-1.387853e-01
7.225000	-1.413157e-01
7.230000	-1.272664e-01
7.235000	-9.406812e-02
7.240000	-4.295475e-02
7.245000	2.059929e-02
7.250000	8.633414e-02
7.255000	1.391328e-01
7.260000	1.622734e-01
7.265000	1.467540e-01
7.270000	1.005548e-01
7.275000	4.458179e-02
7.280000	-2.047894e-03
7.285000	-3.180186e-02
7.290000	-4.728400e-02
7.295000	-5.468457e-02
7.300000	-5.833272e-02
7.305000	-5.944108e-02
7.310000	-5.702431e-02
7.315000	-4.996277e-02
7.320000	-3.906993e-02
7.325000	-2.676305e-02
7.330000	-1.611208e-02
7.335000	-9.872730e-03
7.340000	-9.580217e-03
7.345000	-1.536010e-02
7.350000	-2.589797e-02
7.355000	-3.913247e-02
7.360000	-5.284853e-02
7.365000	-6.491654e-02
7.370000	-7.345167e-02
7.375000	-7.715502e-02
7.380000	-7.580819e-02
7.385000	-7.055335e-02
7.390000	-6.398147e-02
7.395000	-5.915474e-02
7.400000	-5.837874e-02
7.405000	-6.194976e-02
7.410000	-6.745585e-02
7.415000	-7.104419e-02
7.420000	-6.971741e-02
7.425000	-6.357261e-02
7.430000	-5.463677e-02
7.435000	-4.524508e-02
7.440000	-3.873204e-02
7.445000	-3.960092e-02
7.450000	-4.998983e-02
7.455000	-6.616603e-02
7.460000	-8.079614e-02
7.465000	-8.830543e-02
7.470000	-8.657868e-02
7.475000	-7.759313e-02
7.480000	-6.731821e-02
7.485000	-6.182617e-02
7.490000	-6.329712e-02
7.495000	-6.980535e-02
7.500000	-7.792340e-02
7.505000	-8.510061e-02
7.510000	-9.003477e-02
7.515000	-9.241347e-02
7.520000	-9.265268e-02
7.525000	-9.184944e-02
7.530000	-9.133563e-02
7.535000	-9.103385e-02
7.540000	-9.008501e-02
7.545000	-8.812508e-02
7.550000	-8.540225e-02
7.555000	-8.261155e-02
7.560000	-8.070366e-02
7.565000	-8.063156e-02
7.570000	-8.294862e-02
7.575000	-8.722384e-02
7.580000	-9.177601e-02
7.585000	-9.496313e-02
7.590000	-9.638636e-02
7.595000	-9.645886e-02
7.600000	-9.554607e-02
7.605000	-9.356691e-02
7.610000	-9.055713e-02
7.615000	-8.742224e-02
7.620000	-8.608640e-02
7.625000	-8.894439e-02
7.630000	-9.648453e-02
7.635000	-1.054970e-01
7.640000	-1.111473e-01
7.645000	-1.103474e-01
7.650000	-1.041678e-01
7.655000	-9.650308e-02
7.660000	-9.031835e-02
7.665000	-8.531651e-02
7.670000	-8.148674e-02
7.675000	-8.179554e-02
7.680000	-8.712885e-02
7.685000	-9.317902e-02
7.690000	-9.367540e-02
7.695000	-8.526529e-02
7.700000	-7.121374e-02
7.705000	-5.974447e-02
7.710000	-5.726380e-02
7.715000	-6.228778e-02
7.720000	-6.647723e-02
7.725000	-6.162901e-02
7.730000	-4.643654e-02
7.735000	-2.630542e-02
7.740000	-7.229459e-03
7.745000	7.629076e-03
7.750000	1.758301e-02
7.755000	2.341533e-02
7.760000	2.665600e-02
7.765000	2.902110e-02
7.770000	3.162474e-02
7.775000	3.446795e-02
7.780000	3.664056e-02
7.785000	3.682071e-02
7.790000	3.443933e-02
7.795000	3.184251e-02
7.800000	3.332403e-02
7.805000	4.121703e-02
7.810000	5.429552e-02
7.815000	6.942876e-02
7.820000	8.363332e-02
7.825000	9.583253e-02
7.830000	1.075372e-01
7.835000	1.203879e-01
7.840000	1.335177e-01
7.845000	1.441572e-01
7.850000	1.507870e-01
7.855000	1.555671e-01
7.860000	1.618068e-01
7.865000	1.709467e-01
7.870000	1.821065e-01
7.875000	1.927770e-01
7.880000	2.008669e-01
7.885000	2.063765e-01
7.890000	2.103764e-01
7.895000	2.137666e-01
7.900000	2.179266e-01
7.905000	2.247864e-01
7.910000	2.338564e-01
7.915000	2.425373e-01
7.920000	2.496373e-01
7.925000	2.565465e-01
7.930000	2.653166e-01
7.935000	2.759968e-01
7.940000	2.849672e-01
7.945000	2.868270e-01
7.950000	2.773277e-01
7.955000	2.545083e-01
7.960000	2.179990e-01
7.965000	1.693983e-01
7.970000	1.144789e-01
7.975000	6.245933e-02
7.980000	2.035464e-02
7.985000	-1.010331e-02
7.990000	-3.038822e-02
7.995000	-4.281724e-02
8.000000	-4.942522e-02
8.005000	-5.206156e-02
8.010000	-5.297645e-02
8.015000	-5.450292e-02
8.020000	-5.854672e-02
8.025000	-6.617007e-02
8.030000	-7.695190e-02
8.035000	-8.860751e-02
8.040000	-9.787944e-02
8.045000	-1.019948e-01
8.050000	-9.980378e-02
8.055000	-9.160324e-02
8.060000	-7.894826e-02
8.065000	-6.480947e-02
8.070000	-5.307728e-02
8.075000	-4.781059e-02
8.080000	-5.211722e-02
8.085000	-6.666520e-02
8.090000	-8.929282e-02
8.095000	-1.165252e-01
8.100000	-1.448849e-01
8.105000	-1.715552e-01
8.110000	-1.946451e-01
8.115000	-2.134761e-01
8.120000	-2.287560e-01
8.125000	-2.418961e-01
8.130000	-2.543260e-01
8.135000	-2.671968e-01
8.140000	-2.811768e-01
8.145000	-2.963972e-01
8.150000	-3.123074e-01
8.155000	-3.275493e-01
8.160000	-3.399797e-01
8.165000	-3.469986e-01
8.170000	-3.461991e-01
8.175000	-3.362395e-01
8.180000	-3.179101e-01
8.185000	-2.938899e-01
8.190000	-2.683304e-01
8.195000	-2.450408e-01
8.200000	-2.260411e-01
8.205000	-2.124804e-01
8.210000	-2.056706e-01
8.215000	-2.070106e-01
8.220000	-2.158308e-01
8.225000	-2.276106e-01
8.230000	-2.369711e-01
8.235000	-2.414019e-01
8.240000	-2.420224e-01
8.245000	-2.415715e-01
8.250000	-2.428819e-01
8.255000	-2.485918e-01
8.260000	-2.597322e-01
8.265000	-2.758719e-01
8.270000	-2.956426e-01
8.275000	-3.167533e-01
8.280000	-3.354744e-01
8.285000	-3.452140e-01
8.290000	-3.359657e-01
8.295000	-2.969964e-01
8.300000	-2.247884e-01
8.305000	-1.276678e-01
8.310000	-2.242400e-02
8.315000	7.151601e-02
8.320000	1.378732e-01
8.325000	1.690839e-01
8.330000	1.675940e-01
8.335000	1.412550e-01
8.340000	9.684611e-02
8.345000	3.765745e-02
8.350000	-3.186163e-02
8.355000	-9.928602e-02
8.360000	-1.412060e-01
8.365000	-1.324062e-01
8.370000	-7.072267e-02
8.375000	1.381859e-02
8.380000	8.309412e-02
8.385000	1.174929e-01
8.390000	1.214127e-01
8.395000	1.135336e-01
8.400000	1.132330e-01
8.405000	1.255630e-01
8.410000	1.412024e-01
8.415000	1.532630e-01
8.420000	1.636625e-01
8.425000	1.740728e-01
8.430000	1.827723e-01
8.435000	1.905131e-01
8.440000	2.024728e-01
8.445000	2.197527e-01
8.450000	2.334426e-01
8.455000	2.367833e-01
8.460000	2.338631e-01
8.465000	2.289935e-01
8.470000	2.213134e-01
8.475000	2.101345e-01
8.480000	1.987843e-01
8.485000	1.936134e-01
8.490000	1.970032e-01
8.495000	2.012634e-01
8.500000	1.948633e-01
8.505000	1.770632e-01
8.510000	1.596231e-01
8.515000	1.542532e-01
8.520000	1.628728e-01
8.525000	1.788825e-01
8.530000	1.922122e-01
8.535000	1.987326e-01
8.540000	2.056623e-01
8.545000	2.207923e-01
8.550000	2.398621e-01
8.555000	2.504133e-01
8.560000	2.464034e-01
8.565000	2.307427e-01
8.570000	2.156826e-01
8.575000	2.197925e-01
8.580000	2.499923e-01
8.585000	2.880423e-01
8.590000	3.037629e-01
8.595000	2.855040e-01
8.600000	2.517543e-01
8.605000	2.262137e-01
8.610000	2.103839e-01
8.615000	1.914840e-01
8.620000	1.615144e-01
8.625000	1.263841e-01
8.630000	1.014540e-01
8.635000	9.698389e-02
8.640000	1.083938e-01
8.645000	1.208730e-01
8.650000	1.237831e-01
8.655000	1.197928e-01
8.660000	1.179829e-01
8.665000	1.213425e-01
8.670000	1.264526e-01
8.675000	1.306027e-01
8.680000	1.326930e-01
8.685000	1.319026e-01
8.690000	1.268129e-01
8.695000	1.155129e-01
8.700000	9.830619e-02
8.705000	7.966484e-02
8.710000	6.445604e-02
8.715000	5.343280e-02
8.720000	4.390897e-02
8.725000	3.411048e-02
8.730000	2.438865e-02
8.735000	1.635124e-02
8.740000	1.134938e-02
8.745000	9.881089e-03
8.750000	1.138615e-02
8.755000	1.336692e-02
8.760000	1.120621e-02
8.765000	2.067917e-03
8.770000	-1.297863e-02
8.775000	-3.156397e-02
8.780000	-5.179779e-02
8.785000	-7.055821e-02
8.790000	-8.493720e-02
8.795000	-9.443810e-02
8.800000	-1.006892e-01
8.805000	-1.062990e-01
8.810000	-1.135690e-01
8.815000	-1.246794e-01
8.820000	-1.381095e-01
8.825000	-1.469497e-01
8.830000	-1.469700e-01
8.835000	-1.420405e-01
8.840000	-1.394007e-01
8.845000	-1.436805e-01
8.850000	-1.549408e-01
8.855000	-1.683311e-01
8.860000	-1.762818e-01
8.865000	-1.734421e-01
8.870000	-1.585730e-01
8.875000	-1.331736e-01
8.880000	-9.786958e-02
8.885000	-5.153014e-02
8.890000	3.037681e-03
8.895000	5.717668e-02
8.900000	1.015054e-01
8.905000	1.311463e-01
8.910000	1.456863e-01
8.915000	1.472573e-01
8.920000	1.399473e-01
8.925000	1.295874e-01
8.930000	1.217371e-01
8.935000	1.212074e-01
8.940000	1.313470e-01
8.945000	1.510874e-01
8.950000	1.756170e-01
8.955000	2.010991e-01
8.960000	2.242492e-01
8.965000	2.410879e-01
8.970000	2.504280e-01
8.975000	2.563780e-01
8.980000	2.625082e-01
8.985000	2.670880e-01
8.990000	2.664083e-01
8.995000	2.567389e-01
9.000000	2.377892e-01
9.005000	2.141385e-01
9.010000	1.913689e-01
9.015000	1.726788e-01
9.020000	1.602489e-01
9.025000	1.560885e-01
9.030000	1.583087e-01
9.035000	1.609290e-01
9.040000	1.596593e-01
9.045000	1.549385e-01
9.050000	1.489189e-01
9.055000	1.422487e-01
9.060000	1.349691e-01
9.065000	1.280887e-01
9.070000	1.228090e-01
9.075000	1.191689e-01
9.080000	1.152292e-01
9.085000	1.082688e-01
9.090000	9.801120e-02
9.095000	8.888490e-02
9.100000	8.722711e-02
9.105000	9.541673e-02
9.110000	1.091891e-01
9.115000	1.197594e-01
9.120000	1.196203e-01
9.125000	1.070295e-01
9.130000	8.305337e-02
9.135000	4.823205e-02
9.140000	3.848774e-03
9.145000	-4.545269e-02
9.150000	-9.205113e-02
9.155000	-1.296101e-01
9.160000	-1.571199e-01
9.165000	-1.770904e-01
9.170000	-1.906201e-01
9.175000	-1.991010e-01
9.180000	-2.069708e-01
9.185000	-2.184111e-01
9.190000	-2.339209e-01
9.195000	-2.530923e-01
9.200000	-2.789822e-01
9.205000	-3.135318e-01
9.210000	-3.490021e-01
9.215000	-3.714831e-01
9.220000	-3.721740e-01
9.225000	-3.493445e-01
9.230000	-3.061255e-01
9.235000	-2.491764e-01
9.240000	-1.863971e-01
9.245000	-1.255664e-01
9.250000	-7.353871e-02
9.255000	-3.438913e-02
9.260000	-8.018108e-03
9.265000	6.621279e-03
9.270000	1.021855e-02
9.275000	7.824862e-03
9.280000	7.335862e-03
9.285000	1.236203e-02
9.290000	2.057495e-02
9.295000	2.667421e-02
9.300000	2.792118e-02
9.305000	2.767530e-02
9.310000	3.028725e-02
9.315000	3.522847e-02
9.320000	3.852845e-02
9.325000	3.840054e-02
9.330000	3.651957e-02
9.335000	3.472169e-02
9.340000	3.422668e-02
9.345000	3.479370e-02
9.350000	3.604271e-02
9.355000	3.843790e-02
9.360000	4.124693e-02
9.365000	4.301987e-02
9.370000	4.274301e-02
9.375000	3.929912e-02
9.380000	3.080927e-02
9.385000	1.521631e-02
9.390000	-6.899046e-03
9.395000	-3.147977e-02
9.400000	-5.289004e-02
9.405000	-6.247037e-02
9.410000	-5.057393e-02
9.415000	-2.100017e-02
9.420000	8.395577e-03
9.425000	2.865584e-02
9.430000	4.356380e-02
9.435000	5.404428e-02
9.440000	5.953827e-02
9.445000	6.408411e-02
9.450000	7.128499e-02
9.455000	8.450102e-02
9.460000	1.024949e-01
9.465000	1.178751e-01
9.470000	1.256651e-01
9.475000	1.268756e-01
9.480000	1.300454e-01
9.485000	1.532849e-01
9.490000	2.137646e-01
9.495000	3.020654e-01
9.500000	3.674971e-01
9.505000	3.477987e-01
9.510000	2.327910e-01
9.515000	7.789510e-02
9.520000	-5.522520e-02
9.525000	-1.410307e-01
9.530000	-1.808117e-01
9.535000	-1.797435e-01
9.540000	-1.354950e-01
9.545000	-4.278192e-02
9.550000	8.556619e-02
9.555000	2.111145e-01
9.560000	2.877660e-01
9.565000	2.879471e-01
9.570000	2.311285e-01
9.575000	1.666888e-01
9.580000	1.287889e-01
9.585000	1.216085e-01
9.590000	1.289187e-01
9.595000	1.338995e-01
9.600000	1.336201e-01
9.605000	1.264191e-01
9.610000	1.061798e-01
9.615000	7.567543e-02
9.620000	4.599891e-02
9.625000	2.620831e-02
9.630000	1.663166e-02
9.635000	1.114226e-02
9.640000	7.001778e-03
9.645000	3.447187e-03
9.650000	-1.050104e-03
9.655000	-4.504574e-03
9.660000	-4.810505e-03
9.665000	-3.696966e-03
9.670000	-8.841520e-03
9.675000	-2.914493e-02
9.680000	-6.048724e-02
9.685000	-8.881054e-02
9.690000	-1.076090e-01
9.695000	-1.216295e-01
9.700000	-1.401287e-01
9.705000	-1.720189e-01
9.710000	-2.208281e-01
9.715000	-2.800494e-01
9.720000	-3.367194e-01
9.725000	-3.790296e-01
9.730000	-3.989201e-01
9.735000	-3.943116e-01
9.740000	-3.711622e-01
9.745000	-3.399226e-01
9.750000	-3.099128e-01
9.755000	-2.864842e-01
9.760000	-2.697843e-01
9.765000	-2.559631e-01
9.770000	-2.410033e-01
9.775000	-2.238032e-01
9.780000	-2.049134e-01
9.785000	-1.847031e-01
9.790000	-1.651932e-01
9.795000	-1.513331e-01
9.800000	-1.477430e-01
9.805000	-1.544725e-01
9.810000	-1.649826e-01
9.815000	-1.682229e-01
9.820000	-1.566831e-01
9.825000	-1.337730e-01
9.830000	-1.106131e-01
9.835000	-9.661903e-02
9.840000	-9.313383e-02
9.845000	-9.490727e-02
9.850000	-9.782409e-02
9.855000	-1.029819e-01
9.860000	-1.128617e-01
9.865000	-1.269814e-01
9.870000	-1.439612e-01
9.875000	-1.635216e-01
9.880000	-1.839216e-01
9.885000	-2.009414e-01
9.890000	-2.108117e-01
9.895000	-2.130121e-01
9.900000	-2.094424e-01
9.905000	-2.026526e-01
9.910000	-1.944327e-01
9.915000	-1.870136e-01
9.920000	-1.848236e-01
9.925000	-1.948521e-01
9.930000	-2.237219e-01
9.935000	-2.734217e-01
9.940000	-3.383620e-01
9.945000	-4.025522e-01
9.950000	-4.389137e-01
9.955000	-4.178557e-01
9.960000	-3.252480e-01
9.965000	-1.788873e-01
9.970000	-2.744831e-02
9.975000	8.136459e-02
9.980000	1.330940e-01
9.985000	1.439156e-01
9.990000	1.367158e-01
9.995000	1.256973e-01
10.000000	1.163772e-01
10.005000	1.098675e-01
10.010000	1.047874e-01
10.015000	9.900809e-02
10.020000	9.129608e-02
10.025000	8.212151e-02
10.030000	7.351040e-02
10.035000	6.714589e-02
10.040000	6.268381e-02
10.045000	5.872293e-02
10.050000	5.452385e-02
10.055000	5.093023e-02
10.060000	4.921206e-02
10.065000	4.963635e-02
10.070000	5.161424e-02
10.075000	5.416576e-02
10.080000	5.626669e-02
10.085000	5.708679e-02
10.090000	5.624279e-02
10.095000	5.413610e-02
10.100000	5.202707e-02
10.105000	5.073225e-02
10.110000	4.945532e-02
10.115000	4.559971e-02
10.120000	3.606186e-02
10.125000	1.960905e-02
10.130000	-1.021347e-03
10.135000	-1.581108e-02
10.140000	-1.753542e-02
10.145000	-1.147539e-02
10.150000	-4.565917e-03
10.155000	6.206146e-03
10.160000	2.180144e-02
10.165000	3.119088e-02
10.170000	2.640101e-02
10.175000	1.295439e-02
10.180000	-1.587961e-03
10.185000	-1.435963e-02
10.190000	-2.061514e-02
10.195000	-1.506313e-02
10.200000	-1.714509e-03
10.205000	1.219969e-02
10.210000	2.631424e-02
10.215000	4.406374e-02
10.220000	6.524636e-02
10.225000	8.724617e-02
10.230000	1.084210e-01
10.235000	1.264931e-01
10.240000	1.349634e-01
10.245000	1.288723e-01
10.250000	1.115223e-01
10.255000	9.062240e-02
10.260000	7.350328e-02
10.265000	6.567826e-02
10.270000	6.858799e-02
10.275000	8.088331e-02
10.280000	1.006120e-01
10.285000	1.259121e-01
10.290000	1.535116e-01
10.295000	1.779922e-01
10.300000	1.969119e-01
10.305000	2.161622e-01
10.310000	2.486916e-01
10.315000	3.036330e-01
10.320000	3.760028e-01
10.325000	4.507822e-01
10.330000	5.160021e-01
10.335000	5.668931e-01
10.340000	5.988536e-01
10.345000	6.074336e-01
10.350000	5.918645e-01
10.355000	5.548760e-01
10.360000	5.017269e-01
10.365000	4.405558e-01
10.370000	3.806167e-01
10.375000	3.276667e-01
10.380000	2.824074e-01
10.385000	2.441268e-01
10.390000	2.139574e-01
10.395000	1.932878e-01
10.400000	1.808483e-01
10.405000	1.731869e-01
10.410000	1.682976e-01
10.415000	1.658071e-01
10.420000	1.637978e-01
10.425000	1.583472e-01
10.430000	1.469080e-01
10.435000	1.312078e-01
10.440000	1.153785e-01
10.445000	1.027178e-01
10.450000	9.364950e-02
10.455000	8.629319e-02
10.460000	7.785992e-02
10.465000	6.528650e-02
10.470000	4.621029e-02
10.475000	2.128987e-02
10.480000	-4.106967e-03
10.485000	-2.298502e-02
10.490000	-3.245247e-02
10.495000	-3.583801e-02
10.500000	-3.883532e-02
10.505000	-4.532373e-02
10.510000	-5.654897e-02
10.515000	-7.122556e-02
10.520000	-8.622697e-02
10.525000	-9.944723e-02
10.530000	-1.124696e-01
10.535000	-1.293402e-01
10.540000	-1.517495e-01
10.545000	-1.778601e-01
10.550000	-2.050496e-01
10.555000	-2.319115e-01
10.560000	-2.558012e-01
10.565000	-2.714103e-01
10.570000	-2.760602e-01
10.575000	-2.717205e-01
10.580000	-2.591305e-01
10.585000	-2.384003e-01
10.590000	-2.145003e-01
10.595000	-1.922806e-01
10.600000	-1.723705e-01
10.605000	-1.539401e-01
10.610000	-1.356300e-01
10.615000	-1.188799e-01
10.620000	-1.097596e-01
10.625000	-1.125394e-01
10.630000	-1.235490e-01
10.635000	-1.367395e-01
10.640000	-1.516592e-01
10.645000	-1.702387e-01
10.650000	-1.906583e-01
10.655000	-2.077386e-01
10.660000	-2.220784e-01
10.665000	-2.437281e-01
10.670000	-2.803078e-01
10.675000	-3.228889e-01
10.680000	-3.489093e-01
10.685000	-3.406290e-01
10.690000	-2.991997e-01
10.695000	-2.411800e-01
10.700000	-1.837102e-01
10.705000	-1.360798e-01
10.710000	-1.030797e-01
10.715000	-8.777048e-02
10.720000	-8.939626e-02
10.725000	-1.010985e-01
10.730000	-1.139284e-01
10.735000	-1.230981e-01
10.740000	-1.302481e-01
10.745000	-1.399778e-01
10.750000	-1.552378e-01
10.755000	-1.738280e-01
10.760000	-1.866483e-01
10.765000	-1.819580e-01
10.770000	-1.561984e-01
10.775000	-1.184183e-01
10.780000	-8.227248e-02
10.785000	-5.687499e-02
10.790000	-4.433896e-02
10.795000	-4.165763e-02
10.800000	-4.321467e-02
10.805000	-4.388221e-02
10.810000	-4.123332e-02
10.815000	-3.519699e-02
10.820000	-2.694016e-02
10.825000	-1.787382e-02
10.830000	-8.877915e-03
10.835000	1.717825e-04
10.840000	1.029932e-02
10.845000	2.185465e-02
10.850000	3.342262e-02
10.855000	4.295615e-02
10.860000	4.786029e-02
10.865000	4.525772e-02
10.870000	3.459893e-02
10.875000	1.985028e-02
10.880000	7.469468e-03
10.885000	3.137988e-03
10.890000	8.499172e-03
10.895000	1.869147e-02
10.900000	2.528154e-02
10.905000	2.415875e-02
10.910000	1.848185e-02
10.915000	1.347009e-02
10.920000	1.114615e-02
10.925000	1.103230e-02
10.930000	1.210337e-02
10.935000	1.281859e-02
10.940000	1.102674e-02
10.945000	5.068212e-03
10.950000	-5.038966e-03
10.955000	-1.769486e-02
10.960000	-3.020884e-02
10.965000	-3.966967e-02
10.970000	-4.409373e-02
10.975000	-4.319565e-02
10.980000	-3.748179e-02
10.985000	-2.733461e-02
10.990000	-1.287280e-02
10.995000	5.468650e-03
11.000000	2.614938e-02
11.005000	4.668267e-02
11.010000	6.408371e-02
11.015000	7.545421e-02
11.020000	7.907541e-02
11.025000	7.550474e-02
11.030000	6.738290e-02
11.035000	5.875638e-02
11.040000	5.310246e-02
11.045000	5.165935e-02
11.050000	5.397343e-02
11.055000	5.883962e-02
11.060000	6.488575e-02
11.065000	7.084289e-02
11.070000	7.558907e-02
11.075000	7.813145e-02
11.080000	7.768374e-02
11.085000	7.400173e-02
11.090000	6.771006e-02
11.095000	5.981723e-02
11.100000	5.122955e-02
11.105000	4.255060e-02
11.110000	3.406685e-02
11.115000	2.581897e-02
11.120000	1.772728e-02
11.125000	9.691514e-03
11.130000	1.624705e-03
11.135000	-6.549585e-03
11.140000	-1.490914e-02
11.145000	-2.353415e-02
11.150000	-3.247784e-02
11.155000	-4.172600e-02
11.160000	-5.115372e-02
11.165000	-6.060765e-02
11.170000	-6.998738e-02
11.175000	-7.931355e-02
11.180000	-8.876227e-02
11.185000	-9.864037e-02
11.190000	-1.092962e-01
11.195000	-1.209270e-01
11.200000	-1.333568e-01
11.205000	-1.456961e-01
11.210000	-1.562561e-01
11.215000	-1.630562e-01
11.220000	-1.648862e-01
11.225000	-1.620160e-01
11.230000	-1.554261e-01
11.235000	-1.459062e-01
11.240000	-1.337964e-01
11.245000	-1.192859e-01
11.250000	-1.034359e-01
11.255000	-8.884975e-02
11.260000	-7.788177e-02
11.265000	-7.085237e-02
11.270000	-6.706732e-02
11.275000	-6.621921e-02
11.280000	-6.916214e-02
11.285000	-7.762859e-02
11.290000	-9.155556e-02
11.295000	-1.070145e-01
11.300000	-1.191645e-01
11.305000	-1.260043e-01
11.310000	-1.289846e-01
11.315000	-1.296747e-01
11.320000	-1.267650e-01
11.325000	-1.170546e-01
11.330000	-9.934307e-02
11.335000	-7.589284e-02
11.340000	-5.003623e-02
11.345000	-2.395968e-02
11.350000	6.635365e-04
11.355000	2.164480e-02
11.360000	3.666381e-02
11.365000	4.455728e-02
11.370000	4.638631e-02
11.375000	4.440782e-02
11.380000	4.086375e-02
11.385000	3.741113e-02
11.390000	3.489105e-02
11.395000	3.345846e-02
11.400000	3.315835e-02
11.405000	3.437766e-02
11.410000	3.745050e-02
11.415000	4.213889e-02
11.420000	4.781976e-02
11.425000	5.378213e-02
11.430000	5.937903e-02
11.435000	6.414363e-02
11.440000	6.790055e-02
11.445000	7.093673e-02
11.450000	7.417663e-02
11.455000	7.909005e-02
11.460000	8.654290e-02
11.465000	9.584126e-02
11.470000	1.056392e-01
11.475000	1.149698e-01
11.480000	1.228698e-01
11.485000	1.280301e-01
11.490000	1.297602e-01
11.495000	1.288608e-01
11.500000	1.269709e-01
11.505000	1.255213e-01
11.510000	1.251913e-01
11.515000	1.261027e-01
11.520000	1.282027e-01
11.525000	1.315319e-01
11.530000	1.362620e-01
11.535000	1.425021e-01
11.540000	1.499721e-01
11.545000	1.574322e-01
11.550000	1.625123e-01
11.555000	1.633828e-01
11.560000	1.603330e-01
11.565000	1.556228e-01
11.570000	1.525729e-01
11.575000	1.538832e-01
11.580000	1.600833e-01
11.585000	1.696633e-01
11.590000	1.798035e-01
11.595000	1.879144e-01
11.600000	1.928946e-01
11.605000	1.944242e-01
11.610000	1.920146e-01
11.615000	1.846647e-01
11.620000	1.711553e-01
11.625000	1.511052e-01
11.630000	1.267256e-01
11.635000	1.036858e-01
11.640000	8.748000e-02
11.645000	7.948468e-02
11.650000	7.718586e-02
11.655000	7.724293e-02
11.660000	7.793111e-02
11.665000	7.903610e-02
11.670000	8.070426e-02
11.675000	8.254867e-02
11.680000	8.429985e-02
11.685000	8.644048e-02
11.690000	8.904768e-02
11.695000	9.090875e-02
11.700000	9.120396e-02
11.705000	9.107591e-02
11.710000	9.214709e-02
11.715000	9.477335e-02
11.720000	9.840555e-02
11.725000	1.025074e-01
11.730000	1.070876e-01
11.735000	1.125478e-01
11.740000	1.190579e-01
11.745000	1.261880e-01
11.750000	1.331082e-01
11.755000	1.389588e-01
11.760000	1.432991e-01
11.765000	1.464387e-01
11.770000	1.490990e-01
11.775000	1.519892e-01
11.780000	1.554695e-01
11.785000	1.594895e-01
11.790000	1.636799e-01
11.795000	1.673103e-01
11.800000	1.693108e-01
11.805000	1.684106e-01
11.810000	1.634512e-01
11.815000	1.540713e-01
11.820000	1.412020e-01
11.825000	1.264419e-01
11.830000	1.113524e-01
11.835000	9.708783e-02
11.840000	8.414233e-02
11.845000	7.262357e-02
11.850000	6.247812e-02
11.855000	5.353183e-02
11.860000	4.546739e-02
11.865000	3.793011e-02
11.870000	3.060664e-02
11.875000	2.318348e-02
11.880000	1.529505e-02
11.885000	6.488183e-03
11.890000	-3.696808e-03
11.895000	-1.553383e-02
11.900000	-2.874525e-02
11.905000	-4.229650e-02
11.910000	-5.492894e-02
11.915000	-6.595650e-02
11.920000	-7.575095e-02
11.925000	-8.532100e-02
11.930000	-9.561047e-02
11.935000	-1.070147e-01
11.940000	-1.193842e-01
11.945000	-1.321945e-01
11.950000	-1.446939e-01
11.955000	-1.560447e-01
11.960000	-1.655843e-01
11.965000	-1.731642e-01
11.970000	-1.794538e-01
11.975000	-1.856543e-01
11.980000	-1.929938e-01
11.985000	-2.024141e-01
11.990000	-2.143037e-01
11.995000	-2.281749e-01
12.000000	-2.425148e-01
12.005000	-2.553139e-01
12.010000	-2.649338e-01
12.015000	-2.707841e-01
12.020000	-2.728840e-01
12.025000	-2.715039e-01
12.030000	-2.671840e-01
12.035000	-2.603446e-01
12.040000	-2.512645e-01
12.045000	-2.404639e-01
12.050000	-2.293340e-01
12.055000	-2.206140e-01
12.060000	-2.184239e-01
12.065000	-2.274036e-01
12.070000	-2.506034e-01
12.075000	-2.860844e-01
12.080000	-3.241849e-01
12.085000	-3.508941e-01
12.090000	-3.536252e-01
12.095000	-3.236158e-01
12.100000	-2.582572e-01
12.105000	-1.644368e-01
12.110000	-6.161764e-02
12.115000	2.494860e-02
12.120000	8.038276e-02
12.125000	1.074749e-01
12.130000	1.183250e-01
12.135000	1.230261e-01
12.140000	1.253762e-01
12.145000	1.255870e-01
12.150000	1.241571e-01
12.155000	1.228385e-01
12.160000	1.230285e-01
12.165000	1.244281e-01
12.170000	1.257282e-01
12.175000	1.257285e-01
12.180000	1.240886e-01
12.185000	1.210688e-01
12.190000	1.170889e-01
12.195000	1.124294e-01
12.200000	1.070996e-01
12.205000	1.009795e-01
12.210000	9.414673e-02
12.215000	8.709198e-02
12.220000	8.069708e-02
12.225000	7.598918e-02
12.230000	7.379924e-02
12.235000	7.427062e-02
12.240000	7.615870e-02
12.245000	7.680464e-02
12.250000	7.483575e-02
12.255000	7.232492e-02
12.260000	7.234192e-02
12.265000	7.606096e-02
12.270000	8.309197e-02
12.275000	9.251534e-02
12.280000	1.035513e-01
12.285000	1.158314e-01
12.290000	1.288614e-01
12.295000	1.415819e-01
12.300000	1.531521e-01
12.305000	1.634523e-01
12.310000	1.720525e-01
12.315000	1.794136e-01
12.320000	1.892938e-01
12.325000	2.058531e-01
12.330000	2.298035e-01
12.335000	2.578739e-01
12.340000	2.833745e-01
12.345000	2.970848e-01
12.350000	2.893359e-01
12.355000	2.537669e-01
12.360000	1.928582e-01
12.365000	1.211875e-01
12.370000	5.797038e-02
12.375000	1.359672e-02
12.380000	-1.413675e-02
12.385000	-3.276635e-02
12.390000	-4.804272e-02
12.395000	-6.344145e-02
12.400000	-8.155075e-02
12.405000	-1.039319e-01
12.410000	-1.305012e-01
12.415000	-1.593017e-01
12.420000	-1.876812e-01
12.425000	-2.136216e-01
12.430000	-2.366311e-01
12.435000	-2.571723e-01
12.440000	-2.758621e-01
12.445000	-2.929819e-01
12.450000	-3.082819e-01
12.455000	-3.211328e-01
12.460000	-3.310728e-01
12.465000	-3.382634e-01
12.470000	-3.428235e-01
12.475000	-3.441858e-01
12.480000	-3.409762e-01
12.485000	-3.316643e-01
12.490000	-3.153948e-01
12.495000	-2.920646e-01
12.500000	-2.627151e-01
12.505000	-2.301346e-01
12.510000	-1.979450e-01
12.515000	-1.694347e-01
12.520000	-1.465251e-01
12.525000	-1.284942e-01
12.530000	-1.116545e-01
12.535000	-9.257918e-02
12.540000	-7.165952e-02
12.545000	-5.327690e-02
12.550000	-4.253508e-02
12.555000	-4.104562e-02
12.560000	-4.506895e-02
12.565000	-4.756644e-02
12.570000	-4.145799e-02
12.575000	-2.251370e-02
12.580000	8.788893e-03
12.585000	4.628921e-02
12.590000	8.070488e-02
12.595000	1.058868e-01
12.600000	1.235967e-01
12.605000	1.411070e-01
12.610000	1.651167e-01
12.615000	1.964876e-01
12.620000	2.298876e-01
12.625000	2.578484e-01
12.630000	2.749489e-01
12.635000	2.790010e-01
12.640000	2.716515e-01
12.645000	2.572909e-01
12.650000	2.401614e-01
12.655000	2.218917e-01
12.660000	2.006124e-01
12.665000	1.726724e-01
12.670000	1.356430e-01
12.675000	9.186918e-02
12.680000	5.065841e-02
12.685000	2.340780e-02
12.690000	1.501076e-02
12.695000	2.167940e-02
12.700000	3.533349e-02
12.705000	4.806647e-02
12.710000	5.448877e-02
12.715000	5.322998e-02
12.720000	4.771931e-02
12.725000	4.392208e-02
12.730000	4.556622e-02
12.735000	5.242918e-02
12.740000	6.209746e-02
12.745000	7.067547e-02
12.750000	7.388093e-02
12.755000	7.068818e-02
12.760000	6.443659e-02
12.765000	5.919943e-02
12.770000	5.629681e-02
12.775000	5.445480e-02
12.780000	5.130933e-02
12.785000	4.551427e-02
12.790000	3.819973e-02
12.795000	3.123382e-02
12.800000	2.561525e-02
12.805000	2.209784e-02
12.810000	1.924243e-02
12.815000	1.163924e-02
12.820000	-7.771156e-03
12.825000	-4.406114e-02
12.830000	-9.752825e-02
12.835000	-1.612430e-01
12.840000	-2.216126e-01
12.845000	-2.639426e-01
12.850000	-2.817825e-01
12.855000	-2.816132e-01
12.860000	-2.768630e-01
12.865000	-2.783131e-01
12.870000	-2.902527e-01
12.875000	-3.118240e-01
12.880000	-3.389739e-01
12.885000	-3.649030e-01
12.890000	-3.807433e-01
12.895000	-3.786838e-01
12.900000	-3.560442e-01
12.905000	-3.175439e-01
12.910000	-2.741644e-01
12.915000	-2.378445e-01
12.920000	-2.144447e-01
12.925000	-2.014439e-01
12.930000	-1.927641e-01
12.935000	-1.838740e-01
12.940000	-1.732443e-01
12.945000	-1.619939e-01
12.950000	-1.519642e-01
12.955000	-1.438245e-01
12.960000	-1.370247e-01
12.965000	-1.303137e-01
12.970000	-1.221040e-01
12.975000	-1.107537e-01
12.980000	-9.499718e-02
12.985000	-7.446362e-02
12.990000	-4.998512e-02
12.995000	-2.360268e-02
13.000000	2.409750e-03
13.005000	2.657255e-02
13.010000	4.835721e-02
13.015000	6.776389e-02
13.020000	8.497264e-02
13.025000	1.002671e-01
13.030000	1.142770e-01
13.035000	1.280479e-01
13.040000	1.420578e-01
13.045000	1.553979e-01
13.050000	1.668779e-01
13.055000	1.761385e-01
13.060000	1.834085e-01
13.065000	1.888488e-01
13.070000	1.923690e-01
13.075000	1.935598e-01
13.080000	1.920900e-01
13.085000	1.880800e-01
13.090000	1.818203e-01
13.095000	1.733707e-01
13.100000	1.627612e-01
13.105000	1.501213e-01
13.110000	1.354817e-01
13.115000	1.187024e-01
13.120000	9.969879e-02
13.125000	7.879111e-02
13.130000	5.657556e-02
13.135000	3.374335e-02
13.140000	1.110975e-02
13.145000	-1.033947e-02
13.150000	-2.946617e-02
13.155000	-4.519049e-02
13.160000	-5.703827e-02
13.165000	-6.557837e-02
13.170000	-7.170420e-02
13.175000	-7.588042e-02
13.180000	-7.789530e-02
13.185000	-7.705740e-02
13.190000	-7.287233e-02
13.195000	-6.574962e-02
13.200000	-5.675653e-02
13.205000	-4.727630e-02
13.210000	-3.885813e-02
13.215000	-3.306604e-02
13.220000	-3.116576e-02
13.225000	-3.377660e-02
13.230000	-4.110826e-02
13.235000	-5.290628e-02
13.240000	-6.815998e-02
13.245000	-8.562688e-02
13.250000	-1.042256e-01
13.255000	-1.230558e-01
13.260000	-1.411457e-01
13.265000	-1.572359e-01
13.270000	-1.697259e-01
13.275000	-1.770369e-01
13.280000	-1.782571e-01
13.285000	-1.729763e-01
13.290000	-1.616066e-01
13.295000	-1.460265e-01
13.300000	-1.290567e-01
13.305000	-1.137763e-01
13.310000	-1.030164e-01
13.315000	-9.864220e-02
13.320000	-1.007262e-01
13.325000	-1.080757e-01
13.330000	-1.184358e-01
13.335000	-1.285958e-01
13.340000	-1.349961e-01
13.345000	-1.348660e-01
13.350000	-1.271265e-01
13.355000	-1.119666e-01
13.360000	-9.069015e-02
13.365000	-6.600745e-02
13.370000	-4.125783e-02
13.375000	-1.959331e-02
13.380000	-3.218353e-03
13.385000	7.305632e-03
13.390000	1.310679e-02
13.395000	1.687926e-02
13.400000	2.211392e-02
13.405000	3.210631e-02
13.410000	4.889591e-02
13.415000	7.181749e-02
13.420000	9.669730e-02
13.425000	1.181250e-01
13.430000	1.320551e-01
13.435000	1.367666e-01
13.440000	1.331666e-01
13.445000	1.243962e-01
13.450000	1.150161e-01
13.455000	1.090964e-01
13.460000	1.084962e-01
13.465000	1.128063e-01
13.470000	1.198763e-01
13.475000	1.271867e-01
13.480000	1.330368e-01
13.485000	1.365169e-01
13.490000	1.371970e-01
13.495000	1.350373e-01
13.500000	1.302675e-01
13.505000	1.235276e-01
13.510000	1.162177e-01
13.515000	1.107982e-01
13.520000	1.105582e-01
13.525000	1.174478e-01
13.530000	1.295480e-01
13.535000	1.404283e-01
13.540000	1.422486e-01
13.545000	1.316188e-01
13.550000	1.115091e-01
13.555000	8.817438e-02
13.560000	6.741359e-02
13.565000	5.210332e-02
13.570000	4.245945e-02
13.575000	3.696441e-02
13.580000	3.315654e-02
13.585000	2.872553e-02
13.590000	2.252366e-02
13.595000	1.503172e-02
13.600000	7.668173e-03
13.605000	1.719194e-03
13.610000	-2.415579e-03
13.615000	-4.953892e-03
13.620000	-6.228605e-03
13.625000	-6.380120e-03
13.630000	-5.236060e-03
13.635000	-2.422832e-03
13.640000	2.266295e-03
13.645000	8.518479e-03
13.650000	1.574560e-02
13.655000	2.338675e-02
13.660000	3.106467e-02
13.665000	3.864881e-02
13.670000	4.623873e-02
13.675000	5.410707e-02
13.680000	6.258905e-02
13.685000	7.191505e-02
13.690000	8.199900e-02
13.695000	9.227633e-02
13.700000	1.018804e-01
13.705000	1.099505e-01
13.710000	1.160205e-01
13.715000	1.203312e-01
13.720000	1.234312e-01
13.725000	1.257512e-01
13.730000	1.274014e-01
13.735000	1.281017e-01
13.740000	1.273919e-01
13.745000	1.249822e-01
13.750000	1.210724e-01
13.755000	1.160931e-01
13.760000	1.104334e-01
13.765000	1.042828e-01
13.770000	9.761808e-02
13.775000	9.037906e-02
13.780000	8.258533e-02
13.785000	7.434218e-02
13.790000	6.583747e-02
13.795000	5.735951e-02
13.800000	4.933574e-02
13.805000	4.229453e-02
13.810000	3.675775e-02
13.815000	3.297165e-02
13.820000	3.067782e-02
13.825000	2.934271e-02
13.830000	2.844589e-02
13.835000	2.759389e-02
13.840000	2.655907e-02
13.845000	2.527295e-02
13.850000	2.379212e-02
13.855000	2.227709e-02
13.860000	2.096329e-02
13.865000	2.011421e-02
13.870000	1.996037e-02
13.875000	2.056236e-02
13.880000	2.170351e-02
13.885000	2.296849e-02
13.890000	2.388170e-02
13.895000	2.402671e-02
13.900000	2.320293e-02
13.905000	2.153691e-02
13.910000	1.934110e-02
13.915000	1.693119e-02
13.920000	1.454038e-02
13.925000	1.227027e-02
13.930000	1.008945e-02
13.935000	7.844327e-03
13.940000	5.296239e-03
13.945000	2.186329e-03
13.950000	-1.638853e-03
13.955000	-6.121790e-03
13.960000	-1.103899e-02
13.965000	-1.607502e-02
13.970000	-2.084983e-02
13.975000	-2.496092e-02
13.980000	-2.804279e-02
13.985000	-2.993485e-02
13.990000	-3.082375e-02
13.995000	-3.106888e-02
14.000000	-3.100778e-02
14.005000	-3.088469e-02
14.010000	-3.083054e-02
14.015000	-3.088958e-02
14.020000	-3.105250e-02
14.025000	-3.129248e-02
14.030000	-3.158743e-02
14.035000	-3.192453e-02
14.040000	-3.227145e-02
14.045000	-3.255942e-02
14.050000	-3.266736e-02
14.055000	-3.243138e-02
14.060000	-3.167534e-02
14.065000	-3.031233e-02
14.070000	-2.842331e-02
14.075000	-2.618248e-02
14.080000	-2.376345e-02
14.085000	-2.129514e-02
14.090000	-1.885613e-02
14.095000	-1.648099e-02
14.100000	-1.418098e-02
14.105000	-1.195386e-02
14.110000	-9.780978e-03
14.115000	-7.626390e-03
14.120000	-5.414380e-03
14.125000	-3.020364e-03
14.130000	-2.752567e-04
14.135000	2.991256e-03
14.140000	6.859049e-03
14.145000	1.123454e-02
14.150000	1.594754e-02
14.155000	2.084872e-02
14.160000	2.584976e-02
14.165000	3.092180e-02
14.170000	3.605281e-02
14.175000	4.120297e-02
14.180000	4.623908e-02
14.185000	5.090513e-02
14.190000	5.484425e-02
14.195000	5.769251e-02
14.200000	5.928667e-02
14.205000	5.983567e-02
14.210000	5.970083e-02
14.215000	5.914399e-02
14.220000	5.820719e-02
14.225000	5.670322e-02
14.230000	5.432743e-02
14.235000	5.088065e-02
14.240000	4.646585e-02
14.245000	4.133565e-02
14.250000	3.573186e-02
14.255000	2.980980e-02
14.260000	2.367108e-02
14.265000	1.742198e-02
14.270000	1.121321e-02
14.275000	5.263169e-03
14.280000	-1.442332e-04
14.285000	-4.718385e-03
14.290000	-8.316879e-03
14.295000	-1.108354e-02
14.300000	-1.331236e-02
14.305000	-1.530144e-02
14.310000	-1.729525e-02
14.315000	-1.945838e-02
14.320000	-2.188120e-02
14.325000	-2.458320e-02
14.330000	-2.750298e-02
14.335000	-3.055205e-02
14.340000	-3.364884e-02
14.345000	-3.673887e-02
14.350000	-3.979666e-02
14.355000	-4.281783e-02
14.360000	-4.580968e-02
14.365000	-4.878167e-02
14.370000	-5.174853e-02
14.375000	-5.473368e-02
14.380000	-5.775959e-02
14.385000	-6.084465e-02
14.390000	-6.397455e-02
14.395000	-6.709301e-02
14.400000	-7.007398e-02
14.405000	-7.272958e-02
14.410000	-7.482055e-02
14.415000	-7.604356e-02
14.420000	-7.608856e-02
14.425000	-7.483245e-02
14.430000	-7.251348e-02
14.435000	-6.956156e-02
14.440000	-6.638160e-02
14.445000	-6.324836e-02
14.450000	-6.025842e-02
14.455000	-5.732837e-02
14.460000	-5.420945e-02
14.465000	-5.055330e-02
14.470000	-4.602440e-02
14.475000	-4.049141e-02
14.480000	-3.417348e-02
14.485000	-2.752820e-02
14.490000	-2.108326e-02
14.495000	-1.530010e-02
14.500000	-1.041916e-02
14.505000	-6.358657e-03
14.510000	-2.857701e-03
14.515000	3.590537e-04
14.520000	3.508825e-03
14.525000	6.729421e-03
14.530000	1.008831e-02
14.535000	1.360251e-02
14.540000	1.724951e-02
14.545000	2.096568e-02
14.550000	2.463469e-02
14.555000	2.807101e-02
14.560000	3.103704e-02
14.565000	3.329109e-02
14.570000	3.471715e-02
14.575000	3.543832e-02
14.580000	3.570438e-02
14.585000	3.576450e-02
14.590000	3.580554e-02
14.595000	3.593374e-02
14.600000	3.618384e-02
14.605000	3.652489e-02
14.610000	3.687499e-02
14.615000	3.710915e-02
14.620000	3.707521e-02
14.625000	3.662720e-02
14.630000	3.570025e-02
14.635000	3.436542e-02
14.640000	3.275953e-02
14.645000	3.100956e-02
14.650000	2.920471e-02
14.655000	2.739583e-02
14.660000	2.561598e-02
14.665000	2.389804e-02
14.670000	2.229811e-02
14.675000	2.089320e-02
14.680000	1.976819e-02
14.685000	1.896913e-02
14.690000	1.845418e-02
14.695000	1.814724e-02
14.700000	1.799233e-02
14.705000	1.797536e-02
14.710000	1.811542e-02
14.715000	1.842160e-02
14.720000	1.885665e-02
14.725000	1.936156e-02
14.730000	1.988461e-02
14.735000	2.040362e-02
14.740000	2.093768e-02
14.745000	2.154868e-02
14.750000	2.233677e-02
14.755000	2.340185e-02
14.760000	2.478893e-02
14.765000	2.644590e-02
14.770000	2.827698e-02
14.775000	3.019308e-02
14.780000	3.213914e-02
14.785000	3.410817e-02
14.790000	3.612023e-02
14.795000	3.819742e-02
14.800000	4.031953e-02
14.805000	4.238445e-02
14.810000	4.419957e-02
14.815000	4.548967e-02
14.820000	4.597084e-02
14.825000	4.550087e-02
14.830000	4.422002e-02
14.835000	4.240916e-02
14.840000	4.033834e-02
14.845000	3.818832e-02
14.850000	3.603152e-02
14.855000	3.385160e-02
14.860000	3.158481e-02
14.865000	2.915883e-02
14.870000	2.647500e-02
14.875000	2.340513e-02
14.880000	1.981231e-02
14.885000	1.563718e-02
14.890000	1.098743e-02
14.895000	6.047278e-03
14.900000	9.939866e-04
14.905000	-4.056654e-03
14.910000	-9.059368e-03
14.915000	-1.402933e-02
14.920000	-1.901818e-02
14.925000	-2.409120e-02
14.930000	-2.928803e-02
14.935000	-3.458312e-02
14.940000	-3.983300e-02
14.945000	-4.476208e-02
14.950000	-4.898098e-02
14.955000	-5.209431e-02
14.960000	-5.390524e-02
14.965000	-5.460115e-02
14.970000	-5.457008e-02
14.975000	-5.419414e-02
14.980000	-5.374807e-02
14.985000	-5.338305e-02
14.990000	-5.314096e-02
14.995000	-5.300411e-02
15.000000	-5.292303e-02
15.005000	-5.285992e-02
15.010000	-5.280084e-02
15.015000	-5.276590e-02
15.020000	-5.279184e-02
15.025000	-5.291085e-02
15.030000	-5.313076e-02
15.035000	-5.345309e-02
15.040000	-5.388902e-02
15.045000	-5.446567e-02
15.050000	-5.520362e-02
15.055000	-5.609255e-02
15.060000	-5.710446e-02
15.065000	-5.820134e-02
15.070000	-5.933124e-02
15.075000	-6.041825e-02
15.080000	-6.135816e-02
15.085000	-6.201700e-02
15.090000	-6.226201e-02
15.095000	-6.204606e-02
15.100000	-6.146613e-02
15.105000	-6.069008e-02
15.110000	-5.986512e-02
15.115000	-5.906129e-02
15.120000	-5.824633e-02
15.125000	-5.728308e-02
15.130000	-5.595016e-02
15.135000	-5.400708e-02
15.140000	-5.132917e-02
15.145000	-4.801306e-02
15.150000	-4.427414e-02
15.155000	-4.033112e-02
15.160000	-3.634418e-02
15.165000	-3.240600e-02
15.170000	-2.854807e-02
15.175000	-2.476193e-02
15.180000	-2.102603e-02
15.185000	-1.730890e-02
15.190000	-1.358695e-02
15.195000	-9.850837e-03
15.200000	-6.101067e-03
15.205000	-2.345309e-03
15.210000	1.412523e-03
15.215000	5.172799e-03
15.220000	8.942020e-03
15.225000	1.272849e-02
15.230000	1.653941e-02
15.235000	2.036864e-02
15.240000	2.419260e-02
15.245000	2.796175e-02
15.250000	3.160273e-02
15.255000	3.504095e-02
15.260000	3.822997e-02
15.265000	4.119713e-02
15.270000	4.400410e-02
15.275000	4.672046e-02
15.280000	4.940844e-02
15.285000	5.213347e-02
15.290000	5.496948e-02
15.295000	5.799670e-02
15.300000	6.127969e-02
15.305000	6.483083e-02
15.310000	6.860985e-02
15.315000	7.251919e-02
15.320000	7.637625e-02
15.325000	7.988234e-02
15.330000	8.264449e-02
15.335000	8.426582e-02
15.340000	8.455599e-02
15.345000	8.371224e-02
15.350000	8.213938e-02
15.355000	8.024030e-02
15.360000	7.832241e-02
15.365000	7.656763e-02
15.370000	7.503679e-02
15.375000	7.367065e-02
15.380000	7.229885e-02
15.385000	7.063971e-02
15.390000	6.833093e-02
15.395000	6.499899e-02
15.400000	6.043325e-02
15.405000	5.471905e-02
15.410000	4.804536e-02
15.415000	4.051329e-02
15.420000	3.211959e-02
15.425000	2.287544e-02
15.430000	1.297773e-02
15.435000	2.703777e-03
15.440000	-7.690278e-03
15.445000	-1.802432e-02
15.450000	-2.820305e-02
15.455000	-3.820226e-02
15.460000	-4.797001e-02
15.465000	-5.734011e-02
15.470000	-6.602389e-02
15.475000	-7.366927e-02
15.480000	-8.005008e-02
15.485000	-8.523104e-02
15.490000	-8.936394e-02
15.495000	-9.249018e-02
15.500000	-9.453110e-02
15.505000	-9.545818e-02
15.510000	-9.547814e-02
15.515000	-9.492965e-02
15.520000	-9.412762e-02
15.525000	-9.330920e-02
15.530000	-9.261417e-02
15.535000	-9.208720e-02
15.540000	-9.168516e-02
15.545000	-9.127703e-02
15.550000	-9.064305e-02
15.555000	-8.950519e-02
15.560000	-8.758321e-02
15.565000	-8.473997e-02
15.570000	-8.110304e-02
15.575000	-7.694501e-02
15.580000	-7.253410e-02
15.585000	-6.807899e-02
15.590000	-6.371407e-02
15.595000	-5.951715e-02
15.600000	-5.551921e-02
15.605000	-5.170791e-02
15.610000	-4.803495e-02
15.615000	-4.443484e-02
15.620000	-4.085886e-02
15.625000	-3.727673e-02
15.630000	-3.367578e-02
15.635000	-3.005268e-02
15.640000	-2.640777e-02
15.645000	-2.273256e-02
15.650000	-1.901864e-02
15.655000	-1.526648e-02
15.660000	-1.149657e-02
15.665000	-7.765108e-03
15.670000	-4.175634e-03
15.675000	-8.700704e-04
15.680000	2.010802e-03
15.685000	4.409191e-03
15.690000	6.409804e-03
15.695000	8.150559e-03
15.700000	9.716644e-03
15.705000	1.108819e-02
15.710000	1.214720e-02
15.715000	1.272334e-02
15.720000	1.271436e-02
15.725000	1.218445e-02
15.730000	1.128346e-02
15.735000	1.015057e-02
15.740000	8.879985e-03
15.745000	7.516661e-03
15.750000	6.107682e-03
15.755000	4.746572e-03
15.760000	3.603584e-03
15.765000	2.911642e-03
15.770000	2.907446e-03
15.775000	3.698916e-03
15.780000	5.160402e-03
15.785000	7.052184e-03
15.790000	9.154394e-03
15.795000	1.131908e-02
15.800000	1.348210e-02
15.805000	1.564216e-02
15.810000	1.781919e-02
15.815000	2.000630e-02
15.820000	2.213234e-02
15.825000	2.403142e-02
15.830000	2.546648e-02
15.835000	2.618269e-02
15.840000	2.604876e-02
15.845000	2.517772e-02
15.850000	2.377281e-02
15.855000	2.198587e-02
15.860000	1.986495e-02
15.865000	1.736998e-02
15.870000	1.448309e-02
15.875000	1.130416e-02
15.880000	8.038673e-03
15.885000	4.922175e-03
15.890000	2.166973e-03
15.895000	-1.236533e-04
15.900000	-2.005752e-03
15.905000	-3.615241e-03
15.910000	-5.080183e-03
15.915000	-6.476288e-03
15.920000	-7.813543e-03
15.925000	-9.063507e-03
15.930000	-1.019734e-02
15.935000	-1.122629e-02
15.940000	-1.220224e-02
15.945000	-1.320720e-02
15.950000	-1.434414e-02
15.955000	-1.570315e-02
15.960000	-1.732710e-02
15.965000	-1.917806e-02
15.970000	-2.118800e-02
15.975000	-2.330499e-02
15.980000	-2.551195e-02
15.985000	-2.781697e-02
15.990000	-3.022692e-02
15.995000	-3.273913e-02
16.000000	-3.531013e-02
16.005000	-3.784285e-02
16.010000	-4.016086e-02
16.015000	-4.201280e-02
16.020000	-4.311183e-02
16.025000	-4.326675e-02
16.030000	-4.248683e-02
16.035000	-4.082387e-02
16.040000	-3.823498e-02
16.045000	-3.460283e-02
16.050000	-2.990097e-02
16.055000	-2.437991e-02
16.060000	-1.842599e-02
16.065000	-1.238587e-02
16.070000	-6.474882e-03
16.075000	-7.486218e-04
16.080000	4.835028e-03
16.085000	1.032728e-02
16.090000	1.572821e-02
16.095000	2.096638e-02
16.100000	2.590233e-02
16.105000	3.037746e-02
16.110000	3.431939e-02
16.115000	3.782663e-02
16.120000	4.107961e-02
16.125000	4.422167e-02
16.130000	4.728664e-02
16.135000	5.016986e-02
16.140000	5.265686e-02
16.145000	5.449897e-02
16.150000	5.556700e-02
16.155000	5.596736e-02
16.160000	5.594542e-02
16.165000	5.573928e-02
16.170000	5.550932e-02
16.175000	5.530141e-02
16.180000	5.506050e-02
16.185000	5.465449e-02
16.190000	5.393558e-02
16.195000	5.281677e-02
16.200000	5.133787e-02
16.205000	4.960781e-02
16.210000	4.773993e-02
16.215000	4.582400e-02
16.220000	4.391610e-02
16.225000	4.204806e-02
16.230000	4.023915e-02
16.235000	3.850024e-02
16.240000	3.683033e-02
16.245000	3.519619e-02
16.250000	3.352234e-02
16.255000	3.167333e-02
16.260000	2.947049e-02
16.265000	2.673046e-02
16.270000	2.336665e-02
16.275000	1.947564e-02
16.280000	1.524680e-02
16.285000	1.086574e-02
16.290000	6.470678e-03
16.295000	2.131707e-03
16.300000	-2.138377e-03
16.305000	-6.372633e-03
16.310000	-1.062700e-02
16.315000	-1.496118e-02
16.320000	-1.940710e-02
16.325000	-2.393906e-02
16.330000	-2.844397e-02
16.335000	-3.270302e-02
16.340000	-3.641297e-02
16.345000	-3.925599e-02
16.350000	-4.106795e-02
16.355000	-4.198006e-02
16.360000	-4.229006e-02
16.365000	-4.230796e-02
16.370000	-4.228496e-02
16.375000	-4.239100e-02
16.380000	-4.271404e-02
16.385000	-4.326200e-02
16.390000	-4.395104e-02
16.395000	-4.457918e-02
16.400000	-4.480825e-02
16.405000	-4.419410e-02
16.410000	-4.228221e-02
16.415000	-3.884218e-02
16.420000	-3.407231e-02
16.425000	-2.838823e-02
16.430000	-2.219236e-02
16.435000	-1.579231e-02
16.440000	-9.411890e-03
16.445000	-3.277822e-03
16.450000	2.458092e-03
16.455000	8.003347e-03
16.460000	1.348278e-02
16.465000	1.874194e-02
16.470000	2.341590e-02
16.475000	2.706318e-02
16.480000	2.942919e-02
16.485000	3.066821e-02
16.490000	3.115719e-02
16.495000	3.126832e-02
16.500000	3.126931e-02
16.505000	3.129737e-02
16.510000	3.138437e-02
16.515000	3.150948e-02
16.520000	3.165648e-02
16.525000	3.187551e-02
16.530000	3.231050e-02
16.535000	3.318560e-02
16.540000	3.474060e-02
16.545000	3.710164e-02
16.550000	4.016459e-02
16.555000	4.371482e-02
16.560000	4.757182e-02
16.565000	5.163072e-02
16.570000	5.583477e-02
16.575000	6.009887e-02
16.580000	6.422897e-02
16.585000	6.783901e-02
16.590000	7.036014e-02
16.595000	7.113840e-02
16.600000	6.973958e-02
16.605000	6.622453e-02
16.610000	6.086476e-02
16.615000	5.388084e-02
16.620000	4.549609e-02
16.625000	3.608806e-02
16.630000	2.613423e-02
16.635000	1.614721e-02
16.640000	6.694166e-03
16.645000	-1.605666e-03
16.650000	-8.175548e-03
16.655000	-1.276001e-02
16.660000	-1.566793e-02
16.665000	-1.748703e-02
16.670000	-1.876394e-02
16.675000	-1.987307e-02
16.680000	-2.098703e-02
16.685000	-2.214106e-02
16.690000	-2.329805e-02
16.695000	-2.434314e-02
16.700000	-2.505916e-02
16.705000	-2.514921e-02
16.710000	-2.430823e-02
16.715000	-2.238336e-02
16.720000	-1.951639e-02
16.725000	-1.599632e-02
16.730000	-1.209631e-02
16.735000	-8.022796e-03
16.740000	-3.935192e-03
16.745000	1.277389e-06
16.750000	3.563061e-03
16.755000	6.462472e-03
16.760000	8.421613e-03
16.765000	9.344877e-03
16.770000	9.480267e-03
16.775000	9.300579e-03
16.780000	9.337121e-03
16.785000	1.004771e-02
16.790000	1.166194e-02
16.795000	1.406598e-02
16.800000	1.690292e-02
16.805000	1.971289e-02
16.810000	2.201987e-02
16.815000	2.342790e-02
16.820000	2.375995e-02
16.825000	2.317397e-02
16.830000	2.200004e-02
16.835000	2.055812e-02
16.840000	1.908122e-02
16.845000	1.768922e-02
16.850000	1.640930e-02
16.855000	1.520732e-02
16.860000	1.402835e-02
16.865000	1.282432e-02
16.870000	1.157235e-02
16.875000	1.028531e-02
16.880000	9.021202e-03
16.885000	7.867643e-03
16.890000	6.930914e-03
16.895000	6.295590e-03
16.900000	5.971291e-03
16.905000	5.850965e-03
16.910000	5.788669e-03
16.915000	5.689777e-03
16.920000	5.582657e-03
16.925000	5.653822e-03
16.930000	6.228796e-03
16.935000	7.685167e-03
16.940000	1.028704e-02
16.945000	1.391304e-02
16.950000	1.786101e-02
16.955000	2.110217e-02
16.960000	2.268424e-02
16.965000	2.224015e-02
16.970000	2.033423e-02
16.975000	1.805321e-02
16.980000	1.645227e-02
16.985000	1.606021e-02
16.990000	1.663524e-02
16.995000	1.763027e-02
17.000000	1.866132e-02
17.005000	1.951928e-02
17.010000	2.040533e-02
17.015000	2.186834e-02
17.020000	2.452436e-02
17.025000	2.866136e-02
17.030000	3.389942e-02
17.035000	3.937457e-02
17.040000	4.404673e-02
17.045000	4.694163e-02
17.050000	4.722382e-02
17.055000	4.442087e-02
17.060000	3.869408e-02
17.065000	3.050701e-02
17.070000	2.040620e-02
17.075000	9.052496e-03
17.080000	-2.867272e-03
17.085000	-1.465789e-02
17.090000	-2.554581e-02
17.095000	-3.466699e-02
17.100000	-4.113901e-02
17.105000	-4.417217e-02
17.110000	-4.349624e-02
17.115000	-3.981056e-02
17.120000	-3.432059e-02
17.125000	-2.822147e-02
17.130000	-2.245754e-02
17.135000	-1.763351e-02
17.140000	-1.395956e-02
17.145000	-1.124552e-02
17.150000	-9.115568e-03
17.155000	-7.210833e-03
17.160000	-5.282525e-03
17.165000	-3.217296e-03
17.170000	-1.007792e-03
17.175000	1.287945e-03
17.180000	3.592010e-03
17.185000	5.836753e-03
17.190000	7.991443e-03
17.195000	1.006645e-02
17.200000	1.209846e-02
17.205000	1.412948e-02
17.210000	1.618651e-02
17.215000	1.824956e-02
17.220000	2.023761e-02
17.225000	2.199662e-02
17.230000	2.332866e-02
17.235000	2.401969e-02
17.240000	2.382074e-02
17.245000	2.247268e-02
17.250000	1.987976e-02
17.255000	1.628277e-02
17.260000	1.211389e-02
17.265000	7.816413e-03
17.270000	3.772138e-03
17.275000	2.538415e-04
17.280000	-2.624573e-03
17.285000	-4.921083e-03
17.290000	-6.686086e-03
17.295000	-7.805314e-03
17.300000	-7.982400e-03
17.305000	-6.867204e-03
17.310000	-4.342796e-03
17.315000	-8.006286e-04
17.320000	3.033261e-03
17.325000	6.361000e-03
17.330000	8.560295e-03
17.335000	9.345958e-03
17.340000	8.614083e-03
17.345000	6.331735e-03
17.350000	2.565867e-03
17.355000	-2.572722e-03
17.360000	-8.842287e-03
17.365000	-1.572849e-02
17.370000	-2.258137e-02
17.375000	-2.882056e-02
17.380000	-3.411850e-02
17.385000	-3.852665e-02
17.390000	-4.230657e-02
17.395000	-4.574186e-02
17.400000	-4.905277e-02
17.405000	-5.237882e-02
17.410000	-5.578275e-02
17.415000	-5.929796e-02
17.420000	-6.295091e-02
17.425000	-6.674102e-02
17.430000	-7.059202e-02
17.435000	-7.430452e-02
17.440000	-7.751458e-02
17.445000	-7.973636e-02
17.450000	-8.047048e-02
17.455000	-7.947858e-02
17.460000	-7.700271e-02
17.465000	-7.347671e-02
17.470000	-6.921586e-02
17.475000	-6.430702e-02
17.480000	-5.864815e-02
17.485000	-5.214601e-02
17.490000	-4.493121e-02
17.495000	-3.732524e-02
17.500000	-2.976742e-02
17.505000	-2.275340e-02
17.510000	-1.674856e-02
17.515000	-1.201653e-02
17.520000	-8.467003e-03
17.525000	-5.812593e-03
17.530000	-3.719471e-03
17.535000	-1.839396e-03
17.540000	1.981407e-04
17.545000	2.719354e-03
17.550000	5.887818e-03
17.555000	9.624793e-03
17.560000	1.371927e-02
17.565000	1.795830e-02
17.570000	2.220221e-02
17.575000	2.640332e-02
17.580000	3.061619e-02
17.585000	3.497129e-02
17.590000	3.964119e-02
17.595000	4.476550e-02
17.600000	5.037145e-02
17.605000	5.641828e-02
17.610000	6.282222e-02
17.615000	6.943934e-02
17.620000	7.599137e-02
17.625000	8.200241e-02
17.630000	8.679050e-02
17.635000	8.958181e-02
17.640000	8.983897e-02
17.645000	8.758286e-02
17.650000	8.314805e-02
17.655000	7.699811e-02
17.660000	6.972128e-02
17.665000	6.182015e-02
17.670000	5.359231e-02
17.675000	4.515834e-02
17.680000	3.660143e-02
17.685000	2.811613e-02
17.690000	2.014823e-02
17.695000	1.342702e-02
17.700000	8.804186e-03
17.705000	6.699872e-03
17.710000	6.612337e-03
17.715000	7.493172e-03
17.720000	8.264973e-03
17.725000	8.191418e-03
17.730000	7.075239e-03
17.735000	5.038721e-03
17.740000	2.264249e-03
17.745000	-1.151192e-03
17.750000	-5.216957e-03
17.755000	-9.936360e-03
17.760000	-1.516427e-02
17.765000	-2.068037e-02
17.770000	-2.628727e-02
17.775000	-3.186448e-02
17.780000	-3.738637e-02
17.785000	-4.292354e-02
17.790000	-4.860245e-02
17.795000	-5.456274e-02
17.800000	-6.086469e-02
17.805000	-6.740678e-02
17.810000	-7.382573e-02
17.815000	-7.944804e-02
17.820000	-8.336712e-02
17.825000	-8.474332e-02
17.830000	-8.335945e-02
17.835000	-8.007790e-02
17.840000	-7.640492e-02
17.845000	-7.387077e-02
17.850000	-7.349678e-02
17.855000	-7.520892e-02
17.860000	-7.765193e-02
17.865000	-7.959703e-02
17.870000	-8.120611e-02
17.875000	-8.340342e-02
17.880000	-8.661448e-02
17.885000	-8.999650e-02
17.890000	-9.235161e-02
17.895000	-9.322397e-02
17.900000	-9.277709e-02
17.905000	-9.141636e-02
17.910000	-8.956554e-02
17.915000	-8.754646e-02
17.920000	-8.556660e-02
17.925000	-8.376674e-02
17.930000	-8.226891e-02
17.935000	-8.119875e-02
17.940000	-8.066490e-02
17.945000	-8.066274e-02
17.950000	-8.098090e-02
17.955000	-8.123502e-02
17.960000	-8.094921e-02
17.965000	-7.966397e-02
17.970000	-7.713420e-02
17.975000	-7.349318e-02
17.980000	-6.908041e-02
17.985000	-6.426032e-02
17.990000	-5.934957e-02
17.995000	-5.462364e-02
18.000000	-5.033286e-02
18.005000	-4.669460e-02
18.010000	-4.381581e-02
18.015000	-4.161373e-02
18.020000	-3.988392e-02
18.025000	-3.835782e-02
18.030000	-3.671006e-02
18.035000	-3.455705e-02
18.040000	-3.148330e-02
18.045000	-2.715216e-02
18.050000	-2.154144e-02
18.055000	-1.514034e-02
18.060000	-8.733475e-03
18.065000	-3.094873e-03
18.070000	1.311025e-03
18.075000	4.528664e-03
18.080000	6.904379e-03
18.085000	8.835023e-03
18.090000	1.063812e-02
18.095000	1.250721e-02
18.100000	1.451703e-02
18.105000	1.666406e-02
18.110000	1.891188e-02
18.115000	2.121596e-02
18.120000	2.354179e-02
18.125000	2.585979e-02
18.130000	2.813560e-02
18.135000	3.031469e-02
18.140000	3.233052e-02
18.145000	3.411552e-02
18.150000	3.564938e-02
18.155000	3.700250e-02
18.160000	3.830835e-02
18.165000	3.972223e-02
18.170000	4.138308e-02
18.175000	4.335715e-02
18.180000	4.557596e-02
18.185000	4.783892e-02
18.190000	4.983479e-02
18.195000	5.117986e-02
18.200000	5.152078e-02
18.205000	5.071369e-02
18.210000	4.897163e-02
18.215000	4.668364e-02
18.220000	4.420061e-02
18.225000	4.171056e-02
18.230000	3.919355e-02
18.235000	3.643369e-02
18.240000	3.309466e-02
18.245000	2.886440e-02
18.250000	2.367740e-02
18.255000	1.789028e-02
18.260000	1.213125e-02
18.265000	7.054099e-03
18.270000	3.080846e-03
18.275000	2.156559e-04
18.280000	-1.775457e-03
18.285000	-3.169960e-03
18.290000	-4.209109e-03
18.295000	-5.093149e-03
18.300000	-5.958117e-03
18.305000	-6.869949e-03
18.310000	-7.837822e-03
18.315000	-8.841577e-03
18.320000	-9.857899e-03
18.325000	-1.087509e-02
18.330000	-1.189218e-02
18.335000	-1.291229e-02
18.340000	-1.394142e-02
18.345000	-1.497550e-02
18.350000	-1.598262e-02
18.355000	-1.690175e-02
18.360000	-1.764888e-02
18.365000	-1.813993e-02
18.370000	-1.833205e-02
18.375000	-1.825713e-02
18.380000	-1.794629e-02
18.385000	-1.736236e-02
18.390000	-1.638753e-02
18.395000	-1.486765e-02
18.400000	-1.271477e-02
18.405000	-1.001276e-02
18.410000	-6.928215e-03
18.415000	-3.618322e-03
18.420000	-2.032797e-04
18.425000	3.225889e-03
18.430000	6.578259e-03
18.435000	9.726135e-03
18.440000	1.249860e-02
18.445000	1.471755e-02
18.450000	1.629543e-02
18.455000	1.732144e-02
18.460000	1.798031e-02
18.465000	1.846325e-02
18.470000	1.892714e-02
18.475000	1.948216e-02
18.480000	2.018905e-02
18.485000	2.105296e-02
18.490000	2.201086e-02
18.495000	2.291282e-02
18.500000	2.349875e-02
18.505000	2.342569e-02
18.510000	2.234564e-02
18.515000	2.009463e-02
18.520000	1.685357e-02
18.525000	1.298451e-02
18.530000	8.859103e-03
18.535000	4.775528e-03
18.540000	9.355979e-04
18.545000	-2.536340e-03
18.550000	-5.499085e-03
18.555000	-7.740544e-03
18.560000	-9.018774e-03
18.565000	-9.223417e-03
18.570000	-8.529442e-03
18.575000	-7.265220e-03
18.580000	-5.754618e-03
18.585000	-4.248725e-03
18.590000	-2.908091e-03
18.595000	-1.818359e-03
18.600000	-9.939468e-04
18.605000	-3.848962e-04
18.610000	5.922373e-05
18.615000	3.316759e-04
18.620000	3.582301e-04
18.625000	2.616368e-05
18.630000	-7.329718e-04
18.635000	-1.870577e-03
18.640000	-3.278920e-03
18.645000	-4.859910e-03
18.650000	-6.546271e-03
18.655000	-8.294307e-03
18.660000	-1.004898e-02
18.665000	-1.171409e-02
18.670000	-1.312630e-02
18.675000	-1.407247e-02
18.680000	-1.433067e-02
18.685000	-1.380476e-02
18.690000	-1.262002e-02
18.695000	-1.100413e-02
18.700000	-9.136284e-03
18.705000	-7.086350e-03
18.710000	-4.799127e-03
18.715000	-2.148812e-03
18.720000	9.510175e-04
18.725000	4.451005e-03
18.730000	8.223048e-03
18.735000	1.213362e-02
18.740000	1.608236e-02
18.745000	2.002430e-02
18.750000	2.396207e-02
18.755000	2.792411e-02
18.760000	3.193490e-02
18.765000	3.598783e-02
18.770000	4.001259e-02
18.775000	4.385662e-02
18.780000	4.731141e-02
18.785000	5.015836e-02
18.790000	5.228615e-02
18.795000	5.379431e-02
18.800000	5.489513e-02
18.805000	5.579691e-02
18.810000	5.665073e-02
18.815000	5.753875e-02
18.820000	5.848860e-02
18.825000	5.950346e-02
18.830000	6.057425e-02
18.835000	6.169229e-02
18.840000	6.284512e-02
18.845000	6.401490e-02
18.850000	6.514578e-02
18.855000	6.613779e-02
18.860000	6.685669e-02
18.865000	6.716462e-02
18.870000	6.699256e-02
18.875000	6.640882e-02
18.880000	6.555176e-02
18.885000	6.455625e-02
18.890000	6.352516e-02
18.895000	6.251000e-02
18.900000	6.153193e-02
18.905000	6.059371e-02
18.910000	5.970063e-02
18.915000	5.885558e-02
18.920000	5.805351e-02
18.925000	5.727126e-02
18.930000	5.645318e-02
18.935000	5.548803e-02
18.940000	5.421997e-02
18.945000	5.248978e-02
18.950000	5.022072e-02
18.955000	4.748769e-02
18.960000	4.444863e-02
18.965000	4.125429e-02
18.970000	3.801226e-02
18.975000	3.479004e-02
18.980000	3.163101e-02
18.985000	2.856374e-02
18.990000	2.561671e-02
18.995000	2.281748e-02
19.000000	2.017442e-02
19.005000	1.764614e-02
19.010000	1.517409e-02
19.015000	1.271285e-02
19.020000	1.024878e-02
19.025000	7.808137e-03
19.030000	5.451744e-03
19.035000	3.266113e-03
19.040000	1.339696e-03
19.045000	-2.946713e-04
19.050000	-1.692361e-03
19.055000	-2.933516e-03
19.060000	-4.042338e-03
19.065000	-4.953955e-03
19.070000	-5.516389e-03
19.075000	-5.548122e-03
19.080000	-4.949278e-03
19.085000	-3.802859e-03
19.090000	-2.294791e-03
19.095000	-6.132462e-04
19.100000	1.104065e-03
19.105000	2.784814e-03
19.110000	4.415861e-03
19.115000	6.023047e-03
19.120000	7.647321e-03
19.125000	9.318559e-03
19.130000	1.103212e-02
19.135000	1.272995e-02
19.140000	1.428981e-02
19.145000	1.554463e-02
19.150000	1.631946e-02
19.155000	1.652931e-02
19.160000	1.625915e-02
19.165000	1.567695e-02
19.170000	1.494981e-02
19.175000	1.420366e-02
19.180000	1.350552e-02
19.185000	1.287036e-02
19.190000	1.227521e-02
19.195000	1.167510e-02
19.200000	1.102894e-02
19.205000	1.031263e-02
19.210000	9.544273e-03
19.215000	8.797344e-03
19.220000	8.214673e-03
19.225000	7.993803e-03
19.230000	8.348533e-03
19.235000	9.405604e-03
19.240000	1.111222e-02
19.245000	1.333095e-02
19.250000	1.594577e-02
19.255000	1.886561e-02
19.260000	2.199943e-02
19.265000	2.523022e-02
19.270000	2.840007e-02
19.275000	3.128301e-02
19.280000	3.358486e-02
19.285000	3.501059e-02
19.290000	3.541847e-02
19.295000	3.495131e-02
19.300000	3.389322e-02
19.305000	3.251399e-02
19.310000	3.100293e-02
19.315000	2.946678e-02
19.320000	2.797167e-02
19.325000	2.656139e-02
19.330000	2.527227e-02
19.335000	2.413806e-02
19.340000	2.317196e-02
19.345000	2.233770e-02
19.350000	2.158357e-02
19.355000	2.086339e-02
19.360000	2.015226e-02
19.365000	1.944287e-02
19.370000	1.874373e-02
19.375000	1.805945e-02
19.380000	1.738736e-02
19.385000	1.669708e-02
19.390000	1.592903e-02
19.395000	1.499982e-02
19.400000	1.382077e-02
19.405000	1.235052e-02
19.410000	1.063148e-02
19.415000	8.751053e-03
19.420000	6.788980e-03
19.425000	4.802527e-03
19.430000	2.825635e-03
19.435000	8.721288e-04
19.440000	-1.058227e-03
19.445000	-2.974025e-03
19.450000	-4.879769e-03
19.455000	-6.778012e-03
19.460000	-8.673522e-03
19.465000	-1.058135e-02
19.470000	-1.252041e-02
19.475000	-1.451872e-02
19.480000	-1.659581e-02
19.485000	-1.876405e-02
19.490000	-2.101018e-02
19.495000	-2.330053e-02
19.500000	-2.560065e-02
19.505000	-2.788401e-02
19.510000	-3.013915e-02
19.515000	-3.237369e-02
19.520000	-3.460882e-02
19.525000	-3.688589e-02
19.530000	-3.925102e-02
19.535000	-4.173032e-02
19.540000	-4.429544e-02
19.545000	-4.682869e-02
19.550000	-4.909485e-02
19.555000	-5.076025e-02
19.560000	-5.147445e-02
19.565000	-5.105165e-02
19.570000	-4.963685e-02
19.575000	-4.757616e-02
19.580000	-4.527135e-02
19.585000	-4.311356e-02
19.590000	-4.144471e-02
19.595000	-4.052408e-02
19.600000	-4.043424e-02
19.605000	-4.101934e-02
19.610000	-4.200351e-02
19.615000	-4.313878e-02
19.620000	-4.427196e-02
19.625000	-4.537018e-02
19.630000	-4.650137e-02
19.635000	-4.780271e-02
19.640000	-4.942787e-02
19.645000	-5.146999e-02
19.650000	-5.389511e-02
19.655000	-5.660941e-02
19.660000	-5.952658e-02
19.665000	-6.259786e-02
19.670000	-6.579407e-02
19.675000	-6.905169e-02
19.680000	-7.221194e-02
19.685000	-7.497194e-02
19.690000	-7.688519e-02
19.695000	-7.745449e-02
19.700000	-7.637082e-02
19.705000	-7.373304e-02
19.710000	-6.982540e-02
19.715000	-6.491076e-02
19.720000	-5.922910e-02
19.725000	-5.308212e-02
19.730000	-4.681441e-02
19.735000	-4.078962e-02
19.740000	-3.537902e-02
19.745000	-3.091127e-02
19.750000	-2.752869e-02
19.755000	-2.504994e-02
19.760000	-2.310020e-02
19.765000	-2.127517e-02
19.770000	-1.921038e-02
19.775000	-1.663843e-02
19.780000	-1.345867e-02
19.785000	-9.776516e-03
19.790000	-5.832814e-03
19.795000	-1.925211e-03
19.800000	1.644901e-03
19.805000	4.631998e-03
19.810000	6.934450e-03
19.815000	8.659821e-03
19.820000	1.001649e-02
19.825000	1.119937e-02
19.830000	1.234112e-02
19.835000	1.351307e-02
19.840000	1.474279e-02
19.845000	1.603652e-02
19.850000	1.740023e-02
19.855000	1.883905e-02
19.860000	2.035379e-02
19.865000	2.190560e-02
19.870000	2.339838e-02
19.875000	2.466226e-02
19.880000	2.546706e-02
19.885000	2.557682e-02
19.890000	2.487466e-02
19.895000	2.348047e-02
19.900000	2.163428e-02
19.905000	1.956206e-02
19.910000	1.741584e-02
19.915000	1.525964e-02
19.920000	1.309344e-02
19.925000	1.089614e-02
19.930000	8.659063e-03
19.935000	6.377795e-03
19.940000	4.045498e-03
19.945000	1.644622e-03
19.950000	-8.439622e-04
19.955000	-3.425672e-03
19.960000	-6.061616e-03
19.965000	-8.641755e-03
19.970000	-1.096482e-02
19.975000	-1.275609e-02
19.980000	-1.373530e-02
19.985000	-1.376956e-02
19.990000	-1.300183e-02
19.995000	-1.172413e-02
20.000000	-1.021039e-02
20.005000	-8.663049e-03
20.010000	-7.182231e-03
20.015000	-5.782029e-03
20.020000	-4.423074e-03
20.025000	-3.048000e-03
20.030000	-1.611148e-03
20.035000	-1.169403e-04
20.040000	1.361578e-03
20.045000	2.673442e-03
20.050000	3.605123e-03
20.055000	3.936039e-03
20.060000	3.559325e-03
20.065000	2.575882e-03
20.070000	1.199867e-03
20.075000	-3.548077e-04
20.080000	-1.931644e-03
20.085000	-3.449014e-03
20.090000	-4.887935e-03
20.095000	-6.280791e-03
20.100000	-7.683740e-03
20.105000	-9.151482e-03
20.110000	-1.071451e-02
20.115000	-1.234982e-02
20.120000	-1.395604e-02
20.125000	-1.534930e-02
20.130000	-1.627950e-02
20.135000	-1.649883e-02
20.140000	-1.590707e-02
20.145000	-1.466834e-02
20.150000	-1.312062e-02
20.155000	-1.163692e-02
20.160000	-1.053018e-02
20.165000	-9.961461e-03
20.170000	-9.889506e-03
20.175000	-1.015683e-02
20.180000	-1.059404e-02
20.185000	-1.107021e-02
20.190000	-1.151335e-02
20.195000	-1.189650e-02
20.200000	-1.222464e-02
20.205000	-1.251479e-02
20.210000	-1.278906e-02
20.215000	-1.307039e-02
20.220000	-1.337072e-02
20.225000	-1.369505e-02
20.230000	-1.403236e-02
20.235000	-1.435869e-02
20.240000	-1.463499e-02
20.245000	-1.482020e-02
20.250000	-1.488249e-02
20.255000	-1.480476e-02
20.260000	-1.459203e-02
20.265000	-1.430328e-02
20.270000	-1.407753e-02
20.275000	-1.415681e-02
20.280000	-1.485506e-02
20.285000	-1.647124e-02
20.290000	-1.911050e-02
20.295000	-2.251076e-02
20.300000	-2.616007e-02
20.305000	-2.946636e-02
20.310000	-3.188770e-02
20.315000	-3.313015e-02
20.320000	-3.327252e-02
20.325000	-3.257566e-02
20.330000	-3.127805e-02
20.335000	-2.952132e-02
20.340000	-2.738670e-02
20.345000	-2.497792e-02
20.350000	-2.240128e-02
20.355000	-1.973254e-02
20.360000	-1.701690e-02
20.365000	-1.429006e-02
20.370000	-1.159539e-02
20.375000	-9.004570e-03
20.380000	-6.621866e-03
20.385000	-4.558153e-03
20.390000	-2.873465e-03
20.395000	-1.529367e-03
20.400000	-4.394097e-04
20.405000	4.755361e-04
20.410000	1.271743e-03
20.415000	1.987719e-03
20.420000	2.665938e-03
20.425000	3.341720e-03
20.430000	4.027524e-03
20.435000	4.701706e-03
20.440000	5.307632e-03
20.445000	5.766579e-03
20.450000	6.001004e-03
20.455000	5.973087e-03
20.460000	5.722122e-03
20.465000	5.327479e-03
20.470000	4.862860e-03
20.475000	4.377969e-03
20.480000	3.901138e-03
20.485000	3.445026e-03
20.490000	3.011437e-03
20.495000	2.599298e-03
20.500000	2.210788e-03
20.505000	1.842642e-03
20.510000	1.482849e-03
20.515000	1.106507e-03
20.520000	6.722988e-04
20.525000	1.186426e-04
20.530000	-6.199562e-04
20.535000	-1.575876e-03
20.540000	-2.715273e-03
20.545000	-3.969947e-03
20.550000	-5.266917e-03
20.555000	-6.551314e-03
20.560000	-7.797216e-03
20.565000	-9.007751e-03
20.570000	-1.021195e-02
20.575000	-1.145520e-02
20.580000	-1.278349e-02
20.585000	-1.421776e-02
20.590000	-1.572507e-02
20.595000	-1.718036e-02
20.600000	-1.835571e-02
20.605000	-1.893494e-02
20.610000	-1.859628e-02
20.615000	-1.718354e-02
20.620000	-1.485591e-02
20.625000	-1.193516e-02
20.630000	-8.731131e-03
20.635000	-5.472681e-03
20.640000	-2.282134e-03
20.645000	8.023051e-04
20.650000	3.800785e-03
20.655000	6.769714e-03
20.660000	9.780331e-03
20.665000	1.289851e-02
20.670000	1.616113e-02
20.675000	1.956395e-02
20.680000	2.307660e-02
20.685000	2.665135e-02
20.690000	3.021899e-02
20.695000	3.367581e-02
20.700000	3.688946e-02
20.705000	3.972324e-02
20.710000	4.210690e-02
20.715000	4.409683e-02
20.720000	4.582148e-02
20.725000	4.740613e-02
20.730000	4.895180e-02
20.735000	5.053760e-02
20.740000	5.222830e-02
20.745000	5.406601e-02
20.750000	5.605669e-02
20.755000	5.814158e-02
20.760000	6.014832e-02
20.765000	6.176994e-02
20.770000	6.259272e-02
20.775000	6.218753e-02
20.780000	6.033132e-02
20.785000	5.719904e-02
20.790000	5.314984e-02
20.795000	4.849377e-02
20.800000	4.341556e-02
20.805000	3.800795e-02
20.810000	3.235879e-02
20.815000	2.653137e-02
20.820000	2.056121e-02
20.825000	1.447180e-02
20.830000	8.319014e-03
20.835000	2.231731e-03
20.840000	-3.557380e-03
20.845000	-8.730945e-03
20.850000	-1.296158e-02
20.855000	-1.609897e-02
20.860000	-1.831425e-02
20.865000	-1.993161e-02
20.870000	-2.122888e-02
20.875000	-2.233832e-02
20.880000	-2.323459e-02
20.885000	-2.379986e-02
20.890000	-2.393418e-02
20.895000	-2.367551e-02
20.900000	-2.314884e-02
20.905000	-2.250412e-02
20.910000	-2.187143e-02
20.915000	-2.132380e-02
20.920000	-2.085715e-02
20.925000	-2.037837e-02
20.930000	-1.970671e-02
20.935000	-1.859404e-02
20.940000	-1.678539e-02
20.945000	-1.414768e-02
20.950000	-1.078605e-02
20.955000	-6.927735e-03
20.960000	-2.787613e-03
20.965000	1.475776e-03
20.970000	5.754401e-03
20.975000	9.952470e-03
20.980000	1.393711e-02
20.985000	1.752287e-02
20.990000	2.049554e-02
20.995000	2.270436e-02
21.000000	2.416903e-02
21.005000	2.503276e-02
21.010000	2.550844e-02
21.015000	2.580023e-02
21.020000	2.604790e-02
21.025000	2.632463e-02
21.030000	2.665229e-02
21.035000	2.702513e-02
21.040000	2.742982e-02
21.045000	2.786846e-02
21.050000	2.834614e-02
21.055000	2.886289e-02
21.060000	2.940162e-02
21.065000	2.989330e-02
21.070000	3.021502e-02
21.075000	3.019681e-02
21.080000	2.966254e-02
21.085000	2.852817e-02
21.090000	2.688790e-02
21.095000	2.491163e-02
21.100000	2.274439e-02
21.105000	2.045908e-02
21.110000	1.806282e-02
21.115000	1.553457e-02
21.120000	1.287831e-02
21.125000	1.013785e-02
21.130000	7.408366e-03
21.135000	4.840804e-03
21.140000	2.635925e-03
21.145000	9.940535e-04
21.150000	1.647678e-05
21.155000	-3.821889e-04
21.160000	-3.605707e-04
21.165000	-3.547648e-05
21.170000	5.630763e-04
21.175000	1.472243e-03
21.180000	2.711153e-03
21.185000	4.195419e-03
21.190000	5.761202e-03
21.195000	7.219902e-03
21.200000	8.407822e-03
21.205000	9.243367e-03
21.210000	9.771378e-03
21.215000	1.009918e-02
21.220000	1.032991e-02
21.225000	1.052255e-02
21.230000	1.068226e-02
21.235000	1.076696e-02
21.240000	1.071067e-02
21.245000	1.046934e-02
21.250000	1.005804e-02
21.255000	9.525460e-03
21.260000	8.926873e-03
21.265000	8.309222e-03
21.270000	7.701558e-03
21.275000	7.112939e-03
21.280000	6.537155e-03
21.285000	5.956995e-03
21.290000	5.355635e-03
21.295000	4.731474e-03
21.300000	4.109392e-03
21.305000	3.539560e-03
21.310000	3.093676e-03
21.315000	2.844030e-03
21.320000	2.826837e-03
21.325000	3.006907e-03
21.330000	3.311310e-03
21.335000	3.671089e-03
21.340000	4.039991e-03
21.345000	4.393726e-03
21.350000	4.726337e-03
21.355000	5.039404e-03
21.360000	5.337098e-03
21.365000	5.621250e-03
21.370000	5.893893e-03
21.375000	6.160040e-03
21.380000	6.436358e-03
21.385000	6.754822e-03
21.390000	7.163619e-03
21.395000	7.715402e-03
21.400000	8.442600e-03
21.405000	9.330160e-03
21.410000	1.033909e-02
21.415000	1.142478e-02
21.420000	1.254245e-02
21.425000	1.362915e-02
21.430000	1.459586e-02
21.435000	1.533561e-02
21.440000	1.574937e-02
21.445000	1.579496e-02
21.450000	1.553769e-02
21.455000	1.510237e-02
21.460000	1.460411e-02
21.465000	1.411677e-02
21.470000	1.366749e-02
21.475000	1.322721e-02
21.480000	1.272094e-02
21.485000	1.203659e-02
21.490000	1.106133e-02
21.495000	9.735496e-03
21.500000	8.105534e-03
21.505000	6.278375e-03
21.510000	4.362319e-03
21.515000	2.433853e-03
21.520000	5.343553e-04
21.525000	-1.329371e-03
21.530000	-3.170019e-03
21.535000	-5.014573e-03
21.540000	-6.892241e-03
21.545000	-8.820517e-03
21.550000	-1.078837e-02
21.555000	-1.274376e-02
21.560000	-1.458603e-02
21.565000	-1.618338e-02
21.570000	-1.739765e-02
21.575000	-1.816403e-02
21.580000	-1.855135e-02
21.585000	-1.869569e-02
21.590000	-1.872699e-02
21.595000	-1.873943e-02
21.600000	-1.878074e-02
21.605000	-1.886599e-02
21.610000	-1.898726e-02
21.615000	-1.912663e-02
21.620000	-1.926893e-02
21.625000	-1.940327e-02
21.630000	-1.952253e-02
21.635000	-1.962593e-02
21.640000	-1.971420e-02
21.645000	-1.978149e-02
21.650000	-1.981377e-02
21.655000	-1.980413e-02
21.660000	-1.975744e-02
21.665000	-1.968775e-02
21.670000	-1.960406e-02
21.675000	-1.951545e-02
21.680000	-1.942277e-02
21.685000	-1.932503e-02
21.690000	-1.921934e-02
21.695000	-1.910367e-02
21.700000	-1.898098e-02
21.705000	-1.885331e-02
21.710000	-1.872160e-02
21.715000	-1.858699e-02
21.720000	-1.844832e-02
21.725000	-1.830561e-02
21.730000	-1.815995e-02
21.735000	-1.801830e-02
21.740000	-1.788560e-02
21.745000	-1.777093e-02
21.750000	-1.767725e-02
21.755000	-1.759773e-02
21.760000	-1.750603e-02
21.765000	-1.735318e-02
21.770000	-1.707452e-02
21.775000	-1.660381e-02
21.780000	-1.590916e-02
21.785000	-1.502241e-02
21.790000	-1.401375e-02
21.795000	-1.294809e-02
21.800000	-1.187141e-02
21.805000	-1.081168e-02
21.810000	-9.777029e-03
21.815000	-8.761140e-03
21.820000	-7.747045e-03
21.825000	-6.717260e-03
21.830000	-5.662181e-03
21.835000	-4.584011e-03
21.840000	-3.504530e-03
21.845000	-2.472412e-03
21.850000	-1.554243e-03
21.855000	-8.204662e-04
21.860000	-3.071712e-04
21.865000	1.055913e-05
21.870000	1.952610e-04
21.875000	3.215999e-04
21.880000	4.450733e-04
21.885000	5.917929e-04
21.890000	7.671867e-04
21.895000	9.628289e-04
21.900000	1.167530e-03
21.905000	1.370300e-03
21.910000	1.559699e-03
21.915000	1.726493e-03
21.920000	1.873765e-03
21.925000	2.021724e-03
21.930000	2.215301e-03
21.935000	2.514895e-03
21.940000	2.972589e-03
21.945000	3.602769e-03
21.950000	4.381285e-03
21.955000	5.240475e-03
21.960000	6.052021e-03
21.965000	6.608403e-03
21.970000	6.639254e-03
21.975000	5.872463e-03
21.980000	4.181624e-03
21.985000	1.712465e-03
21.990000	-1.237882e-03
21.995000	-4.367554e-03
22.000000	-7.437546e-03
22.005000	-1.030398e-02
22.010000	-1.292923e-02
22.015000	-1.537960e-02
22.020000	-1.775284e-02
22.025000	-2.011317e-02
22.030000	-2.243646e-02
22.035000	-2.459787e-02
22.040000	-2.638918e-02
22.045000	-2.758751e-02
22.050000	-2.808382e-02
22.055000	-2.798621e-02
22.060000	-2.751655e-02
22.065000	-2.688888e-02
22.070000	-2.624326e-02
22.075000	-2.561773e-02
22.080000	-2.495407e-02
22.085000	-2.412321e-02
22.090000	-2.297055e-02
22.095000	-2.140683e-02
22.100000	-1.946217e-02
22.105000	-1.724841e-02
22.110000	-1.488378e-02
22.115000	-1.246107e-02
22.120000	-1.004483e-02
22.125000	-7.676541e-03
22.130000	-5.393205e-03
22.135000	-3.235658e-03
22.140000	-1.245295e-03
22.145000	5.605141e-04
22.150000	2.212298e-03
22.155000	3.761454e-03
22.160000	5.257409e-03
22.165000	6.736138e-03
22.170000	8.216790e-03
22.175000	9.707325e-03
22.180000	1.121802e-02
22.185000	1.276473e-02
22.190000	1.436237e-02
22.195000	1.601215e-02
22.200000	1.769382e-02
22.205000	1.934155e-02
22.210000	2.084026e-02
22.215000	2.202403e-02
22.220000	2.273075e-02
22.225000	2.289049e-02
22.230000	2.259620e-02
22.235000	2.203305e-02
22.240000	2.137776e-02
22.245000	2.075040e-02
22.250000	2.019010e-02
22.255000	1.963883e-02
22.260000	1.895558e-02
22.265000	1.794324e-02
22.270000	1.640503e-02
22.275000	1.424778e-02
22.280000	1.157253e-02
22.285000	8.566032e-03
22.290000	5.395717e-03
22.295000	2.142918e-03
22.300000	-1.201666e-03
22.305000	-4.709229e-03
22.310000	-8.451506e-03
22.315000	-1.243363e-02
22.320000	-1.658385e-02
22.325000	-2.075115e-02
22.330000	-2.470136e-02
22.335000	-2.814073e-02
22.340000	-3.078302e-02
22.345000	-3.250134e-02
22.350000	-3.344063e-02
22.355000	-3.389408e-02
22.360000	-3.413844e-02
22.365000	-3.435773e-02
22.370000	-3.461807e-02
22.375000	-3.487944e-02
22.380000	-3.502777e-02
22.385000	-3.493111e-02
22.390000	-3.450345e-02
22.395000	-3.377194e-02
22.400000	-3.282233e-02
22.405000	-3.175438e-02
22.410000	-3.064675e-02
22.415000	-2.954699e-02
22.420000	-2.848135e-02
22.425000	-2.745457e-02
22.430000	-2.646592e-02
22.435000	-2.551423e-02
22.440000	-2.459258e-02
22.445000	-2.367777e-02
22.450000	-2.272115e-02
22.455000	-2.164239e-02
22.460000	-2.033179e-02
22.465000	-1.867703e-02
22.470000	-1.662742e-02
22.475000	-1.425069e-02
22.480000	-1.165509e-02
22.485000	-8.904580e-03
22.490000	-5.989983e-03
22.495000	-2.850380e-03
22.500000	5.639300e-04
22.505000	3.819511e-03
22.510000	7.742825e-03
22.515000	1.181485e-02
22.520000	1.598720e-02
22.525000	2.019447e-02
22.530000	2.432757e-02
22.535000	2.821321e-02
22.540000	3.162354e-02
22.545000	3.433281e-02
22.550000	3.624492e-02
22.555000	3.750341e-02
22.560000	3.837482e-02
22.565000	3.910197e-02
22.570000	3.983084e-02
22.575000	4.057325e-02
22.580000	4.120820e-02
22.585000	4.151448e-02
22.590000	4.125146e-02
22.595000	4.028577e-02
22.600000	3.870534e-02
22.605000	3.671264e-02
22.610000	3.451206e-02
22.615000	3.224953e-02
22.620000	3.000120e-02
22.625000	2.778422e-02
22.630000	2.558426e-02
22.635000	2.338076e-02
22.640000	2.116034e-02
22.645000	1.891731e-02
22.650000	1.665752e-02
22.655000	1.438709e-02
22.660000	1.211167e-02
22.665000	9.830529e-03
22.670000	7.544759e-03
22.675000	5.260758e-03
22.680000	2.987153e-03
22.685000	7.326435e-04
22.690000	-1.492704e-03
22.695000	-3.677613e-03
22.700000	-5.813827e-03
22.705000	-7.910742e-03
22.710000	-9.999372e-03
22.715000	-1.212044e-02
22.720000	-1.429714e-02
22.725000	-1.651247e-02
22.730000	-1.868357e-02
22.735000	-2.065579e-02
22.740000	-2.222154e-02
22.745000	-2.316686e-02
22.750000	-2.338923e-02
22.755000	-2.299150e-02
22.760000	-2.218971e-02
22.765000	-2.119596e-02
22.770000	-2.017166e-02
22.775000	-1.921209e-02
22.780000	-1.834518e-02
22.785000	-1.755219e-02
22.790000	-1.678173e-02
22.795000	-1.596137e-02
22.800000	-1.501737e-02
22.805000	-1.388799e-02
22.810000	-1.255172e-02
22.815000	-1.104831e-02
22.820000	-9.441592e-03
22.825000	-7.796945e-03
22.830000	-6.156873e-03
22.835000	-4.536469e-03
22.840000	-2.924149e-03
22.845000	-1.292936e-03
22.850000	3.876498e-04
22.855000	2.140583e-03
22.860000	3.968493e-03
22.865000	5.863660e-03
22.870000	7.817780e-03
22.875000	9.817731e-03
22.880000	1.183415e-02
22.885000	1.380283e-02
22.890000	1.561663e-02
22.895000	1.712821e-02
22.900000	1.818772e-02
22.905000	1.872281e-02
22.910000	1.881220e-02
22.915000	1.860971e-02
22.920000	1.826268e-02
22.925000	1.788214e-02
22.930000	1.752774e-02
22.935000	1.722433e-02
22.940000	1.697608e-02
22.945000	1.677516e-02
22.950000	1.659913e-02
22.955000	1.641016e-02
22.960000	1.615232e-02
22.965000	1.575676e-02
22.970000	1.516006e-02
22.975000	1.433229e-02
22.980000	1.331497e-02
22.985000	1.217913e-02
22.990000	1.099882e-02
22.995000	9.822608e-03
23.000000	8.677148e-03
23.005000	7.565015e-03
23.010000	6.473364e-03
23.015000	5.386752e-03
23.020000	4.294529e-03
23.025000	3.191728e-03
23.030000	2.082338e-03
23.035000	9.788171e-04
23.040000	-9.680867e-05
23.045000	-1.117954e-03
23.050000	-2.059685e-03
23.055000	-2.914088e-03
23.060000	-3.700422e-03
23.065000	-4.458491e-03
23.070000	-5.231684e-03
23.075000	-6.055951e-03
23.080000	-6.947009e-03
23.085000	-7.880149e-03
23.090000	-8.768596e-03
23.095000	-9.458435e-03
23.100000	-9.741412e-03
23.105000	-9.409094e-03
23.110000	-8.365456e-03
23.115000	-6.729247e-03
23.120000	-4.720100e-03
23.125000	-2.551849e-03
23.130000	-3.745710e-04
23.135000	1.740775e-03
23.140000	3.789815e-03
23.145000	5.802011e-03
23.150000	7.810994e-03
23.155000	9.825233e-03
23.160000	1.180452e-02
23.165000	1.364663e-02
23.170000	1.520996e-02
23.175000	1.634553e-02
23.180000	1.698365e-02
23.185000	1.719461e-02
23.190000	1.712393e-02
23.195000	1.691817e-02
23.200000	1.669018e-02
23.205000	1.650134e-02
23.210000	1.637801e-02
23.215000	1.631509e-02
23.220000	1.628661e-02
23.225000	1.624459e-02
23.230000	1.612031e-02
23.235000	1.583108e-02
23.240000	1.529985e-02
23.245000	1.449236e-02
23.250000	1.345679e-02
23.255000	1.227904e-02
23.260000	1.104115e-02
23.265000	9.803194e-03
23.270000	8.596138e-03
23.275000	7.430697e-03
23.280000	6.298795e-03
23.285000	5.186868e-03
23.290000	4.080045e-03
23.295000	2.968871e-03
23.300000	1.857501e-03
23.305000	7.623534e-04
23.310000	-2.863494e-04
23.315000	-1.252038e-03
23.320000	-2.099164e-03
23.325000	-2.815348e-03
23.330000	-3.422930e-03
23.335000	-3.957088e-03
23.340000	-4.437548e-03
23.345000	-4.861527e-03
23.350000	-5.204362e-03
23.355000	-5.442828e-03
23.360000	-5.575542e-03
23.365000	-5.636174e-03
23.370000	-5.699206e-03
23.375000	-5.882596e-03
23.380000	-6.335218e-03
23.385000	-7.203406e-03
23.390000	-8.551543e-03
23.395000	-1.029114e-02
23.400000	-1.222646e-02
23.405000	-1.412636e-02
23.410000	-1.576096e-02
23.415000	-1.694275e-02
23.420000	-1.759062e-02
23.425000	-1.778466e-02
23.430000	-1.768284e-02
23.435000	-1.743960e-02
23.440000	-1.716764e-02
23.445000	-1.693401e-02
23.450000	-1.677068e-02
23.455000	-1.668494e-02
23.460000	-1.666629e-02
23.465000	-1.668498e-02
23.470000	-1.667922e-02
23.475000	-1.654885e-02
23.480000	-1.616042e-02
23.485000	-1.537772e-02
23.490000	-1.413222e-02
23.495000	-1.249093e-02
23.500000	-1.060808e-02
23.505000	-8.668939e-03
23.510000	-6.866842e-03
23.515000	-5.391175e-03
23.520000	-4.396990e-03
23.525000	-3.942292e-03
23.530000	-3.929727e-03
23.535000	-4.189672e-03
23.540000	-4.563391e-03
23.545000	-4.940990e-03
23.550000	-5.266909e-03
23.555000	-5.531431e-03
23.560000	-5.752224e-03
23.565000	-5.957702e-03
23.570000	-6.174337e-03
23.575000	-6.418004e-03
23.580000	-6.681187e-03
23.585000	-6.933809e-03
23.590000	-7.116836e-03
23.595000	-7.154699e-03
23.600000	-6.970617e-03
23.605000	-6.532679e-03
23.610000	-5.882765e-03
23.615000	-5.102201e-03
23.620000	-4.267097e-03
23.625000	-3.435669e-03
23.630000	-2.636830e-03
23.635000	-1.878055e-03
23.640000	-1.151981e-03
23.645000	-4.456896e-04
23.650000	2.513260e-04
23.655000	9.446991e-04
23.660000	1.634259e-03
23.665000	2.310161e-03
23.670000	2.953958e-03
23.675000	3.538733e-03
23.680000	4.038818e-03
23.685000	4.444020e-03
23.690000	4.769193e-03
23.695000	5.041419e-03
23.700000	5.285245e-03
23.705000	5.516976e-03
23.710000	5.742750e-03
23.715000	5.960910e-03
23.720000	6.165928e-03
23.725000	6.353627e-03
23.730000	6.523791e-03
23.735000	6.677412e-03
23.740000	6.817755e-03
23.745000	6.948685e-03
23.750000	7.072761e-03
23.755000	7.190765e-03
23.760000	7.306042e-03
23.765000	7.422169e-03
23.770000	7.543279e-03
23.775000	7.670910e-03
23.780000	7.801246e-03
23.785000	7.918304e-03
23.790000	7.990760e-03
23.795000	7.978383e-03
23.800000	7.842704e-03
23.805000	7.566866e-03
23.810000	7.174334e-03
23.815000	6.711727e-03
23.820000	6.224260e-03
23.825000	5.745439e-03
23.830000	5.295869e-03
23.835000	4.882791e-03
23.840000	4.498289e-03
23.845000	4.119234e-03
23.850000	3.711755e-03
23.855000	3.234875e-03
23.860000	2.650450e-03
23.865000	1.943787e-03
23.870000	1.143244e-03
23.875000	2.970824e-04
23.880000	-5.510921e-04
23.885000	-1.374642e-03
23.890000	-2.165557e-03
23.895000	-2.930918e-03
23.900000	-3.683233e-03
23.905000	-4.430371e-03
23.910000	-5.161852e-03
23.915000	-5.842400e-03
23.920000	-6.405796e-03
23.925000	-6.763182e-03
23.930000	-6.827958e-03
23.935000	-6.570374e-03
23.940000	-6.056599e-03
23.945000	-5.396648e-03
23.950000	-4.683777e-03
23.955000	-3.967141e-03
23.960000	-3.245922e-03
23.965000	-2.482212e-03
23.970000	-1.622353e-03
23.975000	-6.377577e-04
23.980000	4.463537e-04
23.985000	1.568506e-03
23.990000	2.656718e-03
23.995000	3.642833e-03
24.000000	4.474970e-03
24.005000	5.136594e-03
24.010000	5.656309e-03
24.015000	6.082376e-03
24.020000	6.458236e-03
24.025000	6.810400e-03
24.030000	7.147462e-03
24.035000	7.459449e-03
24.040000	7.724768e-03
24.045000	7.921391e-03
24.050000	8.038701e-03
24.055000	8.086140e-03
24.060000	8.084419e-03
24.065000	8.053486e-03
24.070000	8.010331e-03
24.075000	7.965998e-03
24.080000	7.927584e-03
24.085000	7.898307e-03
24.090000	7.878413e-03
24.095000	7.858621e-03
24.100000	7.817491e-03
24.105000	7.720081e-03
24.110000	7.522239e-03
24.115000	7.182927e-03
24.120000	6.690363e-03
24.125000	6.080347e-03
24.130000	5.408111e-03
24.135000	4.719803e-03
24.140000	4.043609e-03
24.145000	3.388909e-03
24.150000	2.754279e-03
24.155000	2.137583e-03
24.160000	1.543187e-03
24.165000	9.836045e-04
24.170000	4.766127e-04
24.175000	3.921906e-05
24.180000	-3.220450e-04
24.185000	-6.184548e-04
24.190000	-8.684964e-04
24.195000	-1.088615e-03
24.200000	-1.289887e-03
24.205000	-1.478562e-03
24.210000	-1.657921e-03
24.215000	-1.830532e-03
24.220000	-1.998201e-03
24.225000	-2.162327e-03
24.230000	-2.322584e-03
24.235000	-2.475216e-03
24.240000	-2.610236e-03
24.245000	-2.709726e-03
24.250000	-2.750342e-03
24.255000	-2.710227e-03
24.260000	-2.583708e-03
24.265000	-2.390420e-03
24.270000	-2.161331e-03
24.275000	-1.924588e-03
24.280000	-1.701097e-03
24.285000	-1.503690e-03
24.290000	-1.337392e-03
24.295000	-1.200415e-03
24.300000	-1.085460e-03
24.305000	-9.840866e-04
24.310000	-8.893711e-04
24.315000	-7.976502e-04
24.320000	-7.089646e-04
24.325000	-6.264697e-04
24.330000	-5.557840e-04
24.335000	-5.041292e-04
24.340000	-4.779804e-04
24.345000	-4.787646e-04
24.350000	-5.003197e-04
24.355000	-5.335740e-04
24.360000	-5.706731e-04
24.365000	-6.066242e-04
24.370000	-6.391983e-04
24.375000	-6.681919e-04
24.380000	-6.941945e-04
24.385000	-7.178349e-04
24.390000	-7.391271e-04
24.395000	-7.574952e-04
24.400000	-7.721859e-04
24.405000	-7.835012e-04
24.410000	-7.933103e-04
24.415000	-8.051801e-04
24.420000	-8.236137e-04
24.425000	-8.523388e-04
24.430000	-8.921160e-04
24.435000	-9.403990e-04
24.440000	-9.903909e-04
24.445000	-1.030006e-03
24.450000	-1.041827e-03
24.455000	-1.006389e-03
24.460000	-9.084994e-04
24.465000	-7.485498e-04
24.470000	-5.494956e-04
24.475000	-3.430718e-04
24.480000	-1.566512e-04
24.485000	-6.823793e-06
24.490000	1.017196e-04
24.495000	1.702883e-04
24.500000	2.009728e-04
24.505000	1.958151e-04
24.510000	1.598834e-04
24.515000	1.036823e-04
24.520000	3.825876e-05
24.525000	-2.895935e-05
24.530000	-9.536792e-05
24.535000	-1.624056e-04
24.540000	-2.339950e-04
24.545000	-3.140900e-04
24.550000	-4.034823e-04
24.555000	-4.982246e-04
24.560000	-5.925962e-04
24.565000	-6.820399e-04
24.570000	-7.639676e-04
24.575000	-8.374313e-04
24.580000	-9.024708e-04
24.585000	-9.593072e-04
24.590000	-1.007691e-03
24.595000	-1.046718e-03
24.600000	-1.075024e-03
24.605000	-1.091544e-03
24.610000	-1.096714e-03
24.615000	-1.093192e-03
24.620000	-1.084263e-03
24.625000	-1.072608e-03
24.630000	-1.059986e-03
24.635000	-1.047392e-03
24.640000	-1.035322e-03
24.645000	-1.024020e-03
24.650000	-1.013558e-03
24.655000	-1.003716e-03
24.660000	-9.938728e-04
24.665000	-9.833827e-04
24.670000	-9.718366e-04
24.675000	-9.591388e-04
24.680000	-9.454330e-04
24.685000	-9.310169e-04
24.690000	-9.161948e-04
24.695000	-9.010917e-04
24.700000	-8.855762e-04
24.705000	-8.691792e-04
24.710000	-8.511072e-04
24.715000	-8.305105e-04
24.720000	-8.068542e-04
24.725000	-7.804998e-04
24.730000	-7.528997e-04
24.735000	-7.257405e-04
24.740000	-7.003433e-04
24.745000	-6.774932e-04
24.750000	-6.574814e-04
24.755000	-6.402288e-04
24.760000	-6.253297e-04
24.765000	-6.121393e-04
24.770000	-6.000316e-04
24.775000	-5.885711e-04
24.780000	-5.775374e-04
24.785000	-5.668974e-04
24.790000	-5.567307e-04
24.795000	-5.471681e-04
24.800000	-5.383166e-04
24.805000	-5.301868e-04
24.810000	-5.226098e-04
24.815000	-5.152430e-04
24.820000	-5.077523e-04
24.825000	-4.999251e-04
24.830000	-4.916784e-04
24.835000	-4.830221e-04
24.840000	-4.740126e-04
24.845000	-4.647231e-04
24.850000	-4.552202e-04
24.855000	-4.455575e-04
24.860000	-4.357752e-04
24.865000	-4.259036e-04
24.870000	-4.159659e-04
24.875000	-4.059846e-04
24.880000	-3.959799e-04
24.885000	-3.859728e-04
24.890000	-3.759843e-04
24.895000	-3.660340e-04
24.900000	-3.561387e-04
24.905000	-3.463087e-04
24.910000	-3.365501e-04
24.915000	-3.268653e-04
24.920000	-3.172538e-04
24.925000	-3.077150e-04
24.930000	-2.982483e-04
24.935000	-2.888535e-04
24.940000	-2.795310e-04
24.945000	-2.702801e-04
24.950000	-2.610982e-04
24.955000	-2.519803e-04
24.960000	-2.429197e-04
24.965000	-2.339095e-04
24.970000	-2.249440e-04
24.975000	-2.160188e-04
24.980000	-2.071302e-04
24.985000	-1.982755e-04
24.990000	-1.894524e-04
24.995000	-1.806593e-04
25.000000	-1.718956e-04
