0.000000	2.951824e-04
0.005000	2.890334e-04
0.010000	2.733316e-04
0.015000	2.497889e-04
0.020000	2.215103e-04
0.025000	1.912767e-04
0.030000	1.591794e-04
0.035000	1.234264e-04
0.040000	8.110295e-05
0.045000	3.006673e-05
0.050000	-3.041791e-05
0.055000	-9.934657e-05
0.060000	-1.756298e-04
0.065000	-2.577046e-04
0.070000	-3.450013e-04
0.075000	-4.359618e-04
0.080000	-5.294223e-04
0.085000	-6.238725e-04
0.090000	-7.180479e-04
0.095000	-8.109020e-04
0.100000	-9.029170e-04
0.105000	-9.940913e-04
0.110000	-1.085163e-03
0.115000	-1.175772e-03
0.120000	-1.266290e-03
0.125000	-1.356142e-03
0.130000	-1.445705e-03
0.135000	-1.534386e-03
0.140000	-1.622556e-03
0.145000	-1.708472e-03
0.150000	-1.790646e-03
0.155000	-1.864859e-03
0.160000	-1.926704e-03
0.165000	-1.970565e-03
0.170000	-1.995203e-03
0.175000	-2.003106e-03
0.180000	-1.999652e-03
0.185000	-1.986307e-03
0.190000	-1.966968e-03
0.195000	-1.942243e-03
0.200000	-1.910854e-03
0.205000	-1.871674e-03
0.210000	-1.824980e-03
0.215000	-1.768373e-03
0.220000	-1.705292e-03
0.225000	-1.640385e-03
0.230000	-1.580734e-03
0.235000	-1.535270e-03
0.240000	-1.513401e-03
0.245000	-1.512807e-03
0.250000	-1.527140e-03
0.255000	-1.549818e-03
0.260000	-1.575871e-03
0.265000	-1.598456e-03
0.270000	-1.617097e-03
0.275000	-1.631172e-03
0.280000	-1.640328e-03
0.285000	-1.646506e-03
0.290000	-1.655304e-03
0.295000	-1.667737e-03
0.300000	-1.683092e-03
0.305000	-1.700386e-03
0.310000	-1.720434e-03
0.315000	-1.739980e-03
0.320000	-1.760051e-03
0.325000	-1.779687e-03
0.330000	-1.797878e-03
0.335000	-1.812940e-03
0.340000	-1.825790e-03
0.345000	-1.833719e-03
0.350000	-1.839796e-03
0.355000	-1.847543e-03
0.360000	-1.861195e-03
0.365000	-1.879041e-03
0.370000	-1.902675e-03
0.375000	-1.930061e-03
0.380000	-1.955822e-03
0.385000	-1.972078e-03
0.390000	-1.970074e-03
0.395000	-1.936519e-03
0.400000	-1.867581e-03
0.405000	-1.768827e-03
0.410000	-1.653096e-03
0.415000	-1.531567e-03
0.420000	-1.415135e-03
0.425000	-1.308240e-03
0.430000	-1.212730e-03
0.435000	-1.122344e-03
0.440000	-1.028352e-03
0.445000	-9.236825e-04
0.450000	-8.088157e-04
0.455000	-6.862487e-04
0.460000	-5.640045e-04
0.465000	-4.508305e-04
0.470000	-3.588343e-04
0.475000	-2.962008e-04
0.480000	-2.659153e-04
0.485000	-2.581213e-04
0.490000	-2.650714e-04
0.495000	-2.800784e-04
0.500000	-2.994113e-04
0.505000	-3.170088e-04
0.510000	-3.334032e-04
0.515000	-3.487181e-04
0.520000	-3.634610e-04
0.525000	-3.787671e-04
0.530000	-3.970557e-04
0.535000	-4.153418e-04
0.540000	-4.334576e-04
0.545000	-4.473771e-04
0.550000	-4.517433e-04
0.555000	-4.415653e-04
0.560000	-4.169118e-04
0.565000	-3.776900e-04
0.570000	-3.287984e-04
0.575000	-2.755214e-04
0.580000	-2.216477e-04
0.585000	-1.671362e-04
0.590000	-1.150287e-04
0.595000	-6.327249e-05
0.600000	-1.137213e-05
0.605000	4.014153e-05
0.610000	9.084372e-05
0.615000	1.409842e-04
0.620000	1.858852e-04
0.625000	2.250561e-04
0.630000	2.573909e-04
0.635000	2.817668e-04
0.640000	2.943557e-04
0.645000	2.987763e-04
0.650000	2.962261e-04
0.655000	2.876542e-04
0.660000	2.735389e-04
0.665000	2.584743e-04
0.670000	2.420786e-04
0.675000	2.252730e-04
0.680000	2.089067e-04
0.685000	1.931428e-04
0.690000	1.765367e-04
0.695000	1.620948e-04
0.700000	1.489277e-04
0.705000	1.380625e-04
0.710000	1.302323e-04
0.715000	1.247889e-04
0.720000	1.166435e-04
0.725000	1.049746e-04
0.730000	9.060379e-05
0.735000	7.469698e-05
0.740000	5.681085e-05
0.745000	4.082540e-05
0.750000	2.637356e-05
0.755000	1.460832e-05
0.760000	6.362375e-06
0.765000	8.235350e-07
0.770000	-7.080205e-06
0.775000	-1.820185e-05
0.780000	-3.187649e-05
0.785000	-4.723243e-05
0.790000	-6.521118e-05
0.795000	-8.260712e-05
0.800000	-1.005669e-04
0.805000	-1.182929e-04
0.810000	-1.344868e-04
0.815000	-1.479893e-04
0.820000	-1.596815e-04
0.825000	-1.668057e-04
0.830000	-1.723039e-04
0.835000	-1.795480e-04
0.840000	-1.922299e-04
0.845000	-2.082639e-04
0.850000	-2.291102e-04
0.855000	-2.526716e-04
0.860000	-2.746760e-04
0.865000	-2.891827e-04
0.870000	-2.905048e-04
0.875000	-2.686736e-04
0.880000	-2.222631e-04
0.885000	-1.553843e-04
0.890000	-7.561895e-05
0.895000	9.101633e-06
0.900000	9.141450e-05
0.905000	1.716084e-04
0.910000	2.493052e-04
0.915000	3.274273e-04
0.920000	4.034863e-04
0.925000	4.770947e-04
0.930000	5.490238e-04
0.935000	6.224288e-04
0.940000	6.990921e-04
0.945000	7.801408e-04
0.950000	8.647926e-04
0.955000	9.564374e-04
0.960000	1.052836e-03
0.965000	1.151081e-03
0.970000	1.244456e-03
0.975000	1.321929e-03
0.980000	1.367979e-03
0.985000	1.373842e-03
0.990000	1.336850e-03
0.995000	1.278755e-03
1.000000	1.243275e-03
1.005000	1.258594e-03
1.010000	1.324008e-03
1.015000	1.426968e-03
1.020000	1.549306e-03
1.025000	1.678172e-03
1.030000	1.805054e-03
1.035000	1.929220e-03
1.040000	2.052419e-03
1.045000	2.179283e-03
1.050000	2.310369e-03
1.055000	2.442330e-03
1.060000	2.561899e-03
1.065000	2.650714e-03
1.070000	2.684200e-03
1.075000	2.648588e-03
1.080000	2.553003e-03
1.085000	2.421153e-03
1.090000	2.272654e-03
1.095000	2.123456e-03
1.100000	1.979710e-03
1.105000	1.844283e-03
1.110000	1.713357e-03
1.115000	1.583549e-03
1.120000	1.449437e-03
1.125000	1.309539e-03
1.130000	1.163769e-03
1.135000	1.019326e-03
1.140000	8.863628e-04
1.145000	7.822468e-04
1.150000	7.220991e-04
1.155000	7.160563e-04
1.160000	7.562915e-04
1.165000	8.286190e-04
1.170000	9.143805e-04
1.175000	1.000841e-03
1.180000	1.082119e-03
1.185000	1.158638e-03
1.190000	1.232241e-03
1.195000	1.304773e-03
1.200000	1.376316e-03
1.205000	1.451353e-03
1.210000	1.530206e-03
1.215000	1.613030e-03
1.220000	1.691422e-03
1.225000	1.756236e-03
1.230000	1.798803e-03
1.235000	1.814280e-03
1.240000	1.804102e-03
1.245000	1.779356e-03
1.250000	1.748924e-03
1.255000	1.721102e-03
1.260000	1.695988e-03
1.265000	1.672278e-03
1.270000	1.647923e-03
1.275000	1.621312e-03
1.280000	1.591008e-03
1.285000	1.563241e-03
1.290000	1.544597e-03
1.295000	1.544624e-03
1.300000	1.565324e-03
1.305000	1.603535e-03
1.310000	1.649623e-03
1.315000	1.698513e-03
1.320000	1.745113e-03
1.325000	1.786613e-03
1.330000	1.823396e-03
1.335000	1.860881e-03
1.340000	1.901104e-03
1.345000	1.944094e-03
1.350000	1.989608e-03
1.355000	2.038521e-03
1.360000	2.086480e-03
1.365000	2.132995e-03
1.370000	2.174992e-03
1.375000	2.208771e-03
1.380000	2.232280e-03
1.385000	2.248578e-03
1.390000	2.259672e-03
1.395000	2.269296e-03
1.400000	2.278207e-03
1.405000	2.288297e-03
1.410000	2.298902e-03
1.415000	2.310494e-03
1.420000	2.322016e-03
1.425000	2.333829e-03
1.430000	2.344965e-03
1.435000	2.356280e-03
1.440000	2.366685e-03
1.445000	2.377480e-03
1.450000	2.387606e-03
1.455000	2.398133e-03
1.460000	2.408139e-03
1.465000	2.418677e-03
1.470000	2.428488e-03
1.475000	2.438822e-03
1.480000	2.448499e-03
1.485000	2.458523e-03
1.490000	2.467939e-03
1.495000	2.477756e-03
1.500000	2.486974e-03
1.505000	2.496597e-03
1.510000	2.505493e-03
1.515000	2.514827e-03
1.520000	2.523630e-03
1.525000	2.532741e-03
1.530000	2.541245e-03
1.535000	2.550185e-03
1.540000	2.558525e-03
1.545000	2.567125e-03
1.550000	2.575162e-03
1.555000	2.583518e-03
1.560000	2.591092e-03
1.565000	2.599227e-03
1.570000	2.606625e-03
1.575000	2.614552e-03
1.580000	2.621773e-03
1.585000	2.629481e-03
1.590000	2.636487e-03
1.595000	2.643897e-03
1.600000	2.650750e-03
1.605000	2.657872e-03
1.610000	2.664500e-03
1.615000	2.671434e-03
1.620000	2.677690e-03
1.625000	2.684390e-03
1.630000	2.690459e-03
1.635000	2.696815e-03
1.640000	2.702341e-03
1.645000	2.708072e-03
1.650000	2.712980e-03
1.655000	2.718351e-03
1.660000	2.723366e-03
1.665000	2.729486e-03
1.670000	2.735912e-03
1.675000	2.743464e-03
1.680000	2.750296e-03
1.685000	2.755604e-03
1.690000	2.755750e-03
1.695000	2.748609e-03
1.700000	2.731033e-03
1.705000	2.705270e-03
1.710000	2.674799e-03
1.715000	2.642772e-03
1.720000	2.609736e-03
1.725000	2.579871e-03
1.730000	2.552292e-03
1.735000	2.527581e-03
1.740000	2.505224e-03
1.745000	2.483752e-03
1.750000	2.457368e-03
1.755000	2.426030e-03
1.760000	2.392283e-03
1.765000	2.361121e-03
1.770000	2.337083e-03
1.775000	2.329433e-03
1.780000	2.340484e-03
1.785000	2.367836e-03
1.790000	2.402167e-03
1.795000	2.438991e-03
1.800000	2.473369e-03
1.805000	2.502291e-03
1.810000	2.526534e-03
1.815000	2.551579e-03
1.820000	2.579736e-03
1.825000	2.611331e-03
1.830000	2.646334e-03
1.835000	2.685319e-03
1.840000	2.723243e-03
1.845000	2.757816e-03
1.850000	2.783167e-03
1.855000	2.792746e-03
1.860000	2.782449e-03
1.865000	2.756218e-03
1.870000	2.720599e-03
1.875000	2.681144e-03
1.880000	2.640207e-03
1.885000	2.602703e-03
1.890000	2.568129e-03
1.895000	2.537382e-03
1.900000	2.510344e-03
1.905000	2.485848e-03
1.910000	2.458542e-03
1.915000	2.427422e-03
1.920000	2.393124e-03
1.925000	2.356861e-03
1.930000	2.317709e-03
1.935000	2.279066e-03
1.940000	2.239792e-03
1.945000	2.200653e-03
1.950000	2.163014e-03
1.955000	2.127755e-03
1.960000	2.094097e-03
1.965000	2.064765e-03
1.970000	2.036918e-03
1.975000	2.007266e-03
1.980000	1.972315e-03
1.985000	1.934496e-03
1.990000	1.892234e-03
1.995000	1.847106e-03
2.000000	1.802194e-03
2.005000	1.761552e-03
2.010000	1.728805e-03
2.015000	1.712492e-03
2.020000	1.714559e-03
2.025000	1.732928e-03
2.030000	1.759393e-03
2.035000	1.790160e-03
2.040000	1.821211e-03
2.045000	1.849382e-03
2.050000	1.873352e-03
2.055000	1.894331e-03
2.060000	1.910232e-03
2.065000	1.924330e-03
2.070000	1.939892e-03
2.075000	1.959880e-03
2.080000	1.981595e-03
2.085000	2.005757e-03
2.090000	2.031406e-03
2.095000	2.056954e-03
2.100000	2.082082e-03
2.105000	2.107724e-03
2.110000	2.130437e-03
2.115000	2.151559e-03
2.120000	2.169783e-03
2.125000	2.184484e-03
2.130000	2.196481e-03
2.135000	2.210896e-03
2.140000	2.228833e-03
2.145000	2.249494e-03
2.150000	2.272323e-03
2.155000	2.297930e-03
2.160000	2.322102e-03
2.165000	2.344613e-03
2.170000	2.362222e-03
2.175000	2.371626e-03
2.180000	2.370755e-03
2.185000	2.362569e-03
2.190000	2.349064e-03
2.195000	2.334069e-03
2.200000	2.318412e-03
2.205000	2.304107e-03
2.210000	2.290102e-03
2.215000	2.277317e-03
2.220000	2.264139e-03
2.225000	2.250858e-03
2.230000	2.236082e-03
2.235000	2.220466e-03
2.240000	2.203272e-03
2.245000	2.186396e-03
2.250000	2.170749e-03
2.255000	2.159951e-03
2.260000	2.155869e-03
2.265000	2.161546e-03
2.270000	2.174901e-03
2.275000	2.192380e-03
2.280000	2.211182e-03
2.285000	2.231307e-03
2.290000	2.249420e-03
2.295000	2.266962e-03
2.300000	2.283635e-03
2.305000	2.298925e-03
2.310000	2.312610e-03
2.315000	2.325837e-03
2.320000	2.335826e-03
2.325000	2.343995e-03
2.330000	2.351842e-03
2.335000	2.358966e-03
2.340000	2.359672e-03
2.345000	2.352982e-03
2.350000	2.338928e-03
2.355000	2.320885e-03
2.360000	2.300121e-03
2.365000	2.279326e-03
2.370000	2.258501e-03
2.375000	2.238934e-03
2.380000	2.219142e-03
2.385000	2.199778e-03
2.390000	2.179037e-03
2.395000	2.157462e-03
2.400000	2.134175e-03
2.405000	2.111227e-03
2.410000	2.089452e-03
2.415000	2.072772e-03
2.420000	2.063176e-03
2.425000	2.063608e-03
2.430000	2.071759e-03
2.435000	2.083671e-03
2.440000	2.095800e-03
2.445000	2.107843e-03
2.450000	2.115850e-03
2.455000	2.122089e-03
2.460000	2.127499e-03
2.465000	2.133841e-03
2.470000	2.143291e-03
2.475000	2.159110e-03
2.480000	2.175995e-03
2.485000	2.180800e-03
2.490000	2.155760e-03
2.495000	2.084310e-03
2.500000	1.953877e-03
2.505000	1.773109e-03
2.510000	1.560788e-03
2.515000	1.338420e-03
2.520000	1.120001e-03
2.525000	9.116351e-04
2.530000	7.087401e-04
2.535000	5.072836e-04
2.540000	3.023762e-04
2.545000	9.055737e-05
2.550000	-1.335343e-04
2.555000	-3.705709e-04
2.560000	-6.093103e-04
2.565000	-8.213826e-04
2.570000	-9.695234e-04
2.575000	-1.014257e-03
2.580000	-9.384264e-04
2.585000	-7.609443e-04
2.590000	-5.218768e-04
2.595000	-2.555887e-04
2.600000	1.430219e-05
2.605000	2.754419e-04
2.610000	5.220435e-04
2.615000	7.596930e-04
2.620000	9.983463e-04
2.625000	1.246989e-03
2.630000	1.506657e-03
2.635000	1.775055e-03
2.640000	2.040226e-03
2.645000	2.277519e-03
2.650000	2.448995e-03
2.655000	2.520659e-03
2.660000	2.477961e-03
2.665000	2.338949e-03
2.670000	2.133214e-03
2.675000	1.894628e-03
2.680000	1.649434e-03
2.685000	1.415446e-03
2.690000	1.197122e-03
2.695000	9.903273e-04
2.700000	7.825606e-04
2.705000	5.665881e-04
2.710000	3.397865e-04
2.715000	1.077133e-04
2.720000	-1.205322e-04
2.725000	-3.299551e-04
2.730000	-5.051386e-04
2.735000	-6.237164e-04
2.740000	-6.717902e-04
2.745000	-6.525871e-04
2.750000	-5.820835e-04
2.755000	-4.764447e-04
2.760000	-3.545325e-04
2.765000	-2.375697e-04
2.770000	-1.545858e-04
2.775000	-1.322565e-04
2.780000	-1.934645e-04
2.785000	-3.438983e-04
2.790000	-5.648403e-04
2.795000	-8.215853e-04
2.800000	-1.087042e-03
2.805000	-1.344040e-03
2.810000	-1.588738e-03
2.815000	-1.824709e-03
2.820000	-2.063202e-03
2.825000	-2.315003e-03
2.830000	-2.588495e-03
2.835000	-2.881477e-03
2.840000	-3.185249e-03
2.845000	-3.475234e-03
2.850000	-3.707929e-03
2.855000	-3.818628e-03
2.860000	-3.739968e-03
2.865000	-3.431956e-03
2.870000	-2.918967e-03
2.875000	-2.256876e-03
2.880000	-1.507295e-03
2.885000	-7.258576e-04
2.890000	2.812241e-05
2.895000	6.872989e-04
2.900000	1.169865e-03
2.905000	1.398000e-03
2.910000	1.334865e-03
2.915000	1.027102e-03
2.920000	5.650389e-04
2.925000	4.224010e-05
2.930000	-4.755965e-04
2.935000	-9.533394e-04
2.940000	-1.387531e-03
2.945000	-1.802805e-03
2.950000	-2.244556e-03
2.955000	-2.756236e-03
2.960000	-3.361281e-03
2.965000	-4.038169e-03
2.970000	-4.697385e-03
2.975000	-5.158465e-03
2.980000	-5.169348e-03
2.985000	-4.471820e-03
2.990000	-2.942703e-03
2.995000	-7.186705e-04
3.000000	1.873305e-03
3.005000	4.418267e-03
3.010000	6.479231e-03
3.015000	7.688908e-03
3.020000	7.883393e-03
3.025000	7.213062e-03
3.030000	5.988450e-03
3.035000	4.518227e-03
3.040000	3.021707e-03
3.045000	1.611466e-03
3.050000	3.096840e-04
3.055000	-9.159247e-04
3.060000	-2.122683e-03
3.065000	-3.367986e-03
3.070000	-4.689391e-03
3.075000	-6.077467e-03
3.080000	-7.461524e-03
3.085000	-8.699256e-03
3.090000	-9.601905e-03
3.095000	-9.976378e-03
3.100000	-9.722740e-03
3.105000	-8.920412e-03
3.110000	-7.745762e-03
3.115000	-6.372229e-03
3.120000	-4.931875e-03
3.125000	-3.509771e-03
3.130000	-2.175295e-03
3.135000	-1.001038e-03
3.140000	-7.517780e-05
3.145000	5.130417e-04
3.150000	7.268607e-04
3.155000	6.398034e-04
3.160000	3.730609e-04
3.165000	2.982368e-05
3.170000	-3.425951e-04
3.175000	-7.618739e-04
3.180000	-1.307774e-03
3.185000	-2.082622e-03
3.190000	-3.148455e-03
3.195000	-4.460748e-03
3.200000	-5.883544e-03
3.205000	-7.214522e-03
3.210000	-8.219855e-03
3.215000	-8.681311e-03
3.220000	-8.498287e-03
3.225000	-7.764692e-03
3.230000	-6.676421e-03
3.235000	-5.419944e-03
3.240000	-4.127912e-03
3.245000	-2.862531e-03
3.250000	-1.635559e-03
3.255000	-4.301353e-04
3.260000	7.655964e-04
3.265000	1.939337e-03
3.270000	3.038404e-03
3.275000	3.978223e-03
3.280000	4.663765e-03
3.285000	5.046466e-03
3.290000	5.168999e-03
3.295000	5.127411e-03
3.300000	5.012446e-03
3.305000	4.887108e-03
3.310000	4.770634e-03
3.315000	4.645040e-03
3.320000	4.462306e-03
3.325000	4.169683e-03
3.330000	3.735725e-03
3.335000	3.182251e-03
3.340000	2.565804e-03
3.345000	1.956185e-03
3.350000	1.415158e-03
3.355000	9.803861e-04
3.360000	6.484504e-04
3.365000	3.952985e-04
3.370000	1.891668e-04
3.375000	6.402291e-07
3.380000	-2.043535e-04
3.385000	-4.725975e-04
3.390000	-8.665848e-04
3.395000	-1.446333e-03
3.400000	-2.239305e-03
3.405000	-3.208443e-03
3.410000	-4.289564e-03
3.415000	-5.417846e-03
3.420000	-6.544465e-03
3.425000	-7.643252e-03
3.430000	-8.712680e-03
3.435000	-9.772221e-03
3.440000	-1.085472e-02
3.445000	-1.198812e-02
3.450000	-1.319042e-02
3.455000	-1.443780e-02
3.460000	-1.565213e-02
3.465000	-1.668850e-02
3.470000	-1.735188e-02
3.475000	-1.744533e-02
3.480000	-1.687767e-02
3.485000	-1.574804e-02
3.490000	-1.425136e-02
3.495000	-1.256476e-02
3.500000	-1.079812e-02
3.505000	-8.994874e-03
3.510000	-7.165799e-03
3.515000	-5.331097e-03
3.520000	-3.577908e-03
3.525000	-2.087951e-03
3.530000	-1.126960e-03
3.535000	-9.745275e-04
3.540000	-1.776952e-03
3.545000	-3.407655e-03
3.550000	-5.609318e-03
3.555000	-8.144377e-03
3.560000	-1.085183e-02
3.565000	-1.363616e-02
3.570000	-1.641347e-02
3.575000	-1.904283e-02
3.580000	-2.126519e-02
3.585000	-2.270256e-02
3.590000	-2.295093e-02
3.595000	-2.179737e-02
3.600000	-1.942673e-02
3.605000	-1.623901e-02
3.610000	-1.264540e-02
3.615000	-8.972586e-03
3.620000	-5.459406e-03
3.625000	-2.280607e-03
3.630000	4.153521e-04
3.635000	2.505855e-03
3.640000	3.963070e-03
3.645000	4.930559e-03
3.650000	5.621197e-03
3.655000	6.215718e-03
3.660000	6.807835e-03
3.665000	7.396420e-03
3.670000	7.898953e-03
3.675000	8.184927e-03
3.680000	8.126710e-03
3.685000	7.679521e-03
3.690000	6.935442e-03
3.695000	6.044638e-03
3.700000	5.110704e-03
3.705000	4.130301e-03
3.710000	2.969355e-03
3.715000	1.393434e-03
3.720000	-8.414646e-04
3.725000	-3.831719e-03
3.730000	-7.316800e-03
3.735000	-1.056852e-02
3.740000	-1.267384e-02
3.745000	-1.301718e-02
3.750000	-1.164551e-02
3.755000	-9.049722e-03
3.760000	-5.885096e-03
3.765000	-2.823748e-03
3.770000	-4.790896e-04
3.775000	6.711730e-04
3.780000	4.254232e-04
3.785000	-1.024085e-03
3.790000	-3.290765e-03
3.795000	-5.985850e-03
3.800000	-8.787385e-03
3.805000	-1.142232e-02
3.810000	-1.362055e-02
3.815000	-1.509291e-02
3.820000	-1.558317e-02
3.825000	-1.503154e-02
3.830000	-1.374285e-02
3.835000	-1.229824e-02
3.840000	-1.140544e-02
3.845000	-1.175260e-02
3.850000	-1.376278e-02
3.855000	-1.737805e-02
3.860000	-2.225920e-02
3.865000	-2.796042e-02
3.870000	-3.395367e-02
3.875000	-3.958001e-02
3.880000	-4.409825e-02
3.885000	-4.683750e-02
3.890000	-4.749379e-02
3.895000	-4.638611e-02
3.900000	-4.414242e-02
3.905000	-4.136959e-02
3.910000	-3.850493e-02
3.915000	-3.578023e-02
3.920000	-3.326353e-02
3.925000	-3.091564e-02
3.930000	-2.866093e-02
3.935000	-2.641817e-02
3.940000	-2.413444e-02
3.945000	-2.178561e-02
3.950000	-1.937892e-02
3.955000	-1.694115e-02
3.960000	-1.452641e-02
3.965000	-1.220456e-02
3.970000	-1.006682e-02
3.975000	-8.206202e-03
3.980000	-6.735333e-03
3.985000	-5.768987e-03
3.990000	-5.356717e-03
3.995000	-5.408746e-03
4.000000	-5.766723e-03
4.005000	-6.275560e-03
4.010000	-6.818184e-03
4.015000	-7.310652e-03
4.020000	-7.688476e-03
4.025000	-7.892952e-03
4.030000	-7.886187e-03
4.035000	-7.675055e-03
4.040000	-7.340882e-03
4.045000	-7.009724e-03
4.050000	-6.816081e-03
4.055000	-6.858240e-03
4.060000	-7.152909e-03
4.065000	-7.583230e-03
4.070000	-7.917895e-03
4.075000	-7.846832e-03
4.080000	-7.060751e-03
4.085000	-5.389481e-03
4.090000	-2.925016e-03
4.095000	1.058231e-04
4.100000	3.472011e-03
4.105000	6.993390e-03
4.110000	1.052068e-02
4.115000	1.389156e-02
4.120000	1.687637e-02
4.125000	1.918722e-02
4.130000	2.053305e-02
4.135000	2.078890e-02
4.140000	2.013876e-02
4.145000	1.890361e-02
4.150000	1.734649e-02
4.155000	1.557636e-02
4.160000	1.354923e-02
4.165000	1.112902e-02
4.170000	8.211011e-03
4.175000	4.845618e-03
4.180000	1.173997e-03
4.185000	-2.646820e-03
4.190000	-6.494275e-03
4.195000	-1.029691e-02
4.200000	-1.404304e-02
4.205000	-1.776918e-02
4.210000	-2.154732e-02
4.215000	-2.545654e-02
4.220000	-2.953768e-02
4.225000	-3.373887e-02
4.230000	-3.785904e-02
4.235000	-4.151740e-02
4.240000	-4.419059e-02
4.245000	-4.534168e-02
4.250000	-4.470690e-02
4.255000	-4.254712e-02
4.260000	-3.939735e-02
4.265000	-3.578347e-02
4.270000	-3.208764e-02
4.275000	-2.850883e-02
4.280000	-2.510202e-02
4.285000	-2.181509e-02
4.290000	-1.855924e-02
4.295000	-1.524933e-02
4.300000	-1.185251e-02
4.305000	-8.411727e-03
4.310000	-5.074995e-03
4.315000	-2.081870e-03
4.320000	2.598128e-04
4.325000	1.685353e-03
4.330000	2.060377e-03
4.335000	1.279128e-03
4.340000	-7.986707e-04
4.345000	-4.215351e-03
4.350000	-8.753607e-03
4.355000	-1.407057e-02
4.360000	-1.982969e-02
4.365000	-2.570382e-02
4.370000	-3.133593e-02
4.375000	-3.626816e-02
4.380000	-3.994441e-02
4.385000	-4.180962e-02
4.390000	-4.161194e-02
4.395000	-3.967826e-02
4.400000	-3.660147e-02
4.405000	-3.291040e-02
4.410000	-2.893159e-02
4.415000	-2.477560e-02
4.420000	-2.043476e-02
4.425000	-1.590376e-02
4.430000	-1.118495e-02
4.435000	-6.287301e-03
4.440000	-1.249301e-03
4.445000	3.847050e-03
4.450000	8.843233e-03
4.455000	1.349741e-02
4.460000	1.751430e-02
4.465000	2.063133e-02
4.470000	2.278025e-02
4.475000	2.421342e-02
4.480000	2.527934e-02
4.485000	2.618107e-02
4.490000	2.682001e-02
4.495000	2.674993e-02
4.500000	2.528994e-02
4.505000	2.185782e-02
4.510000	1.650283e-02
4.515000	1.024579e-02
4.520000	4.288317e-03
4.525000	-7.939530e-04
4.530000	-4.976215e-03
4.535000	-8.477869e-03
4.540000	-1.153671e-02
4.545000	-1.425888e-02
4.550000	-1.658895e-02
4.555000	-1.837217e-02
4.560000	-1.952218e-02
4.565000	-2.017024e-02
4.570000	-2.062235e-02
4.575000	-2.124845e-02
4.580000	-2.239951e-02
4.585000	-2.427159e-02
4.590000	-2.680170e-02
4.595000	-2.975188e-02
4.600000	-3.280798e-02
4.605000	-3.563301e-02
4.610000	-3.789412e-02
4.615000	-3.924330e-02
4.620000	-3.934842e-02
4.625000	-3.807453e-02
4.630000	-3.565165e-02
4.635000	-3.247086e-02
4.640000	-2.889200e-02
4.645000	-2.516978e-02
4.650000	-2.146790e-02
4.655000	-1.791185e-02
4.660000	-1.465196e-02
4.665000	-1.188891e-02
4.670000	-9.843268e-03
4.675000	-8.621359e-03
4.680000	-8.088296e-03
4.685000	-7.921291e-03
4.690000	-7.701684e-03
4.695000	-6.973382e-03
4.700000	-5.330583e-03
4.705000	-2.563116e-03
4.710000	1.192517e-03
4.715000	5.564277e-03
4.720000	1.005854e-02
4.725000	1.412567e-02
4.730000	1.721862e-02
4.735000	1.888774e-02
4.740000	1.882173e-02
4.745000	1.703177e-02
4.750000	1.404373e-02
4.755000	1.071880e-02
4.760000	8.009384e-03
4.765000	6.753529e-03
4.770000	7.389003e-03
4.775000	9.731942e-03
4.780000	1.319861e-02
4.785000	1.706664e-02
4.790000	2.058964e-02
4.795000	2.307484e-02
4.800000	2.396085e-02
4.805000	2.303882e-02
4.810000	2.062084e-02
4.815000	1.727287e-02
4.820000	1.352888e-02
4.825000	9.768383e-03
4.830000	6.181618e-03
4.835000	2.797682e-03
4.840000	-4.668708e-04
4.845000	-3.741229e-03
4.850000	-7.147108e-03
4.855000	-1.074195e-02
4.860000	-1.447998e-02
4.865000	-1.816105e-02
4.870000	-2.141618e-02
4.875000	-2.373735e-02
4.880000	-2.460347e-02
4.885000	-2.375346e-02
4.890000	-2.143162e-02
4.895000	-1.813166e-02
4.900000	-1.432374e-02
4.905000	-1.034071e-02
4.910000	-6.365668e-03
4.915000	-2.486786e-03
4.920000	1.207905e-03
4.925000	4.565243e-03
4.930000	7.339702e-03
4.935000	9.253827e-03
4.940000	1.016142e-02
4.945000	1.019651e-02
4.950000	9.643016e-03
4.955000	8.786341e-03
4.960000	7.855039e-03
4.965000	7.009035e-03
4.970000	6.349919e-03
4.975000	5.937491e-03
4.980000	5.784261e-03
4.985000	5.839993e-03
4.990000	5.937696e-03
4.995000	5.784465e-03
5.000000	5.119383e-03
5.005000	3.883590e-03
5.010000	2.187554e-03
5.015000	2.326446e-04
5.020000	-1.744854e-03
5.025000	-3.500135e-03
5.030000	-4.807385e-03
5.035000	-5.493497e-03
5.040000	-5.529223e-03
5.045000	-5.086562e-03
5.050000	-4.408033e-03
5.055000	-3.645983e-03
5.060000	-2.779621e-03
5.065000	-1.579842e-03
5.070000	3.408428e-04
5.075000	3.393967e-03
5.080000	7.744437e-03
5.085000	1.308382e-02
5.090000	1.876280e-02
5.095000	2.401490e-02
5.100000	2.812694e-02
5.105000	3.069907e-02
5.110000	3.180114e-02
5.115000	3.172246e-02
5.120000	3.069557e-02
5.125000	2.882248e-02
5.130000	2.615858e-02
5.135000	2.285263e-02
5.140000	1.903276e-02
5.145000	1.470476e-02
5.150000	9.764706e-03
5.155000	4.118900e-03
5.160000	-2.169541e-03
5.165000	-8.853141e-03
5.170000	-1.550082e-02
5.175000	-2.149187e-02
5.180000	-2.608778e-02
5.185000	-2.861980e-02
5.190000	-2.888175e-02
5.195000	-2.745283e-02
5.200000	-2.539375e-02
5.205000	-2.381663e-02
5.210000	-2.355255e-02
5.215000	-2.481053e-02
5.220000	-2.698846e-02
5.225000	-2.903740e-02
5.230000	-2.997133e-02
5.235000	-2.936134e-02
5.240000	-2.765533e-02
5.245000	-2.582120e-02
5.250000	-2.482712e-02
5.255000	-2.514609e-02
5.260000	-2.643102e-02
5.265000	-2.782097e-02
5.270000	-2.842595e-02
5.275000	-2.778801e-02
5.280000	-2.620298e-02
5.285000	-2.442874e-02
5.290000	-2.324972e-02
5.295000	-2.304559e-02
5.300000	-2.353356e-02
5.305000	-2.406042e-02
5.310000	-2.406842e-02
5.315000	-2.338635e-02
5.320000	-2.208336e-02
5.325000	-2.022418e-02
5.330000	-1.774521e-02
5.335000	-1.444209e-02
5.340000	-1.017409e-02
5.345000	-5.193544e-03
5.350000	-3.661744e-04
5.355000	3.184863e-03
5.360000	4.685698e-03
5.365000	4.162524e-03
5.370000	2.130415e-03
5.375000	-8.060232e-04
5.380000	-4.139661e-03
5.385000	-7.490999e-03
5.390000	-1.057510e-02
5.395000	-1.313997e-02
5.400000	-1.494099e-02
5.405000	-1.573286e-02
5.410000	-1.519587e-02
5.415000	-1.299379e-02
5.420000	-9.047380e-03
5.425000	-3.832896e-03
5.430000	1.706470e-03
5.435000	6.347903e-03
5.440000	8.805001e-03
5.445000	8.086599e-03
5.450000	4.113113e-03
5.455000	-1.838427e-03
5.460000	-7.884730e-03
5.465000	-1.255358e-02
5.470000	-1.540550e-02
5.475000	-1.673940e-02
5.480000	-1.711233e-02
5.485000	-1.703018e-02
5.490000	-1.678910e-02
5.495000	-1.647996e-02
5.500000	-1.617491e-02
5.505000	-1.614572e-02
5.510000	-1.702960e-02
5.515000	-1.981550e-02
5.520000	-2.550236e-02
5.525000	-3.441315e-02
5.530000	-4.561695e-02
5.535000	-5.744690e-02
5.540000	-6.822085e-02
5.545000	-7.687471e-02
5.550000	-8.337069e-02
5.555000	-8.830377e-02
5.560000	-9.242577e-02
5.565000	-9.633549e-02
5.570000	-1.003375e-01
5.575000	-1.044174e-01
5.580000	-1.082876e-01
5.585000	-1.114974e-01
5.590000	-1.135075e-01
5.595000	-1.138180e-01
5.600000	-1.122381e-01
5.605000	-1.091174e-01
5.610000	-1.049176e-01
5.615000	-9.978033e-02
5.620000	-9.338164e-02
5.625000	-8.499529e-02
5.630000	-7.386661e-02
5.635000	-5.988342e-02
5.640000	-4.409864e-02
5.645000	-2.811119e-02
5.650000	-1.317349e-02
5.655000	3.693229e-04
5.660000	1.284772e-02
5.665000	2.486414e-02
5.670000	3.696691e-02
5.675000	4.941058e-02
5.680000	6.197640e-02
5.685000	7.396172e-02
5.690000	8.448860e-02
5.695000	9.302212e-02
5.700000	9.976404e-02
5.705000	1.053644e-01
5.710000	1.104944e-01
5.715000	1.156750e-01
5.720000	1.211250e-01
5.725000	1.268252e-01
5.730000	1.326751e-01
5.735000	1.385757e-01
5.740000	1.444957e-01
5.745000	1.505262e-01
5.750000	1.568262e-01
5.755000	1.635278e-01
5.760000	1.705878e-01
5.765000	1.776270e-01
5.770000	1.837772e-01
5.775000	1.876874e-01
5.780000	1.878076e-01
5.785000	1.829475e-01
5.790000	1.730779e-01
5.795000	1.591583e-01
5.800000	1.430786e-01
5.805000	1.276784e-01
5.810000	1.158087e-01
5.815000	1.090086e-01
5.820000	1.065589e-01
5.825000	1.063689e-01
5.830000	1.060791e-01
5.835000	1.039795e-01
5.840000	9.943786e-02
5.845000	9.249659e-02
5.850000	8.341595e-02
5.855000	7.245798e-02
5.860000	6.000633e-02
5.865000	4.679223e-02
5.870000	3.373856e-02
5.875000	2.173856e-02
5.880000	1.143072e-02
5.885000	3.004195e-03
5.890000	-3.629502e-03
5.895000	-8.754671e-03
5.900000	-1.287998e-02
5.905000	-1.655297e-02
5.910000	-2.020785e-02
5.915000	-2.410995e-02
5.920000	-2.833278e-02
5.925000	-3.274860e-02
5.930000	-3.707051e-02
5.935000	-4.089545e-02
5.940000	-4.379242e-02
5.945000	-4.534530e-02
5.950000	-4.490035e-02
5.955000	-4.147335e-02
5.960000	-3.407542e-02
5.965000	-2.231220e-02
5.970000	-6.820896e-03
5.975000	1.011797e-02
5.980000	2.435208e-02
5.985000	3.150745e-02
5.990000	2.952263e-02
5.995000	2.083596e-02
6.000000	1.149899e-02
6.005000	7.332182e-03
6.010000	1.016707e-02
6.015000	1.714228e-02
6.020000	2.320235e-02
6.025000	2.438867e-02
6.030000	2.009676e-02
6.035000	1.226502e-02
6.040000	3.765671e-03
6.045000	-2.942756e-03
6.050000	-6.700338e-03
6.055000	-7.209908e-03
6.060000	-4.438840e-03
6.065000	1.629938e-03
6.070000	1.077717e-02
6.075000	2.221253e-02
6.080000	3.491649e-02
6.085000	4.800871e-02
6.090000	6.084263e-02
6.095000	7.300698e-02
6.100000	8.427895e-02
6.105000	9.466026e-02
6.110000	1.043852e-01
6.115000	1.137458e-01
6.120000	1.228459e-01
6.125000	1.316060e-01
6.130000	1.397060e-01
6.135000	1.467365e-01
6.140000	1.523867e-01
6.145000	1.563869e-01
6.150000	1.586471e-01
6.155000	1.593180e-01
6.160000	1.586182e-01
6.165000	1.566979e-01
6.170000	1.536483e-01
6.175000	1.496685e-01
6.180000	1.448588e-01
6.185000	1.390889e-01
6.190000	1.319693e-01
6.195000	1.231197e-01
6.200000	1.123402e-01
6.205000	9.943700e-02
6.210000	8.411749e-02
6.215000	6.624959e-02
6.220000	4.618102e-02
6.225000	2.453092e-02
6.230000	1.997817e-03
6.235000	-2.060294e-02
6.240000	-4.219987e-02
6.245000	-6.139488e-02
6.250000	-7.659484e-02
6.255000	-8.657908e-02
6.260000	-9.109419e-02
6.265000	-9.038224e-02
6.270000	-8.492639e-02
6.275000	-7.562260e-02
6.280000	-6.345280e-02
6.285000	-4.938855e-02
6.290000	-3.455975e-02
6.295000	-2.004752e-02
6.300000	-6.647700e-03
6.305000	5.373953e-03
6.310000	1.642538e-02
6.315000	2.729379e-02
6.320000	3.876562e-02
6.325000	5.130884e-02
6.330000	6.488868e-02
6.335000	7.920209e-02
6.340000	9.395394e-02
6.345000	1.090113e-01
6.350000	1.244012e-01
6.355000	1.402319e-01
6.360000	1.564019e-01
6.365000	1.723821e-01
6.370000	1.870222e-01
6.375000	1.985530e-01
6.380000	2.050232e-01
6.385000	2.051839e-01
6.390000	1.995341e-01
6.395000	1.902159e-01
6.400000	1.804861e-01
6.405000	1.731447e-01
6.410000	1.692149e-01
6.415000	1.684048e-01
6.420000	1.700350e-01
6.425000	1.735048e-01
6.430000	1.783549e-01
6.435000	1.840853e-01
6.440000	1.898655e-01
6.445000	1.947752e-01
6.450000	1.983354e-01
6.455000	2.007056e-01
6.460000	2.024059e-01
6.465000	2.039359e-01
6.470000	2.054662e-01
6.475000	2.067169e-01
6.480000	2.069173e-01
6.485000	2.049666e-01
6.490000	1.998470e-01
6.495000	1.912371e-01
6.500000	1.800676e-01
6.505000	1.678974e-01
6.510000	1.561079e-01
6.515000	1.453680e-01
6.520000	1.353185e-01
6.525000	1.243981e-01
6.530000	1.103086e-01
6.535000	9.237654e-02
6.540000	7.352792e-02
6.545000	5.932761e-02
6.550000	5.573175e-02
6.555000	6.601772e-02
6.560000	8.806396e-02
6.565000	1.149385e-01
6.570000	1.369889e-01
6.575000	1.463491e-01
6.580000	1.416597e-01
6.585000	1.282196e-01
6.590000	1.134201e-01
6.595000	1.020901e-01
6.600000	9.510653e-02
6.605000	9.106314e-02
6.610000	8.838361e-02
6.615000	8.594054e-02
6.620000	8.311704e-02
6.625000	7.965184e-02
6.630000	7.536337e-02
6.635000	6.987145e-02
6.640000	6.246598e-02
6.645000	5.222063e-02
6.650000	3.853426e-02
6.655000	2.167305e-02
6.660000	2.391612e-03
6.665000	-1.847358e-02
6.670000	-4.003307e-02
6.675000	-6.119157e-02
6.680000	-8.045123e-02
6.685000	-9.591750e-02
6.690000	-1.056673e-01
6.695000	-1.087478e-01
6.700000	-1.061177e-01
6.705000	-1.001080e-01
6.710000	-9.356883e-02
6.715000	-8.875352e-02
6.720000	-8.650128e-02
6.725000	-8.660978e-02
6.730000	-8.839760e-02
6.735000	-9.100869e-02
6.740000	-9.351751e-02
6.745000	-9.489449e-02
6.750000	-9.400443e-02
6.755000	-8.973373e-02
6.760000	-8.147871e-02
6.765000	-6.960656e-02
6.770000	-5.495655e-02
6.775000	-3.837257e-02
6.780000	-2.070951e-02
6.785000	-3.097557e-03
6.790000	1.270283e-02
6.795000	2.420613e-02
6.800000	2.892445e-02
6.805000	2.541756e-02
6.810000	1.382099e-02
6.815000	-3.791563e-03
6.820000	-2.424668e-02
6.825000	-4.413475e-02
6.830000	-6.031860e-02
6.835000	-7.080399e-02
6.840000	-7.538299e-02
6.845000	-7.489904e-02
6.850000	-7.057307e-02
6.855000	-6.381321e-02
6.860000	-5.583427e-02
6.865000	-4.751728e-02
6.870000	-3.950429e-02
6.875000	-3.208038e-02
6.880000	-2.509141e-02
6.885000	-1.776422e-02
6.890000	-9.347751e-03
6.895000	-9.729162e-04
6.900000	5.874509e-03
6.905000	1.137100e-02
6.910000	1.627595e-02
6.915000	2.083410e-02
6.920000	2.543700e-02
6.925000	2.934308e-02
6.930000	3.092793e-02
6.935000	3.372898e-02
6.940000	4.620664e-02
6.945000	7.361054e-02
6.950000	1.125433e-01
6.955000	1.523442e-01
6.960000	1.814045e-01
6.965000	1.937345e-01
6.970000	1.909649e-01
6.975000	1.799653e-01
6.980000	1.683255e-01
6.985000	1.608656e-01
6.990000	1.590857e-01
6.995000	1.618060e-01
7.000000	1.663663e-01
7.005000	1.700360e-01
7.010000	1.710662e-01
7.015000	1.693666e-01
7.020000	1.660468e-01
7.025000	1.627969e-01
7.030000	1.612470e-01
7.035000	1.623782e-01
7.040000	1.660484e-01
7.045000	1.715271e-01
7.050000	1.779774e-01
7.055000	1.847771e-01
7.060000	1.916674e-01
7.065000	1.986071e-01
7.070000	2.056475e-01
7.075000	2.127077e-01
7.080000	2.193182e-01
7.085000	2.245776e-01
7.090000	2.271781e-01
7.095000	2.258082e-01
7.100000	2.199289e-01
7.105000	2.103985e-01
7.110000	1.986093e-01
7.115000	1.854896e-01
7.120000	1.711403e-01
7.125000	1.555294e-01
7.130000	1.392801e-01
7.135000	1.235696e-01
7.140000	1.095805e-01
7.145000	9.814572e-02
7.150000	8.981848e-02
7.155000	8.479612e-02
7.160000	8.253087e-02
7.165000	8.130520e-02
7.170000	7.785324e-02
7.175000	6.741487e-02
7.180000	4.532918e-02
7.185000	9.140779e-03
7.190000	-4.029905e-02
7.195000	-9.816936e-02
7.200000	-1.573477e-01
7.205000	-2.104481e-01
7.210000	-2.516577e-01
7.215000	-2.781988e-01
7.220000	-2.901686e-01
7.225000	-2.902093e-01
7.230000	-2.818592e-01
7.235000	-2.684705e-01
7.240000	-2.525902e-01
7.245000	-2.361103e-01
7.250000	-2.209699e-01
7.255000	-2.105904e-01
7.260000	-2.100098e-01
7.265000	-2.221900e-01
7.270000	-2.435095e-01
7.275000	-2.641110e-01
7.280000	-2.746009e-01
7.285000	-2.724506e-01
7.290000	-2.616606e-01
7.295000	-2.481012e-01
7.300000	-2.356610e-01
7.305000	-2.258010e-01
7.310000	-2.184708e-01
7.315000	-2.129316e-01
7.320000	-2.086413e-01
7.325000	-2.057012e-01
7.330000	-2.047008e-01
7.335000	-2.060814e-01
7.340000	-2.095311e-01
7.345000	-2.144014e-01
7.350000	-2.200412e-01
7.355000	-2.255028e-01
7.360000	-2.295428e-01
7.365000	-2.317918e-01
7.370000	-2.323217e-01
7.375000	-2.306420e-01
7.380000	-2.255820e-01
7.385000	-2.167019e-01
7.390000	-2.056620e-01
7.395000	-1.952823e-01
7.400000	-1.878223e-01
7.405000	-1.837819e-01
7.410000	-1.815919e-01
7.415000	-1.779321e-01
7.420000	-1.700923e-01
7.425000	-1.598523e-01
7.430000	-1.506322e-01
7.435000	-1.426728e-01
7.440000	-1.349927e-01
7.445000	-1.288824e-01
7.450000	-1.282522e-01
7.455000	-1.349922e-01
7.460000	-1.449222e-01
7.465000	-1.507422e-01
7.470000	-1.469123e-01
7.475000	-1.347027e-01
7.480000	-1.240925e-01
7.485000	-1.237822e-01
7.490000	-1.317020e-01
7.495000	-1.398324e-01
7.500000	-1.443522e-01
7.505000	-1.471425e-01
7.510000	-1.495823e-01
7.515000	-1.505333e-01
7.520000	-1.504332e-01
7.525000	-1.518227e-01
7.530000	-1.554725e-01
7.535000	-1.591027e-01
7.540000	-1.602627e-01
7.545000	-1.602927e-01
7.550000	-1.626827e-01
7.555000	-1.683431e-01
7.560000	-1.751031e-01
7.565000	-1.813029e-01
7.570000	-1.870929e-01
7.575000	-1.922533e-01
7.580000	-1.960534e-01
7.585000	-1.977236e-01
7.590000	-1.960637e-01
7.595000	-1.910047e-01
7.600000	-1.849147e-01
7.605000	-1.802443e-01
7.610000	-1.766942e-01
7.615000	-1.714645e-01
7.620000	-1.638944e-01
7.625000	-1.593344e-01
7.630000	-1.639340e-01
7.635000	-1.744047e-01
7.640000	-1.796546e-01
7.645000	-1.754947e-01
7.650000	-1.715743e-01
7.655000	-1.814848e-01
7.660000	-2.102743e-01
7.665000	-2.513651e-01
7.670000	-2.933450e-01
7.675000	-3.256590e-01
7.680000	-3.349697e-01
7.685000	-3.085269e-01
7.690000	-2.520575e-01
7.695000	-1.951968e-01
7.700000	-1.709468e-01
7.705000	-1.898760e-01
7.710000	-2.356460e-01
7.715000	-2.819765e-01
7.720000	-3.104670e-01
7.725000	-3.159264e-01
7.730000	-3.012470e-01
7.735000	-2.724872e-01
7.740000	-2.389577e-01
7.745000	-2.103072e-01
7.750000	-1.918274e-01
7.755000	-1.842376e-01
7.760000	-1.852877e-01
7.765000	-1.921168e-01
7.770000	-2.029869e-01
7.775000	-2.178369e-01
7.780000	-2.377570e-01
7.785000	-2.627567e-01
7.790000	-2.875169e-01
7.795000	-3.035578e-01
7.800000	-3.070782e-01
7.805000	-3.020077e-01
7.810000	-2.952381e-01
7.815000	-2.898285e-01
7.820000	-2.841389e-01
7.825000	-2.762288e-01
7.830000	-2.676292e-01
7.835000	-2.606504e-01
7.840000	-2.547808e-01
7.845000	-2.466395e-01
7.850000	-2.337201e-01
7.855000	-2.176298e-01
7.860000	-2.025603e-01
7.865000	-1.922598e-01
7.870000	-1.876902e-01
7.875000	-1.869304e-01
7.880000	-1.860909e-01
7.885000	-1.816303e-01
7.890000	-1.725109e-01
7.895000	-1.598308e-01
7.900000	-1.459814e-01
7.905000	-1.338709e-01
7.910000	-1.257214e-01
7.915000	-1.220014e-01
7.920000	-1.220719e-01
7.925000	-1.259911e-01
7.930000	-1.351717e-01
7.935000	-1.495314e-01
7.940000	-1.643322e-01
7.945000	-1.709720e-01
7.950000	-1.619330e-01
7.955000	-1.357332e-01
7.960000	-9.650621e-02
7.965000	-5.056956e-02
7.970000	-4.221167e-03
7.975000	3.666936e-02
7.980000	6.760906e-02
7.985000	8.661179e-02
7.990000	9.426661e-02
7.995000	9.354273e-02
8.000000	8.797153e-02
8.005000	8.014246e-02
8.010000	7.125029e-02
8.015000	6.135353e-02
8.020000	5.012841e-02
8.025000	3.760554e-02
8.030000	2.408845e-02
8.035000	9.869951e-03
8.040000	-4.952114e-03
8.045000	-2.053847e-02
8.050000	-3.717258e-02
8.055000	-5.496363e-02
8.060000	-7.358075e-02
8.065000	-9.237182e-02
8.070000	-1.105730e-01
8.075000	-1.275336e-01
8.080000	-1.428739e-01
8.085000	-1.564435e-01
8.090000	-1.682038e-01
8.095000	-1.784940e-01
8.100000	-1.881344e-01
8.105000	-1.979943e-01
8.110000	-2.085148e-01
8.115000	-2.193452e-01
8.120000	-2.295357e-01
8.125000	-2.378954e-01
8.130000	-2.435460e-01
8.135000	-2.463164e-01
8.140000	-2.464071e-01
8.145000	-2.439871e-01
8.150000	-2.391980e-01
8.155000	-2.317789e-01
8.160000	-2.212698e-01
8.165000	-2.072186e-01
8.170000	-1.892697e-01
8.175000	-1.672993e-01
8.180000	-1.421002e-01
8.185000	-1.157896e-01
8.190000	-9.180347e-02
8.195000	-7.305105e-02
8.200000	-6.010879e-02
8.205000	-5.203506e-02
8.210000	-4.753484e-02
8.215000	-4.539735e-02
8.220000	-4.419514e-02
8.225000	-4.192372e-02
8.230000	-3.681267e-02
8.235000	-2.850228e-02
8.240000	-1.875416e-02
8.245000	-1.033058e-02
8.250000	-5.649202e-03
8.255000	-5.708092e-03
8.260000	-8.082710e-03
8.265000	-8.246090e-03
8.270000	-2.966362e-03
8.275000	9.863235e-03
8.280000	3.229752e-02
8.285000	6.660181e-02
8.290000	1.120446e-01
8.295000	1.620255e-01
8.300000	2.078348e-01
8.305000	2.428961e-01
8.310000	2.620058e-01
8.315000	2.613486e-01
8.320000	2.423984e-01
8.325000	2.125571e-01
8.330000	1.818367e-01
8.335000	1.598466e-01
8.340000	1.522060e-01
8.345000	1.571258e-01
8.350000	1.690952e-01
8.355000	1.831957e-01
8.360000	1.950051e-01
8.365000	2.005050e-01
8.370000	1.998646e-01
8.375000	1.976049e-01
8.380000	1.981443e-01
8.385000	2.020543e-01
8.390000	2.078237e-01
8.395000	2.152047e-01
8.400000	2.282640e-01
8.405000	2.514835e-01
8.410000	2.801230e-01
8.415000	3.030534e-01
8.420000	3.144032e-01
8.425000	3.146033e-01
8.430000	3.059531e-01
8.435000	2.932740e-01
8.440000	2.846036e-01
8.445000	2.841331e-01
8.450000	2.852030e-01
8.455000	2.794533e-01
8.460000	2.686531e-01
8.465000	2.582431e-01
8.470000	2.481828e-01
8.475000	2.390738e-01
8.480000	2.355034e-01
8.485000	2.379023e-01
8.490000	2.415919e-01
8.495000	2.455018e-01
8.500000	2.544514e-01
8.505000	2.710312e-01
8.510000	2.901708e-01
8.515000	3.026317e-01
8.520000	3.016115e-01
8.525000	2.894709e-01
8.530000	2.760308e-01
8.535000	2.673209e-01
8.540000	2.630306e-01
8.545000	2.649503e-01
8.550000	2.750699e-01
8.555000	2.883209e-01
8.560000	2.978708e-01
8.565000	3.006097e-01
8.570000	2.991896e-01
8.575000	3.054596e-01
8.580000	3.314392e-01
8.585000	3.693291e-01
8.590000	3.904697e-01
8.595000	3.755508e-01
8.600000	3.358113e-01
8.605000	2.973804e-01
8.610000	2.737905e-01
8.615000	2.574305e-01
8.620000	2.320108e-01
8.625000	1.939303e-01
8.630000	1.604601e-01
8.635000	1.516701e-01
8.640000	1.687598e-01
8.645000	1.917085e-01
8.650000	2.000185e-01
8.655000	1.943482e-01
8.660000	1.892682e-01
8.665000	1.912375e-01
8.670000	1.945275e-01
8.675000	1.937776e-01
8.680000	1.906175e-01
8.685000	1.895267e-01
8.690000	1.922968e-01
8.695000	1.970065e-01
8.700000	2.015065e-01
8.705000	2.063661e-01
8.710000	2.127560e-01
8.715000	2.197365e-01
8.720000	2.246966e-01
8.725000	2.251156e-01
8.730000	2.206659e-01
8.735000	2.128756e-01
8.740000	2.041858e-01
8.745000	1.972251e-01
8.750000	1.941354e-01
8.755000	1.957852e-01
8.760000	2.011254e-01
8.765000	2.075147e-01
8.770000	2.114450e-01
8.775000	2.090749e-01
8.780000	1.980255e-01
8.785000	1.811149e-01
8.790000	1.658853e-01
8.795000	1.588054e-01
8.800000	1.598956e-01
8.805000	1.633343e-01
8.810000	1.622250e-01
8.815000	1.526745e-01
8.820000	1.342551e-01
8.825000	1.107744e-01
8.830000	8.819397e-02
8.835000	6.903835e-02
8.840000	5.016696e-02
8.845000	2.685509e-02
8.850000	-2.563816e-03
8.855000	-3.625413e-02
8.860000	-6.949980e-02
8.865000	-9.621892e-02
8.870000	-1.123268e-01
8.875000	-1.177982e-01
8.880000	-1.172781e-01
8.885000	-1.177785e-01
8.890000	-1.252881e-01
8.895000	-1.423389e-01
8.900000	-1.678885e-01
8.905000	-1.974493e-01
8.910000	-2.238993e-01
8.915000	-2.407610e-01
8.920000	-2.446215e-01
8.925000	-2.345421e-01
8.930000	-2.095527e-01
8.935000	-1.717437e-01
8.940000	-1.300938e-01
8.945000	-9.674904e-02
8.950000	-8.187251e-02
8.955000	-9.073838e-02
8.960000	-1.209940e-01
8.965000	-1.627836e-01
8.970000	-2.046333e-01
8.975000	-2.396639e-01
8.980000	-2.627141e-01
8.985000	-2.685244e-01
8.990000	-2.580046e-01
8.995000	-2.382057e-01
9.000000	-2.204157e-01
9.005000	-2.175353e-01
9.010000	-2.342453e-01
9.015000	-2.601059e-01
9.020000	-2.782660e-01
9.025000	-2.810565e-01
9.030000	-2.734868e-01
9.035000	-2.661280e-01
9.040000	-2.652080e-01
9.045000	-2.684676e-01
9.050000	-2.714177e-01
9.055000	-2.741682e-01
9.060000	-2.799484e-01
9.065000	-2.897985e-01
9.070000	-3.008287e-01
9.075000	-3.088098e-01
9.080000	-3.111302e-01
9.085000	-3.064100e-01
9.090000	-2.951903e-01
9.095000	-2.849608e-01
9.100000	-2.872209e-01
9.105000	-3.044010e-01
9.110000	-3.252615e-01
9.115000	-3.390533e-01
9.120000	-3.470339e-01
9.125000	-3.569324e-01
9.130000	-3.715631e-01
9.135000	-3.849834e-01
9.140000	-3.880144e-01
9.145000	-3.752644e-01
9.150000	-3.469854e-01
9.155000	-3.080360e-01
9.160000	-2.678969e-01
9.165000	-2.361260e-01
9.170000	-2.153366e-01
9.175000	-2.033263e-01
9.180000	-2.009371e-01
9.185000	-2.084766e-01
9.190000	-2.174575e-01
9.195000	-2.190280e-01
9.200000	-2.180690e-01
9.205000	-2.252881e-01
9.210000	-2.361493e-01
9.215000	-2.310896e-01
9.220000	-1.958715e-01
9.225000	-1.301212e-01
9.230000	-4.401792e-02
9.235000	4.506003e-02
9.240000	1.200074e-01
9.245000	1.712585e-01
9.250000	1.972882e-01
9.255000	2.017897e-01
9.260000	1.913695e-01
9.265000	1.727803e-01
9.270000	1.525697e-01
9.275000	1.405608e-01
9.280000	1.456900e-01
9.285000	1.658695e-01
9.290000	1.854590e-01
9.295000	1.872297e-01
9.300000	1.693094e-01
9.305000	1.458094e-01
9.310000	1.312489e-01
9.315000	1.284192e-01
9.320000	1.302186e-01
9.325000	1.300286e-01
9.330000	1.278080e-01
9.335000	1.266283e-01
9.340000	1.275677e-01
9.345000	1.291478e-01
9.350000	1.302073e-01
9.355000	1.327379e-01
9.360000	1.405372e-01
9.365000	1.543469e-01
9.370000	1.701465e-01
9.375000	1.812369e-01
9.380000	1.812767e-01
9.385000	1.673369e-01
9.390000	1.411767e-01
9.395000	1.104568e-01
9.400000	8.907202e-02
9.405000	9.153839e-02
9.410000	1.225844e-01
9.415000	1.715645e-01
9.420000	2.178542e-01
9.425000	2.412249e-01
9.430000	2.337849e-01
9.435000	2.090162e-01
9.440000	1.886056e-01
9.445000	1.785347e-01
9.450000	1.746639e-01
9.455000	1.826938e-01
9.460000	2.114428e-01
9.465000	2.560128e-01
9.470000	3.023721e-01
9.475000	3.391933e-01
9.480000	3.610632e-01
9.485000	3.772526e-01
9.490000	4.139822e-01
9.495000	4.850131e-01
9.500000	5.533042e-01
9.505000	5.468858e-01
9.510000	4.325883e-01
9.515000	2.494794e-01
9.520000	7.620071e-02
9.525000	-3.560463e-02
9.530000	-8.030744e-02
9.535000	-6.995147e-02
9.540000	-1.357355e-02
9.545000	8.226843e-02
9.550000	2.093778e-01
9.555000	3.553991e-01
9.560000	4.895498e-01
9.565000	5.560711e-01
9.570000	5.183132e-01
9.575000	4.093547e-01
9.580000	3.182642e-01
9.585000	3.006634e-01
9.590000	3.350128e-01
9.595000	3.723055e-01
9.600000	3.927059e-01
9.605000	3.961933e-01
9.610000	3.794839e-01
9.615000	3.473533e-01
9.620000	3.135537e-01
9.625000	2.890727e-01
9.630000	2.802227e-01
9.635000	2.870625e-01
9.640000	3.025627e-01
9.645000	3.186316e-01
9.650000	3.291222e-01
9.655000	3.302221e-01
9.660000	3.229328e-01
9.665000	3.075723e-01
9.670000	2.849229e-01
9.675000	2.643930e-01
9.680000	2.555835e-01
9.685000	2.582620e-01
9.690000	2.665626e-01
9.695000	2.752521e-01
9.700000	2.800531e-01
9.705000	2.765226e-01
9.710000	2.592038e-01
9.715000	2.214940e-01
9.720000	1.613655e-01
9.725000	8.637644e-02
9.730000	7.944726e-03
9.735000	-6.370495e-02
9.740000	-1.218154e-01
9.745000	-1.673269e-01
9.750000	-2.058867e-01
9.755000	-2.397491e-01
9.760000	-2.658591e-01
9.765000	-2.815392e-01
9.770000	-2.871393e-01
9.775000	-2.849804e-01
9.780000	-2.783304e-01
9.785000	-2.711109e-01
9.790000	-2.680409e-01
9.795000	-2.738020e-01
9.800000	-2.890020e-01
9.805000	-3.058322e-01
9.810000	-3.096027e-01
9.815000	-2.898437e-01
9.820000	-2.515441e-01
9.825000	-2.137142e-01
9.830000	-1.957939e-01
9.835000	-2.041845e-01
9.840000	-2.285944e-01
9.845000	-2.486842e-01
9.850000	-2.519344e-01
9.855000	-2.456149e-01
9.860000	-2.445449e-01
9.865000	-2.531750e-01
9.870000	-2.677750e-01
9.875000	-2.872758e-01
9.880000	-3.104262e-01
9.885000	-3.306262e-01
9.890000	-3.392570e-01
9.895000	-3.319479e-01
9.900000	-3.136287e-01
9.905000	-2.941190e-01
9.910000	-2.762697e-01
9.915000	-2.568111e-01
9.920000	-2.362817e-01
9.925000	-2.208099e-01
9.930000	-2.196602e-01
9.935000	-2.412996e-01
9.940000	-2.880102e-01
9.945000	-3.510400e-01
9.950000	-4.075414e-01
9.955000	-4.266134e-01
9.960000	-3.840263e-01
9.965000	-2.735462e-01
9.970000	-1.130888e-01
9.975000	5.968815e-02
9.980000	2.076614e-01
9.985000	3.127334e-01
9.990000	3.758236e-01
9.995000	4.065570e-01
10.000000	4.151673e-01
10.005000	4.101873e-01
10.010000	3.977777e-01
10.015000	3.808987e-01
10.020000	3.598889e-01
10.025000	3.347092e-01
10.030000	3.070894e-01
10.035000	2.801802e-01
10.040000	2.572701e-01
10.045000	2.401796e-01
10.050000	2.280296e-01
10.055000	2.183298e-01
10.060000	2.088797e-01
10.065000	1.996497e-01
10.070000	1.919396e-01
10.075000	1.867703e-01
10.080000	1.844901e-01
10.085000	1.845892e-01
10.090000	1.857391e-01
10.095000	1.877090e-01
10.100000	1.922189e-01
10.105000	1.995986e-01
10.110000	2.079186e-01
10.115000	2.135391e-01
10.120000	2.122092e-01
10.125000	2.007389e-01
10.130000	1.777490e-01
10.135000	1.510788e-01
10.140000	1.415481e-01
10.145000	1.647174e-01
10.150000	2.103770e-01
10.155000	2.533781e-01
10.160000	2.759285e-01
10.165000	2.735982e-01
10.170000	2.589082e-01
10.175000	2.531783e-01
10.180000	2.631082e-01
10.185000	2.767681e-01
10.190000	2.872480e-01
10.195000	3.021288e-01
10.200000	3.263888e-01
10.205000	3.510288e-01
10.210000	3.653991e-01
10.215000	3.673803e-01
10.220000	3.586609e-01
10.225000	3.438916e-01
10.230000	3.300219e-01
10.235000	3.212054e-01
10.240000	3.128957e-01
10.245000	2.977716e-01
10.250000	2.788120e-01
10.255000	2.658308e-01
10.260000	2.653011e-01
10.265000	2.774198e-01
10.270000	2.998201e-01
10.275000	3.294901e-01
10.280000	3.616707e-01
10.285000	3.888993e-01
10.290000	4.034600e-01
10.295000	4.008999e-01
10.300000	3.823409e-01
10.305000	3.547800e-01
10.310000	3.285009e-01
10.315000	3.124210e-01
10.320000	3.088220e-01
10.325000	3.106201e-01
10.330000	3.075413e-01
10.335000	2.925207e-01
10.340000	2.605923e-01
10.345000	2.072911e-01
10.350000	1.311229e-01
10.355000	3.741776e-02
10.360000	-6.164296e-02
10.365000	-1.519583e-01
10.370000	-2.226974e-01
10.375000	-2.689393e-01
10.380000	-2.915287e-01
10.385000	-2.950700e-01
10.390000	-2.866895e-01
10.395000	-2.746418e-01
10.400000	-2.653512e-01
10.405000	-2.619707e-01
10.410000	-2.661900e-01
10.415000	-2.780910e-01
10.420000	-2.950202e-01
10.425000	-3.125607e-01
10.430000	-3.270402e-01
10.435000	-3.353217e-01
10.440000	-3.348913e-01
10.445000	-3.272913e-01
10.450000	-3.176410e-01
10.455000	-3.097119e-01
10.460000	-3.045816e-01
10.465000	-3.037818e-01
10.470000	-3.065615e-01
10.475000	-3.060232e-01
10.480000	-2.960229e-01
10.485000	-2.785924e-01
10.490000	-2.591423e-01
10.495000	-2.368127e-01
10.500000	-2.085123e-01
10.505000	-1.844722e-01
10.510000	-1.859814e-01
10.515000	-2.238320e-01
10.520000	-2.832814e-01
10.525000	-3.333316e-01
10.530000	-3.558915e-01
10.535000	-3.586226e-01
10.540000	-3.582523e-01
10.545000	-3.655129e-01
10.550000	-3.862525e-01
10.555000	-4.239154e-01
10.560000	-4.712854e-01
10.565000	-5.048136e-01
10.570000	-5.054539e-01
10.575000	-4.781642e-01
10.580000	-4.385945e-01
10.585000	-3.956241e-01
10.590000	-3.515045e-01
10.595000	-3.081149e-01
10.600000	-2.658753e-01
10.605000	-2.210144e-01
10.610000	-1.695146e-01
10.615000	-1.205542e-01
10.620000	-9.676187e-02
10.625000	-1.131733e-01
10.630000	-1.603527e-01
10.635000	-2.109535e-01
10.640000	-2.462636e-01
10.645000	-2.680230e-01
10.650000	-2.795129e-01
10.655000	-2.729134e-01
10.660000	-2.482234e-01
10.665000	-2.313629e-01
10.670000	-2.548723e-01
10.675000	-3.237527e-01
10.680000	-4.060328e-01
10.685000	-4.604726e-01
10.690000	-4.752031e-01
10.695000	-4.695240e-01
10.700000	-4.622546e-01
10.705000	-4.527246e-01
10.710000	-4.350253e-01
10.715000	-4.175369e-01
10.720000	-4.162574e-01
10.725000	-4.345551e-01
10.730000	-4.598759e-01
10.735000	-4.739859e-01
10.740000	-4.665772e-01
10.745000	-4.401867e-01
10.750000	-3.988883e-01
10.755000	-3.370586e-01
10.760000	-2.408707e-01
10.765000	-1.026295e-01
10.770000	6.172083e-02
10.775000	2.158109e-01
10.780000	3.271704e-01
10.785000	3.853324e-01
10.790000	4.000226e-01
10.795000	3.892454e-01
10.800000	3.696953e-01
10.805000	3.529050e-01
10.810000	3.445548e-01
10.815000	3.446857e-01
10.820000	3.489557e-01
10.825000	3.514261e-01
10.830000	3.477762e-01
10.835000	3.373276e-01
10.840000	3.223378e-01
10.845000	3.065074e-01
10.850000	2.937275e-01
10.855000	2.865882e-01
10.860000	2.852183e-01
10.865000	2.877486e-01
10.870000	2.912889e-01
10.875000	2.926011e-01
10.880000	2.888815e-01
10.885000	2.788795e-01
10.890000	2.640800e-01
10.895000	2.493796e-01
10.900000	2.394900e-01
10.905000	2.339995e-01
10.910000	2.278801e-01
10.915000	2.171802e-01
10.920000	2.038208e-01
10.925000	1.936600e-01
10.930000	1.904805e-01
10.935000	1.930104e-01
10.940000	1.964211e-01
10.945000	1.948508e-01
10.950000	1.839916e-01
10.955000	1.637819e-01
10.960000	1.390427e-01
10.965000	1.156718e-01
10.970000	9.622771e-02
10.975000	7.808729e-02
10.980000	5.544833e-02
10.985000	2.293984e-02
10.990000	-2.101901e-02
10.995000	-7.372973e-02
11.000000	-1.299059e-01
11.005000	-1.833564e-01
11.010000	-2.283957e-01
11.015000	-2.612570e-01
11.020000	-2.817164e-01
11.025000	-2.930572e-01
11.030000	-2.998469e-01
11.035000	-3.058588e-01
11.040000	-3.130385e-01
11.045000	-3.217175e-01
11.050000	-3.312272e-01
11.055000	-3.405275e-01
11.060000	-3.482672e-01
11.065000	-3.528573e-01
11.070000	-3.527172e-01
11.075000	-3.470081e-01
11.080000	-3.363982e-01
11.085000	-3.230575e-01
11.090000	-3.102875e-01
11.095000	-3.008077e-01
11.100000	-2.953876e-01
11.105000	-2.934772e-01
11.110000	-2.942472e-01
11.115000	-2.971282e-01
11.120000	-3.018981e-01
11.125000	-3.083671e-01
11.130000	-3.159670e-01
11.135000	-3.237871e-01
11.140000	-3.308969e-01
11.145000	-3.364869e-01
11.150000	-3.401768e-01
11.155000	-3.422076e-01
11.160000	-3.431377e-01
11.165000	-3.433869e-01
11.170000	-3.431171e-01
11.175000	-3.421675e-01
11.180000	-3.402376e-01
11.185000	-3.371376e-01
11.190000	-3.330279e-01
11.195000	-3.282896e-01
11.200000	-3.232897e-01
11.205000	-3.182276e-01
11.210000	-3.126078e-01
11.215000	-3.051074e-01
11.220000	-2.947677e-01
11.225000	-2.820269e-01
11.230000	-2.679871e-01
11.235000	-2.531172e-01
11.240000	-2.374273e-01
11.245000	-2.236862e-01
11.250000	-2.184263e-01
11.255000	-2.276458e-01
11.260000	-2.519956e-01
11.265000	-2.863752e-01
11.270000	-3.228553e-01
11.275000	-3.539163e-01
11.280000	-3.765369e-01
11.285000	-3.942254e-01
11.290000	-4.109260e-01
11.295000	-4.250461e-01
11.300000	-4.314270e-01
11.305000	-4.256163e-01
11.310000	-4.056177e-01
11.315000	-3.705082e-01
11.320000	-3.200794e-01
11.325000	-2.576280e-01
11.330000	-1.928592e-01
11.335000	-1.381780e-01
11.340000	-9.975182e-02
11.345000	-7.482947e-02
11.350000	-5.702322e-02
11.355000	-4.135724e-02
11.360000	-2.498800e-02
11.365000	-6.159516e-03
11.370000	1.665225e-02
11.375000	4.416040e-02
11.380000	7.543649e-02
11.385000	1.085235e-01
11.390000	1.411228e-01
11.395000	1.710944e-01
11.400000	1.968038e-01
11.405000	2.175946e-01
11.410000	2.340442e-01
11.415000	2.472155e-01
11.420000	2.578952e-01
11.425000	2.664662e-01
11.430000	2.730758e-01
11.435000	2.777278e-01
11.440000	2.804276e-01
11.445000	2.815475e-01
11.450000	2.816973e-01
11.455000	2.815884e-01
11.460000	2.819281e-01
11.465000	2.833687e-01
11.470000	2.863186e-01
11.475000	2.906899e-01
11.480000	2.956199e-01
11.485000	2.991800e-01
11.490000	2.985801e-01
11.495000	2.923013e-01
11.500000	2.818713e-01
11.505000	2.705621e-01
11.510000	2.613121e-01
11.515000	2.553346e-01
11.520000	2.525745e-01
11.525000	2.525328e-01
11.530000	2.547028e-01
11.535000	2.586229e-01
11.540000	2.636029e-01
11.545000	2.680928e-01
11.550000	2.694329e-01
11.555000	2.657436e-01
11.560000	2.577038e-01
11.565000	2.476235e-01
11.570000	2.380436e-01
11.575000	2.304840e-01
11.580000	2.251241e-01
11.585000	2.230941e-01
11.590000	2.280640e-01
11.595000	2.439251e-01
11.600000	2.708850e-01
11.605000	3.034945e-01
11.610000	3.323947e-01
11.615000	3.476555e-01
11.620000	3.433761e-01
11.625000	3.208262e-01
11.630000	2.875568e-01
11.635000	2.531174e-01
11.640000	2.247175e-01
11.645000	2.048571e-01
11.650000	1.926574e-01
11.655000	1.861475e-01
11.660000	1.835478e-01
11.665000	1.838078e-01
11.670000	1.862880e-01
11.675000	1.901290e-01
11.680000	1.941992e-01
11.685000	1.971885e-01
11.690000	1.978288e-01
11.695000	1.957389e-01
11.700000	1.925891e-01
11.705000	1.924390e-01
11.710000	1.992791e-01
11.715000	2.137197e-01
11.720000	2.318899e-01
11.725000	2.485897e-01
11.730000	2.609999e-01
11.735000	2.695504e-01
11.740000	2.760209e-01
11.745000	2.814510e-01
11.750000	2.857915e-01
11.755000	2.884027e-01
11.760000	2.885333e-01
11.765000	2.852725e-01
11.770000	2.775732e-01
11.775000	2.649035e-01
11.780000	2.478844e-01
11.785000	2.278141e-01
11.790000	2.061249e-01
11.795000	1.842151e-01
11.800000	1.633559e-01
11.805000	1.445754e-01
11.810000	1.284860e-01
11.815000	1.150459e-01
11.820000	1.037565e-01
11.825000	9.375929e-02
11.830000	8.377501e-02
11.835000	7.251310e-02
11.840000	5.916287e-02
11.845000	4.373125e-02
11.850000	2.672301e-02
11.855000	8.742167e-03
11.860000	-9.657492e-03
11.865000	-2.800986e-02
11.870000	-4.592416e-02
11.875000	-6.307860e-02
11.880000	-7.925088e-02
11.885000	-9.437905e-02
11.890000	-1.084904e-01
11.895000	-1.216909e-01
11.900000	-1.342702e-01
11.905000	-1.466704e-01
11.910000	-1.593999e-01
11.915000	-1.730207e-01
11.920000	-1.880402e-01
11.925000	-2.046498e-01
11.930000	-2.224192e-01
11.935000	-2.400597e-01
11.940000	-2.559992e-01
11.945000	-2.692393e-01
11.950000	-2.799290e-01
11.955000	-2.887998e-01
11.960000	-2.964497e-01
11.965000	-3.029792e-01
11.970000	-3.078491e-01
11.975000	-3.101295e-01
11.980000	-3.090698e-01
11.985000	-3.046696e-01
11.990000	-2.973697e-01
11.995000	-2.876111e-01
12.000000	-2.758611e-01
12.005000	-2.625297e-01
12.010000	-2.480898e-01
12.015000	-2.332794e-01
12.020000	-2.187797e-01
12.025000	-2.048790e-01
12.030000	-1.912693e-01
12.035000	-1.774392e-01
12.040000	-1.631695e-01
12.045000	-1.489285e-01
12.050000	-1.359086e-01
12.055000	-1.256982e-01
12.060000	-1.196683e-01
12.065000	-1.184278e-01
12.070000	-1.227778e-01
12.075000	-1.334777e-01
12.080000	-1.488780e-01
12.085000	-1.672770e-01
12.090000	-1.879176e-01
12.095000	-2.039175e-01
12.100000	-2.005987e-01
12.105000	-1.639985e-01
12.110000	-9.238995e-02
12.115000	-1.140551e-03
12.120000	8.709422e-02
12.125000	1.574914e-01
12.130000	2.070214e-01
12.135000	2.394631e-01
12.140000	2.603331e-01
12.145000	2.747944e-01
12.150000	2.871046e-01
12.155000	3.000676e-01
12.160000	3.148477e-01
12.165000	3.313763e-01
12.170000	3.488165e-01
12.175000	3.658771e-01
12.180000	3.810473e-01
12.185000	3.926975e-01
12.190000	3.993579e-01
12.195000	4.000492e-01
12.200000	3.937998e-01
12.205000	3.797094e-01
12.210000	3.577101e-01
12.215000	3.291607e-01
12.220000	2.974514e-01
12.225000	2.670112e-01
12.230000	2.420817e-01
12.235000	2.252923e-01
12.240000	2.162526e-01
12.245000	2.120118e-01
12.250000	2.102722e-01
12.255000	2.116222e-01
12.260000	2.177826e-01
12.265000	2.285324e-01
12.270000	2.408228e-01
12.275000	2.511935e-01
12.280000	2.582740e-01
12.285000	2.621137e-01
12.290000	2.629242e-01
12.295000	2.611547e-01
12.300000	2.597252e-01
12.305000	2.627052e-01
12.310000	2.709156e-01
12.315000	2.817870e-01
12.320000	2.972075e-01
12.325000	3.260063e-01
12.330000	3.747866e-01
12.335000	4.409371e-01
12.340000	5.112682e-01
12.345000	5.631387e-01
12.350000	5.699612e-01
12.355000	5.106533e-01
12.360000	3.816362e-01
12.365000	2.065552e-01
12.370000	3.028504e-02
12.375000	-1.074847e-01
12.380000	-1.923142e-01
12.385000	-2.313259e-01
12.390000	-2.397255e-01
12.395000	-2.334575e-01
12.400000	-2.263466e-01
12.405000	-2.277065e-01
12.410000	-2.410556e-01
12.415000	-2.641763e-01
12.420000	-2.917254e-01
12.425000	-3.179359e-01
12.430000	-3.386753e-01
12.435000	-3.525268e-01
12.440000	-3.604365e-01
12.445000	-3.647464e-01
12.450000	-3.679560e-01
12.455000	-3.716270e-01
12.460000	-3.758367e-01
12.465000	-3.794072e-01
12.470000	-3.805671e-01
12.475000	-3.776496e-01
12.480000	-3.691096e-01
12.485000	-3.539575e-01
12.490000	-3.323677e-01
12.495000	-3.060474e-01
12.500000	-2.782475e-01
12.505000	-2.517268e-01
12.510000	-2.272368e-01
12.515000	-2.045267e-01
12.520000	-1.839965e-01
12.525000	-1.672156e-01
12.530000	-1.568054e-01
12.535000	-1.550449e-01
12.540000	-1.610146e-01
12.545000	-1.722041e-01
12.550000	-1.890738e-01
12.555000	-2.129442e-01
12.560000	-2.415441e-01
12.565000	-2.726632e-01
12.570000	-3.071232e-01
12.575000	-3.419434e-01
12.580000	-3.652240e-01
12.585000	-3.675339e-01
12.590000	-3.527748e-01
12.595000	-3.294454e-01
12.600000	-3.004564e-01
12.605000	-2.654554e-01
12.610000	-2.253965e-01
12.615000	-1.803861e-01
12.620000	-1.276874e-01
12.625000	-6.471243e-02
12.630000	6.860305e-03
12.635000	8.096027e-02
12.640000	1.506640e-01
12.645000	2.119349e-01
12.650000	2.643247e-01
12.655000	3.079263e-01
12.660000	3.409964e-01
12.665000	3.612576e-01
12.670000	3.689779e-01
12.675000	3.685498e-01
12.680000	3.661600e-01
12.685000	3.650302e-01
12.690000	3.645105e-01
12.695000	3.626716e-01
12.700000	3.576420e-01
12.705000	3.484025e-01
12.710000	3.358730e-01
12.715000	3.227846e-01
12.720000	3.117549e-01
12.725000	3.046942e-01
12.730000	3.027945e-01
12.735000	3.060649e-01
12.740000	3.128254e-01
12.745000	3.197455e-01
12.750000	3.226961e-01
12.755000	3.198273e-01
12.760000	3.140377e-01
12.765000	3.109375e-01
12.770000	3.140679e-01
12.775000	3.209987e-01
12.780000	3.247595e-01
12.785000	3.205501e-01
12.790000	3.108609e-01
12.795000	3.013037e-01
12.800000	2.954443e-01
12.805000	2.963016e-01
12.810000	3.079921e-01
12.815000	3.330215e-01
12.820000	3.685624e-01
12.825000	4.053218e-01
12.830000	4.281031e-01
12.835000	4.202440e-01
12.840000	3.720657e-01
12.845000	2.869046e-01
12.850000	1.819364e-01
12.855000	8.197658e-02
12.860000	6.668531e-03
12.865000	-3.818139e-02
12.870000	-5.830646e-02
12.875000	-6.426254e-02
12.880000	-6.629751e-02
12.885000	-7.207691e-02
12.890000	-8.598879e-02
12.895000	-1.089734e-01
12.900000	-1.387422e-01
12.905000	-1.713328e-01
12.910000	-2.026417e-01
12.915000	-2.298929e-01
12.920000	-2.524021e-01
12.925000	-2.707122e-01
12.930000	-2.855515e-01
12.935000	-2.972723e-01
12.940000	-3.060117e-01
12.945000	-3.120822e-01
12.950000	-3.158716e-01
12.955000	-3.179435e-01
12.960000	-3.192229e-01
12.965000	-3.208018e-01
12.970000	-3.235212e-01
12.975000	-3.276915e-01
12.980000	-3.328110e-01
12.985000	-3.378309e-01
12.990000	-3.416204e-01
12.995000	-3.433712e-01
13.000000	-3.429310e-01
13.005000	-3.406604e-01
13.010000	-3.371201e-01
13.015000	-3.328105e-01
13.020000	-3.280502e-01
13.025000	-3.229600e-01
13.030000	-3.176298e-01
13.035000	-3.121708e-01
13.040000	-3.067307e-01
13.045000	-3.016094e-01
13.050000	-2.971893e-01
13.055000	-2.938693e-01
13.060000	-2.918591e-01
13.065000	-2.909387e-01
13.070000	-2.906185e-01
13.075000	-2.902990e-01
13.080000	-2.893590e-01
13.085000	-2.872581e-01
13.090000	-2.837482e-01
13.095000	-2.789782e-01
13.100000	-2.732983e-01
13.105000	-2.670682e-01
13.110000	-2.605481e-01
13.115000	-2.539793e-01
13.120000	-2.476194e-01
13.125000	-2.418275e-01
13.130000	-2.369975e-01
13.135000	-2.333769e-01
13.140000	-2.308070e-01
13.145000	-2.285663e-01
13.150000	-2.257763e-01
13.155000	-2.220263e-01
13.160000	-2.178164e-01
13.165000	-2.146454e-01
13.170000	-2.140856e-01
13.175000	-2.163052e-01
13.180000	-2.191754e-01
13.185000	-2.193550e-01
13.190000	-2.141452e-01
13.195000	-2.029455e-01
13.200000	-1.870860e-01
13.205000	-1.690946e-01
13.210000	-1.513550e-01
13.215000	-1.350343e-01
13.220000	-1.201847e-01
13.225000	-1.063339e-01
13.230000	-9.287628e-02
13.235000	-7.934773e-02
13.240000	-6.554904e-02
13.245000	-5.156816e-02
13.250000	-3.776449e-02
13.255000	-2.463275e-02
13.260000	-1.266607e-02
13.265000	-2.263805e-03
13.270000	6.396444e-03
13.275000	1.369126e-02
13.280000	2.075301e-02
13.285000	2.905964e-02
13.290000	3.973132e-02
13.295000	5.302705e-02
13.300000	6.844672e-02
13.305000	8.490036e-02
13.310000	1.008791e-01
13.315000	1.152101e-01
13.320000	1.278699e-01
13.325000	1.404303e-01
13.330000	1.550101e-01
13.335000	1.727709e-01
13.340000	1.928107e-01
13.345000	2.123115e-01
13.350000	2.275114e-01
13.355000	2.362130e-01
13.360000	2.398132e-01
13.365000	2.420330e-01
13.370000	2.467830e-01
13.375000	2.565937e-01
13.380000	2.728037e-01
13.385000	2.957540e-01
13.390000	3.243743e-01
13.395000	3.551556e-01
13.400000	3.814264e-01
13.405000	3.944866e-01
13.410000	3.863579e-01
13.415000	3.537291e-01
13.420000	3.010003e-01
13.425000	2.388504e-01
13.430000	1.789011e-01
13.435000	1.292715e-01
13.440000	9.307184e-02
13.445000	6.844667e-02
13.450000	5.130008e-02
13.455000	3.800067e-02
13.460000	2.671410e-02
13.465000	1.759678e-02
13.470000	1.201917e-02
13.475000	1.099498e-02
13.480000	1.374341e-02
13.485000	1.810328e-02
13.490000	2.148879e-02
13.495000	2.151478e-02
13.500000	1.586945e-02
13.505000	2.422945e-03
13.510000	-1.989985e-02
13.515000	-4.943715e-02
13.520000	-8.050172e-02
13.525000	-1.051668e-01
13.530000	-1.163766e-01
13.535000	-1.121070e-01
13.540000	-9.898668e-02
13.545000	-8.907362e-02
13.550000	-9.035215e-02
13.555000	-1.007063e-01
13.560000	-1.119860e-01
13.565000	-1.188158e-01
13.570000	-1.223956e-01
13.575000	-1.271057e-01
13.580000	-1.356654e-01
13.585000	-1.470454e-01
13.590000	-1.577052e-01
13.595000	-1.640961e-01
13.600000	-1.644760e-01
13.605000	-1.589353e-01
13.610000	-1.489053e-01
13.615000	-1.363251e-01
13.620000	-1.229851e-01
13.625000	-1.103447e-01
13.630000	-9.948770e-02
13.635000	-9.115256e-02
13.640000	-8.552745e-02
13.645000	-8.210796e-02
13.650000	-8.010983e-02
13.655000	-7.884065e-02
13.660000	-7.781753e-02
13.665000	-7.673724e-02
13.670000	-7.543418e-02
13.675000	-7.383416e-02
13.680000	-7.190714e-02
13.685000	-6.966758e-02
13.690000	-6.716554e-02
13.695000	-6.438131e-02
13.700000	-6.115631e-02
13.705000	-5.719993e-02
13.710000	-5.221501e-02
13.715000	-4.612079e-02
13.720000	-3.926978e-02
13.725000	-3.227740e-02
13.730000	-2.580036e-02
13.735000	-2.029701e-02
13.740000	-1.588300e-02
13.745000	-1.246756e-02
13.750000	-9.908768e-03
13.755000	-8.023819e-03
13.760000	-6.550215e-03
13.765000	-5.217789e-03
13.770000	-3.830409e-03
13.775000	-2.285108e-03
13.780000	-5.799482e-04
13.785000	1.239775e-03
13.790000	3.116259e-03
13.795000	5.004876e-03
13.800000	6.875890e-03
13.805000	8.723674e-03
13.810000	1.055299e-02
13.815000	1.237331e-02
13.820000	1.419435e-02
13.825000	1.602364e-02
13.830000	1.786071e-02
13.835000	1.970108e-02
13.840000	2.153612e-02
13.845000	2.335635e-02
13.850000	2.515344e-02
13.855000	2.692876e-02
13.860000	2.868685e-02
13.865000	3.043608e-02
13.870000	3.217423e-02
13.875000	3.389563e-02
13.880000	3.559574e-02
13.885000	3.728196e-02
13.890000	3.897007e-02
13.895000	4.069041e-02
13.900000	4.247049e-02
13.905000	4.432976e-02
13.910000	4.624491e-02
13.915000	4.812844e-02
13.920000	4.979660e-02
13.925000	5.098066e-02
13.930000	5.137087e-02
13.935000	5.076314e-02
13.940000	4.916136e-02
13.945000	4.661156e-02
13.950000	4.304585e-02
13.955000	3.830412e-02
13.960000	3.232341e-02
13.965000	2.534349e-02
13.970000	1.774077e-02
13.975000	9.838602e-03
13.980000	1.824309e-03
13.985000	-6.241636e-03
13.990000	-1.437360e-02
13.995000	-2.256954e-02
14.000000	-3.071637e-02
14.005000	-3.850629e-02
14.010000	-4.543415e-02
14.015000	-5.087411e-02
14.020000	-5.434412e-02
14.025000	-5.573297e-02
14.030000	-5.507800e-02
14.035000	-5.238802e-02
14.040000	-4.779711e-02
14.045000	-4.177784e-02
14.050000	-3.493496e-02
14.055000	-2.775476e-02
14.060000	-2.053582e-02
14.065000	-1.338659e-02
14.070000	-6.293073e-03
14.075000	8.120762e-04
14.080000	7.979194e-03
14.085000	1.523902e-02
14.090000	2.259701e-02
14.095000	3.004438e-02
14.100000	3.755038e-02
14.105000	4.505671e-02
14.110000	5.246167e-02
14.115000	5.963014e-02
14.120000	6.640313e-02
14.125000	7.266234e-02
14.130000	7.837238e-02
14.135000	8.349980e-02
14.140000	8.794590e-02
14.145000	9.157418e-02
14.150000	9.434029e-02
14.155000	9.642990e-02
14.160000	9.808807e-02
14.165000	9.944598e-02
14.170000	1.004241e-01
14.175000	1.007345e-01
14.180000	1.000196e-01
14.185000	9.806174e-02
14.190000	9.501494e-02
14.195000	9.124135e-02
14.200000	8.711357e-02
14.205000	8.293856e-02
14.210000	7.892177e-02
14.215000	7.517699e-02
14.220000	7.172019e-02
14.225000	6.849232e-02
14.230000	6.539956e-02
14.235000	6.235890e-02
14.240000	5.931013e-02
14.245000	5.621998e-02
14.250000	5.307421e-02
14.255000	4.986529e-02
14.260000	4.659854e-02
14.265000	4.329765e-02
14.270000	4.001686e-02
14.275000	3.685701e-02
14.280000	3.395121e-02
14.285000	3.144619e-02
14.290000	2.941141e-02
14.295000	2.778044e-02
14.300000	2.641767e-02
14.305000	2.518872e-02
14.310000	2.399095e-02
14.315000	2.275205e-02
14.320000	2.142526e-02
14.325000	1.996826e-02
14.330000	1.834450e-02
14.335000	1.653857e-02
14.340000	1.457684e-02
14.345000	1.251187e-02
14.350000	1.038916e-02
14.355000	8.252064e-03
14.360000	6.131376e-03
14.365000	4.052586e-03
14.370000	2.032670e-03
14.375000	7.571303e-05
14.380000	-1.842703e-03
14.385000	-3.794214e-03
14.390000	-5.915880e-03
14.395000	-8.395235e-03
14.400000	-1.142784e-02
14.405000	-1.511268e-02
14.410000	-1.936146e-02
14.415000	-2.399146e-02
14.420000	-2.882224e-02
14.425000	-3.371819e-02
14.430000	-3.858796e-02
14.435000	-4.336506e-02
14.440000	-4.799483e-02
14.445000	-5.242173e-02
14.450000	-5.660158e-02
14.455000	-6.053163e-02
14.460000	-6.428851e-02
14.465000	-6.796247e-02
14.470000	-7.157939e-02
14.475000	-7.504762e-02
14.480000	-7.814560e-02
14.485000	-8.056031e-02
14.490000	-8.200832e-02
14.495000	-8.233830e-02
14.500000	-8.142635e-02
14.505000	-7.912723e-02
14.510000	-7.541829e-02
14.515000	-7.055741e-02
14.520000	-6.490143e-02
14.525000	-5.870115e-02
14.530000	-5.206924e-02
14.535000	-4.503807e-02
14.540000	-3.767018e-02
14.545000	-3.004800e-02
14.550000	-2.225212e-02
14.555000	-1.437994e-02
14.560000	-6.574104e-03
14.565000	9.574378e-04
14.570000	7.948927e-03
14.575000	1.414262e-02
14.580000	1.942664e-02
14.585000	2.395889e-02
14.590000	2.800188e-02
14.595000	3.175614e-02
14.600000	3.526413e-02
14.605000	3.841536e-02
14.610000	4.101633e-02
14.615000	4.294060e-02
14.620000	4.426357e-02
14.625000	4.518172e-02
14.630000	4.589368e-02
14.635000	4.655703e-02
14.640000	4.726006e-02
14.645000	4.803309e-02
14.650000	4.886118e-02
14.655000	4.969848e-02
14.660000	5.049653e-02
14.665000	5.122875e-02
14.670000	5.190778e-02
14.675000	5.260704e-02
14.680000	5.347099e-02
14.685000	5.469903e-02
14.690000	5.649295e-02
14.695000	5.895817e-02
14.700000	6.199513e-02
14.705000	6.540537e-02
14.710000	6.898235e-02
14.715000	7.258106e-02
14.720000	7.612010e-02
14.725000	7.958374e-02
14.730000	8.299873e-02
14.735000	8.641287e-02
14.740000	8.987986e-02
14.745000	9.343893e-02
14.750000	9.708498e-02
14.755000	1.007472e-01
14.760000	1.042474e-01
14.765000	1.073173e-01
14.770000	1.095774e-01
14.775000	1.107476e-01
14.780000	1.106778e-01
14.785000	1.092878e-01
14.790000	1.064780e-01
14.795000	1.022685e-01
14.800000	9.697175e-02
14.805000	9.102643e-02
14.810000	8.480465e-02
14.815000	7.855465e-02
14.820000	7.239586e-02
14.825000	6.634878e-02
14.830000	6.037497e-02
14.835000	5.442301e-02
14.840000	4.844819e-02
14.845000	4.242600e-02
14.850000	3.636225e-02
14.855000	3.028922e-02
14.860000	2.425143e-02
14.865000	1.829533e-02
14.870000	1.245454e-02
14.875000	6.726693e-03
14.880000	1.053024e-03
14.885000	-4.651184e-03
14.890000	-1.045826e-02
14.895000	-1.637432e-02
14.900000	-2.229324e-02
14.905000	-2.794530e-02
14.910000	-3.289427e-02
14.915000	-3.661047e-02
14.920000	-3.867356e-02
14.925000	-3.896954e-02
14.930000	-3.750560e-02
14.935000	-3.425765e-02
14.940000	-2.932173e-02
14.945000	-2.310474e-02
14.950000	-1.613683e-02
14.955000	-8.852966e-03
14.960000	-1.538775e-03
14.965000	5.674773e-03
14.970000	1.275621e-02
14.975000	1.973137e-02
14.980000	2.663829e-02
14.985000	3.351739e-02
14.990000	4.040829e-02
14.995000	4.735960e-02
15.000000	5.443654e-02
15.005000	6.171765e-02
15.010000	6.925759e-02
15.015000	7.703691e-02
15.020000	8.489898e-02
15.025000	9.255014e-02
15.030000	9.960723e-02
15.035000	1.056810e-01
15.040000	1.105511e-01
15.045000	1.143107e-01
15.050000	1.171709e-01
15.055000	1.192210e-01
15.060000	1.204212e-01
15.065000	1.206512e-01
15.070000	1.198914e-01
15.075000	1.181318e-01
15.080000	1.153421e-01
15.085000	1.115219e-01
15.090000	1.069221e-01
15.095000	1.018621e-01
15.100000	9.659641e-02
15.105000	9.134126e-02
15.110000	8.619542e-02
15.115000	8.119156e-02
15.120000	7.630276e-02
15.125000	7.148037e-02
15.130000	6.667860e-02
15.135000	6.186245e-02
15.140000	5.701576e-02
15.145000	5.213654e-02
15.150000	4.722979e-02
15.155000	4.230472e-02
15.160000	3.736899e-02
15.165000	3.243078e-02
15.170000	2.750406e-02
15.175000	2.260686e-02
15.180000	1.776113e-02
15.185000	1.298895e-02
15.190000	8.296658e-03
15.195000	3.665856e-03
15.200000	-9.266280e-04
15.205000	-5.483712e-03
15.210000	-9.973836e-03
15.215000	-1.433808e-02
15.220000	-1.850587e-02
15.225000	-2.244004e-02
15.230000	-2.617088e-02
15.235000	-2.976819e-02
15.240000	-3.329604e-02
15.245000	-3.679816e-02
15.250000	-4.030302e-02
15.255000	-4.382428e-02
15.260000	-4.737613e-02
15.265000	-5.096930e-02
15.270000	-5.461715e-02
15.275000	-5.832163e-02
15.280000	-6.206349e-02
15.285000	-6.578055e-02
15.290000	-6.934743e-02
15.295000	-7.259670e-02
15.300000	-7.535463e-02
15.305000	-7.753775e-02
15.310000	-7.923876e-02
15.315000	-8.064414e-02
15.320000	-8.195110e-02
15.325000	-8.331422e-02
15.330000	-8.481121e-02
15.335000	-8.642657e-02
15.340000	-8.802366e-02
15.345000	-8.934304e-02
15.350000	-9.002713e-02
15.355000	-8.969836e-02
15.360000	-8.813239e-02
15.365000	-8.541536e-02
15.370000	-8.173147e-02
15.375000	-7.716525e-02
15.380000	-7.168041e-02
15.385000	-6.525317e-02
15.390000	-5.804834e-02
15.395000	-5.032833e-02
15.400000	-4.235548e-02
15.405000	-3.436325e-02
15.410000	-2.657042e-02
15.415000	-1.917731e-02
15.420000	-1.236246e-02
15.425000	-6.191803e-03
15.430000	-5.551654e-04
15.435000	4.751965e-03
15.440000	9.915056e-03
15.445000	1.506561e-02
15.450000	2.027149e-02
15.455000	2.554662e-02
15.460000	3.087144e-02
15.465000	3.622152e-02
15.470000	4.156745e-02
15.475000	4.689561e-02
15.480000	5.220849e-02
15.485000	5.752345e-02
15.490000	6.286940e-02
15.495000	6.828554e-02
15.500000	7.379046e-02
15.505000	7.938651e-02
15.510000	8.502848e-02
15.515000	9.061095e-02
15.520000	9.594899e-02
15.525000	1.008105e-01
15.530000	1.049506e-01
15.535000	1.082507e-01
15.540000	1.108108e-01
15.545000	1.127506e-01
15.550000	1.140207e-01
15.555000	1.143410e-01
15.560000	1.133411e-01
15.565000	1.107308e-01
15.570000	1.066410e-01
15.575000	1.012910e-01
15.580000	9.482428e-02
15.585000	8.721706e-02
15.590000	7.847333e-02
15.595000	6.881234e-02
15.600000	5.854260e-02
15.605000	4.793314e-02
15.610000	3.717343e-02
15.615000	2.640216e-02
15.620000	1.575742e-02
15.625000	5.429894e-03
15.630000	-4.328666e-03
15.635000	-1.325896e-02
15.640000	-2.124180e-02
15.645000	-2.843212e-02
15.650000	-3.512493e-02
15.655000	-4.160030e-02
15.660000	-4.804516e-02
15.665000	-5.452951e-02
15.670000	-6.102133e-02
15.675000	-6.741810e-02
15.680000	-7.359399e-02
15.685000	-7.946985e-02
15.690000	-8.505574e-02
15.695000	-9.038300e-02
15.700000	-9.544689e-02
15.705000	-1.001901e-01
15.710000	-1.045200e-01
15.715000	-1.084003e-01
15.720000	-1.119604e-01
15.725000	-1.153404e-01
15.730000	-1.186303e-01
15.735000	-1.218206e-01
15.740000	-1.247808e-01
15.745000	-1.272409e-01
15.750000	-1.289309e-01
15.755000	-1.297215e-01
15.760000	-1.297517e-01
15.765000	-1.292714e-01
15.770000	-1.284714e-01
15.775000	-1.273816e-01
15.780000	-1.258518e-01
15.785000	-1.236718e-01
15.790000	-1.207119e-01
15.795000	-1.170723e-01
15.800000	-1.129825e-01
15.805000	-1.086723e-01
15.810000	-1.043225e-01
15.815000	-1.000127e-01
15.820000	-9.579383e-02
15.825000	-9.161784e-02
15.830000	-8.742501e-02
15.835000	-8.314742e-02
15.840000	-7.874856e-02
15.845000	-7.425520e-02
15.850000	-6.980535e-02
15.855000	-6.565434e-02
15.860000	-6.216149e-02
15.865000	-5.970238e-02
15.870000	-5.847351e-02
15.875000	-5.832663e-02
15.880000	-5.894275e-02
15.885000	-6.002461e-02
15.890000	-6.135281e-02
15.895000	-6.276491e-02
15.900000	-6.409407e-02
15.905000	-6.513510e-02
15.910000	-6.563933e-02
15.915000	-6.535460e-02
15.920000	-6.416585e-02
15.925000	-6.221866e-02
15.930000	-5.980389e-02
15.935000	-5.720698e-02
15.940000	-5.464017e-02
15.945000	-5.220814e-02
15.950000	-4.990340e-02
15.955000	-4.760753e-02
15.960000	-4.509874e-02
15.965000	-4.208071e-02
15.970000	-3.825902e-02
15.975000	-3.349005e-02
15.980000	-2.790435e-02
15.985000	-2.177635e-02
15.990000	-1.537260e-02
15.995000	-8.891187e-03
16.000000	-2.448835e-03
16.005000	3.893670e-03
16.010000	1.009500e-02
16.015000	1.611504e-02
16.020000	2.190677e-02
16.025000	2.745780e-02
16.030000	3.281058e-02
16.035000	3.804066e-02
16.040000	4.321043e-02
16.045000	4.836541e-02
16.050000	5.352715e-02
16.055000	5.871123e-02
16.060000	6.392003e-02
16.065000	6.916403e-02
16.070000	7.444683e-02
16.075000	7.976615e-02
16.080000	8.508898e-02
16.085000	9.033672e-02
16.090000	9.537158e-02
16.095000	9.999865e-02
16.100000	1.039416e-01
16.105000	1.069114e-01
16.110000	1.086914e-01
16.115000	1.093417e-01
16.120000	1.089716e-01
16.125000	1.075614e-01
16.130000	1.049913e-01
16.135000	1.012214e-01
16.140000	9.646047e-02
16.145000	9.105234e-02
16.150000	8.526238e-02
16.155000	7.923461e-02
16.160000	7.299370e-02
16.165000	6.652717e-02
16.170000	5.986324e-02
16.175000	5.305303e-02
16.180000	4.615314e-02
16.185000	3.920882e-02
16.190000	3.224891e-02
16.195000	2.529670e-02
16.200000	1.836478e-02
16.205000	1.146147e-02
16.210000	4.587047e-03
16.215000	-2.275037e-03
16.220000	-9.166758e-03
16.225000	-1.615697e-02
16.230000	-2.333990e-02
16.235000	-3.081234e-02
16.240000	-3.861725e-02
16.245000	-4.670144e-02
16.250000	-5.496240e-02
16.255000	-6.330575e-02
16.260000	-7.166271e-02
16.265000	-7.999595e-02
16.270000	-8.828398e-02
16.275000	-9.647153e-02
16.280000	-1.044316e-01
16.285000	-1.119417e-01
16.290000	-1.187718e-01
16.295000	-1.247823e-01
16.300000	-1.300224e-01
16.305000	-1.346228e-01
16.310000	-1.386629e-01
16.315000	-1.421442e-01
16.320000	-1.450643e-01
16.325000	-1.475337e-01
16.330000	-1.496439e-01
16.335000	-1.514241e-01
16.340000	-1.527943e-01
16.345000	-1.536243e-01
16.350000	-1.538446e-01
16.355000	-1.535751e-01
16.360000	-1.530552e-01
16.365000	-1.524851e-01
16.370000	-1.520254e-01
16.375000	-1.516757e-01
16.380000	-1.512961e-01
16.385000	-1.505762e-01
16.390000	-1.490466e-01
16.395000	-1.462472e-01
16.400000	-1.419677e-01
16.405000	-1.364172e-01
16.410000	-1.300678e-01
16.415000	-1.233278e-01
16.420000	-1.165384e-01
16.425000	-1.098082e-01
16.430000	-1.031286e-01
16.435000	-9.635791e-02
16.440000	-8.933739e-02
16.445000	-8.196012e-02
16.450000	-7.424064e-02
16.455000	-6.625567e-02
16.460000	-5.809718e-02
16.465000	-4.984111e-02
16.470000	-4.155361e-02
16.475000	-3.330861e-02
16.480000	-2.520509e-02
16.485000	-1.736982e-02
16.490000	-9.934970e-03
16.495000	-2.955138e-03
16.500000	3.656772e-03
16.505000	1.010451e-02
16.510000	1.664704e-02
16.515000	2.356922e-02
16.520000	3.111471e-02
16.525000	3.939974e-02
16.530000	4.831723e-02
16.535000	5.764744e-02
16.540000	6.716695e-02
16.545000	7.672002e-02
16.550000	8.623159e-02
16.555000	9.570311e-02
16.560000	1.051766e-01
16.565000	1.147264e-01
16.570000	1.243961e-01
16.575000	1.342463e-01
16.580000	1.443160e-01
16.585000	1.545959e-01
16.590000	1.649756e-01
16.595000	1.752262e-01
16.600000	1.848960e-01
16.605000	1.933958e-01
16.610000	2.001156e-01
16.615000	2.047661e-01
16.620000	2.075960e-01
16.625000	2.091262e-01
16.630000	2.096562e-01
16.635000	2.091978e-01
16.640000	2.074978e-01
16.645000	2.043560e-01
16.650000	1.999460e-01
16.655000	1.945957e-01
16.660000	1.886857e-01
16.665000	1.825152e-01
16.670000	1.763452e-01
16.675000	1.704552e-01
16.680000	1.651252e-01
16.685000	1.606145e-01
16.690000	1.570446e-01
16.695000	1.541243e-01
16.700000	1.510045e-01
16.705000	1.463941e-01
16.710000	1.388544e-01
16.715000	1.274644e-01
16.720000	1.123547e-01
16.725000	9.426783e-02
16.730000	7.420610e-02
16.735000	5.332458e-02
16.740000	3.278879e-02
16.745000	1.365317e-02
16.750000	-3.252518e-03
16.755000	-1.761128e-02
16.760000	-2.985812e-02
16.765000	-4.079268e-02
16.770000	-5.116854e-02
16.775000	-6.151619e-02
16.780000	-7.210406e-02
16.785000	-8.298964e-02
16.790000	-9.409052e-02
16.795000	-1.052496e-01
16.800000	-1.163095e-01
16.805000	-1.270996e-01
16.810000	-1.375296e-01
16.815000	-1.475701e-01
16.820000	-1.573301e-01
16.825000	-1.669205e-01
16.830000	-1.763906e-01
16.835000	-1.855914e-01
16.840000	-1.943015e-01
16.845000	-2.022315e-01
16.850000	-2.092017e-01
16.855000	-2.153424e-01
16.860000	-2.209126e-01
16.865000	-2.262230e-01
16.870000	-2.314931e-01
16.875000	-2.368945e-01
16.880000	-2.425046e-01
16.885000	-2.483443e-01
16.890000	-2.543045e-01
16.895000	-2.601851e-01
16.900000	-2.656554e-01
16.905000	-2.702756e-01
16.910000	-2.736260e-01
16.915000	-2.755169e-01
16.920000	-2.761875e-01
16.925000	-2.760172e-01
16.930000	-2.753079e-01
16.935000	-2.741183e-01
16.940000	-2.722191e-01
16.945000	-2.690194e-01
16.950000	-2.636202e-01
16.955000	-2.551319e-01
16.960000	-2.431326e-01
16.965000	-2.275412e-01
16.970000	-2.087520e-01
16.975000	-1.878418e-01
16.980000	-1.662428e-01
16.985000	-1.453623e-01
16.990000	-1.262632e-01
16.995000	-1.094231e-01
17.000000	-9.442493e-02
17.005000	-8.033342e-02
17.010000	-6.613136e-02
17.015000	-5.093810e-02
17.020000	-3.412306e-02
17.025000	-1.548578e-02
17.030000	4.610933e-03
17.035000	2.556170e-02
17.040000	4.682674e-02
17.045000	6.812201e-02
17.050000	8.945803e-02
17.055000	1.111135e-01
17.060000	1.335226e-01
17.065000	1.570229e-01
17.070000	1.816720e-01
17.075000	2.072429e-01
17.080000	2.332921e-01
17.085000	2.591023e-01
17.090000	2.836516e-01
17.095000	3.056726e-01
17.100000	3.240221e-01
17.105000	3.380625e-01
17.110000	3.475022e-01
17.115000	3.526242e-01
17.120000	3.545041e-01
17.125000	3.545227e-01
17.130000	3.537824e-01
17.135000	3.529826e-01
17.140000	3.524324e-01
17.145000	3.521821e-01
17.150000	3.522419e-01
17.155000	3.526026e-01
17.160000	3.533326e-01
17.165000	3.545217e-01
17.170000	3.561016e-01
17.175000	3.577019e-01
17.180000	3.586319e-01
17.185000	3.579516e-01
17.190000	3.546519e-01
17.195000	3.481828e-01
17.200000	3.388830e-01
17.205000	3.276316e-01
17.210000	3.155019e-01
17.215000	3.035017e-01
17.220000	2.918520e-01
17.225000	2.795114e-01
17.230000	2.649819e-01
17.235000	2.474619e-01
17.240000	2.277822e-01
17.245000	2.079012e-01
17.250000	1.899014e-01
17.255000	1.751008e-01
17.260000	1.632811e-01
17.265000	1.532904e-01
17.270000	1.437407e-01
17.275000	1.335709e-01
17.280000	1.222812e-01
17.285000	1.097594e-01
17.290000	9.607685e-02
17.295000	8.130296e-02
17.300000	6.557329e-02
17.305000	4.915139e-02
17.310000	3.229873e-02
17.315000	1.514088e-02
17.320000	-2.327990e-03
17.325000	-2.018365e-02
17.330000	-3.842635e-02
17.335000	-5.685329e-02
17.340000	-7.505205e-02
17.345000	-9.246592e-02
17.350000	-1.085337e-01
17.355000	-1.229551e-01
17.360000	-1.359249e-01
17.365000	-1.478953e-01
17.370000	-1.593052e-01
17.375000	-1.705062e-01
17.380000	-1.816960e-01
17.385000	-1.930167e-01
17.390000	-2.045266e-01
17.395000	-2.162279e-01
17.400000	-2.280379e-01
17.405000	-2.397282e-01
17.410000	-2.509684e-01
17.415000	-2.613294e-01
17.420000	-2.703695e-01
17.425000	-2.778903e-01
17.430000	-2.841604e-01
17.435000	-2.896025e-01
17.440000	-2.945129e-01
17.445000	-2.989520e-01
17.450000	-3.027124e-01
17.455000	-3.054429e-01
17.460000	-3.069233e-01
17.465000	-3.072734e-01
17.470000	-3.066839e-01
17.475000	-3.051750e-01
17.480000	-3.025555e-01
17.485000	-2.984253e-01
17.490000	-2.925760e-01
17.495000	-2.852466e-01
17.500000	-2.769371e-01
17.505000	-2.681272e-01
17.510000	-2.592280e-01
17.515000	-2.504889e-01
17.520000	-2.420196e-01
17.525000	-2.338189e-01
17.530000	-2.257896e-01
17.535000	-2.176798e-01
17.540000	-2.090906e-01
17.545000	-1.995306e-01
17.550000	-1.884914e-01
17.555000	-1.757419e-01
17.560000	-1.615227e-01
17.565000	-1.463424e-01
17.570000	-1.307132e-01
17.575000	-1.150033e-01
17.580000	-9.941014e-02
17.585000	-8.399104e-02
17.590000	-6.870979e-02
17.595000	-5.346897e-02
17.600000	-3.814868e-02
17.605000	-2.262419e-02
17.610000	-6.804803e-03
17.615000	9.329471e-03
17.620000	2.567948e-02
17.625000	4.207769e-02
17.630000	5.834198e-02
17.635000	7.432531e-02
17.640000	8.996770e-02
17.645000	1.053327e-01
17.650000	1.204921e-01
17.655000	1.354424e-01
17.660000	1.500418e-01
17.665000	1.639919e-01
17.670000	1.769714e-01
17.675000	1.887822e-01
17.680000	1.994717e-01
17.685000	2.091112e-01
17.690000	2.175109e-01
17.695000	2.241511e-01
17.700000	2.282608e-01
17.705000	2.291308e-01
17.710000	2.265907e-01
17.715000	2.213112e-01
17.720000	2.148809e-01
17.725000	2.091703e-01
17.730000	2.054601e-01
17.735000	2.039502e-01
17.740000	2.039999e-01
17.745000	2.046997e-01
17.750000	2.051695e-01
17.755000	2.048104e-01
17.760000	2.034602e-01
17.765000	2.014490e-01
17.770000	1.993989e-01
17.775000	1.979086e-01
17.780000	1.972486e-01
17.785000	1.971380e-01
17.790000	1.968081e-01
17.795000	1.951581e-01
17.800000	1.910584e-01
17.805000	1.837976e-01
17.810000	1.734679e-01
17.815000	1.603876e-01
17.820000	1.445478e-01
17.825000	1.256074e-01
17.830000	1.033975e-01
17.835000	7.857921e-02
17.840000	5.291923e-02
17.845000	2.916624e-02
17.850000	9.742226e-03
17.855000	-4.416208e-03
17.860000	-1.288797e-02
17.865000	-1.503379e-02
17.870000	-1.120201e-02
17.875000	-4.342606e-03
17.880000	5.297576e-04
17.885000	-6.627118e-04
17.890000	-8.230032e-03
17.895000	-1.897585e-02
17.900000	-2.913399e-02
17.905000	-3.692977e-02
17.910000	-4.277892e-02
17.915000	-4.851410e-02
17.920000	-5.587025e-02
17.925000	-6.516423e-02
17.930000	-7.555933e-02
17.935000	-8.575986e-02
17.940000	-9.471108e-02
17.945000	-1.021015e-01
17.950000	-1.081918e-01
17.955000	-1.134526e-01
17.960000	-1.184027e-01
17.965000	-1.234630e-01
17.970000	-1.288632e-01
17.975000	-1.346438e-01
17.980000	-1.405742e-01
17.985000	-1.461445e-01
17.990000	-1.505649e-01
17.995000	-1.528959e-01
18.000000	-1.523764e-01
18.005000	-1.487563e-01
18.010000	-1.419870e-01
18.015000	-1.320274e-01
18.020000	-1.191080e-01
18.025000	-1.041281e-01
18.030000	-8.834776e-02
18.035000	-7.300909e-02
18.040000	-5.910659e-02
18.045000	-4.709559e-02
18.050000	-3.674311e-02
18.055000	-2.744728e-02
18.060000	-1.859176e-02
18.065000	-9.711358e-03
18.070000	-5.720829e-04
18.075000	8.838552e-03
18.080000	1.832912e-02
18.085000	2.756494e-02
18.090000	3.613950e-02
18.095000	4.370042e-02
18.100000	5.012096e-02
18.105000	5.565185e-02
18.110000	6.068745e-02
18.115000	6.551439e-02
18.120000	7.015805e-02
18.125000	7.431378e-02
18.130000	7.740945e-02
18.135000	7.878836e-02
18.140000	7.808711e-02
18.145000	7.555487e-02
18.150000	7.173162e-02
18.155000	6.708759e-02
18.160000	6.187836e-02
18.165000	5.616284e-02
18.170000	4.996759e-02
18.175000	4.345825e-02
18.180000	3.692403e-02
18.185000	3.071766e-02
18.190000	2.517043e-02
18.195000	2.046110e-02
18.200000	1.650285e-02
18.205000	1.309840e-02
18.210000	1.010110e-02
18.215000	7.473992e-03
18.220000	5.271917e-03
18.225000	3.537020e-03
18.230000	2.198779e-03
18.235000	1.142927e-03
18.240000	2.851286e-04
18.245000	-3.875245e-04
18.250000	-8.155827e-04
18.255000	-8.936646e-04
18.260000	-5.494516e-04
18.265000	2.110903e-04
18.270000	1.422239e-03
18.275000	3.271798e-03
18.280000	6.093603e-03
18.285000	1.024444e-02
18.290000	1.581202e-02
18.295000	2.238473e-02
18.300000	2.925532e-02
18.305000	3.571904e-02
18.310000	4.132866e-02
18.315000	4.605660e-02
18.320000	5.013725e-02
18.325000	5.388081e-02
18.330000	5.756250e-02
18.335000	6.136027e-02
18.340000	6.533795e-02
18.345000	6.944961e-02
18.350000	7.353535e-02
18.355000	7.734322e-02
18.360000	8.056304e-02
18.365000	8.289461e-02
18.370000	8.420144e-02
18.375000	8.460728e-02
18.380000	8.425408e-02
18.385000	8.305580e-02
18.390000	8.063170e-02
18.395000	7.644271e-02
18.400000	7.016258e-02
18.405000	6.204191e-02
18.410000	5.269488e-02
18.415000	4.284441e-02
18.420000	3.321930e-02
18.425000	2.449870e-02
18.430000	1.722653e-02
18.435000	1.161303e-02
18.440000	7.384132e-03
18.445000	4.027494e-03
18.450000	1.063428e-03
18.455000	-1.836510e-03
18.460000	-4.833022e-03
18.465000	-7.960304e-03
18.470000	-1.118930e-02
18.475000	-1.446585e-02
18.480000	-1.774104e-02
18.485000	-2.098652e-02
18.490000	-2.419670e-02
18.495000	-2.737720e-02
18.500000	-3.053939e-02
18.505000	-3.369986e-02
18.510000	-3.686798e-02
18.515000	-4.005659e-02
18.520000	-4.327985e-02
18.525000	-4.655828e-02
18.530000	-4.990348e-02
18.535000	-5.332412e-02
18.540000	-5.681638e-02
18.545000	-6.034197e-02
18.550000	-6.380831e-02
18.555000	-6.705626e-02
18.560000	-6.987464e-02
18.565000	-7.205165e-02
18.570000	-7.349798e-02
18.575000	-7.433741e-02
18.580000	-7.478474e-02
18.585000	-7.498403e-02
18.590000	-7.494338e-02
18.595000	-7.453090e-02
18.600000	-7.354732e-02
18.605000	-7.187053e-02
18.610000	-6.958298e-02
18.615000	-6.688139e-02
18.620000	-6.396782e-02
18.625000	-6.099412e-02
18.630000	-5.804653e-02
18.635000	-5.515804e-02
18.640000	-5.232343e-02
18.645000	-4.952057e-02
18.650000	-4.672700e-02
18.655000	-4.392733e-02
18.660000	-4.111080e-02
18.665000	-3.827408e-02
18.670000	-3.541949e-02
18.675000	-3.254187e-02
18.680000	-2.963229e-02
18.685000	-2.668552e-02
18.690000	-2.370798e-02
18.695000	-2.070928e-02
18.700000	-1.770367e-02
18.705000	-1.470596e-02
18.710000	-1.173338e-02
18.715000	-8.794870e-03
18.720000	-5.887544e-03
18.725000	-3.001349e-03
18.730000	-1.288239e-04
18.735000	2.739805e-03
18.740000	5.606736e-03
18.745000	8.476347e-03
18.750000	1.135408e-02
18.755000	1.424981e-02
18.760000	1.717037e-02
18.765000	2.012310e-02
18.770000	2.309669e-02
18.775000	2.605545e-02
18.780000	2.893210e-02
18.785000	3.162983e-02
18.790000	3.403049e-02
18.795000	3.604835e-02
18.800000	3.766703e-02
18.805000	3.886767e-02
18.810000	3.957140e-02
18.815000	3.966913e-02
18.820000	3.911386e-02
18.825000	3.802952e-02
18.830000	3.662423e-02
18.835000	3.510291e-02
18.840000	3.360366e-02
18.845000	3.217923e-02
18.850000	3.078301e-02
18.855000	2.927469e-02
18.860000	2.744845e-02
18.865000	2.509808e-02
18.870000	2.211691e-02
18.875000	1.858961e-02
18.880000	1.470143e-02
18.885000	1.063991e-02
18.890000	6.548315e-03
18.895000	2.504190e-03
18.900000	-1.467789e-03
18.905000	-5.379263e-03
18.910000	-9.260586e-03
18.915000	-1.314906e-02
18.920000	-1.708526e-02
18.925000	-2.108868e-02
18.930000	-2.514389e-02
18.935000	-2.917438e-02
18.940000	-3.303065e-02
18.945000	-3.650113e-02
18.950000	-3.935044e-02
18.955000	-4.143404e-02
18.960000	-4.279039e-02
18.965000	-4.350970e-02
18.970000	-4.363306e-02
18.975000	-4.312751e-02
18.980000	-4.199083e-02
18.985000	-4.034722e-02
18.990000	-3.839358e-02
18.995000	-3.629903e-02
19.000000	-3.418037e-02
19.005000	-3.209967e-02
19.010000	-3.006803e-02
19.015000	-2.806442e-02
19.020000	-2.605479e-02
19.025000	-2.400215e-02
19.030000	-2.188946e-02
19.035000	-1.973089e-02
19.040000	-1.759423e-02
19.045000	-1.560145e-02
19.050000	-1.392681e-02
19.055000	-1.274811e-02
19.060000	-1.215343e-02
19.065000	-1.205476e-02
19.070000	-1.227712e-02
19.075000	-1.264943e-02
19.080000	-1.305380e-02
19.085000	-1.342810e-02
19.090000	-1.375545e-02
19.095000	-1.404878e-02
19.100000	-1.433214e-02
19.105000	-1.462143e-02
19.110000	-1.490881e-02
19.115000	-1.515417e-02
19.120000	-1.529850e-02
19.125000	-1.528080e-02
19.130000	-1.506616e-02
19.135000	-1.467848e-02
19.140000	-1.417480e-02
19.145000	-1.361608e-02
19.150000	-1.304542e-02
19.155000	-1.248276e-02
19.160000	-1.193608e-02
19.165000	-1.140236e-02
19.170000	-1.087369e-02
19.175000	-1.034005e-02
19.180000	-9.795486e-03
19.185000	-9.230756e-03
19.190000	-8.643530e-03
19.195000	-8.034583e-03
19.200000	-7.401348e-03
19.205000	-6.728565e-03
19.210000	-5.991193e-03
19.215000	-5.158870e-03
19.220000	-4.218517e-03
19.225000	-3.189141e-03
19.230000	-2.110140e-03
19.235000	-1.018158e-03
19.240000	5.552728e-05
19.245000	1.098510e-03
19.250000	2.119848e-03
19.255000	3.149677e-03
19.260000	4.232248e-03
19.265000	5.415994e-03
19.270000	6.717696e-03
19.275000	8.092306e-03
19.280000	9.395947e-03
19.285000	1.036500e-02
19.290000	1.063775e-02
19.295000	9.854828e-03
19.300000	7.853399e-03
19.305000	4.829579e-03
19.310000	1.147674e-03
19.315000	-2.871177e-03
19.320000	-7.052298e-03
19.325000	-1.138322e-02
19.330000	-1.596646e-02
19.335000	-2.090881e-02
19.340000	-2.622208e-02
19.345000	-3.183449e-02
19.350000	-3.762371e-02
19.355000	-4.341633e-02
19.360000	-4.898664e-02
19.365000	-5.407776e-02
19.370000	-5.845408e-02
19.375000	-6.202447e-02
19.380000	-6.495179e-02
19.385000	-6.751608e-02
19.390000	-6.997033e-02
19.395000	-7.244984e-02
19.400000	-7.493223e-02
19.405000	-7.722645e-02
19.410000	-7.901486e-02
19.415000	-7.993829e-02
19.420000	-7.977079e-02
19.425000	-7.855013e-02
19.430000	-7.640657e-02
19.435000	-7.338412e-02
19.440000	-6.942964e-02
19.445000	-6.453365e-02
19.450000	-5.888813e-02
19.455000	-5.277838e-02
19.460000	-4.646184e-02
19.465000	-4.010996e-02
19.470000	-3.380945e-02
19.475000	-2.757870e-02
19.480000	-2.139623e-02
19.485000	-1.521739e-02
19.490000	-8.998058e-03
19.495000	-2.713038e-03
19.500000	3.623438e-03
19.505000	9.954200e-03
19.510000	1.616274e-02
19.515000	2.208072e-02
19.520000	2.751434e-02
19.525000	3.233813e-02
19.530000	3.655572e-02
19.535000	4.019757e-02
19.540000	4.321721e-02
19.545000	4.551202e-02
19.550000	4.703366e-02
19.555000	4.791761e-02
19.560000	4.836031e-02
19.565000	4.850703e-02
19.570000	4.840270e-02
19.575000	4.801554e-02
19.580000	4.730924e-02
19.585000	4.632799e-02
19.590000	4.515770e-02
19.595000	4.388062e-02
19.600000	4.255835e-02
19.605000	4.122993e-02
19.610000	3.991565e-02
19.615000	3.863039e-02
19.620000	3.738013e-02
19.625000	3.616680e-02
19.630000	3.498350e-02
19.635000	3.381333e-02
19.640000	3.261409e-02
19.645000	3.131880e-02
19.650000	2.983856e-02
19.655000	2.808734e-02
19.660000	2.602008e-02
19.665000	2.368475e-02
19.670000	2.117945e-02
19.675000	1.860419e-02
19.680000	1.602495e-02
19.685000	1.347759e-02
19.690000	1.096330e-02
19.695000	8.461908e-03
19.700000	5.935681e-03
19.705000	3.345969e-03
19.710000	6.736786e-04
19.715000	-2.055787e-03
19.720000	-4.755002e-03
19.725000	-7.253315e-03
19.730000	-9.317413e-03
19.735000	-1.070757e-02
19.740000	-1.130196e-02
19.745000	-1.120840e-02
19.750000	-1.065996e-02
19.755000	-9.883320e-03
19.760000	-9.053689e-03
19.765000	-8.280753e-03
19.770000	-7.629069e-03
19.775000	-7.134331e-03
19.780000	-6.819010e-03
19.785000	-6.677912e-03
19.790000	-6.667575e-03
19.795000	-6.729285e-03
19.800000	-6.813480e-03
19.805000	-6.886973e-03
19.810000	-6.941636e-03
19.815000	-6.981604e-03
19.820000	-7.022420e-03
19.825000	-7.077291e-03
19.830000	-7.157688e-03
19.835000	-7.264911e-03
19.840000	-7.382917e-03
19.845000	-7.467992e-03
19.850000	-7.448464e-03
19.855000	-7.233089e-03
19.860000	-6.742861e-03
19.865000	-5.952305e-03
19.870000	-4.928569e-03
19.875000	-3.751122e-03
19.880000	-2.431282e-03
19.885000	-8.659448e-04
19.890000	1.148208e-03
19.895000	3.852038e-03
19.900000	7.371706e-03
19.905000	1.159245e-02
19.910000	1.625907e-02
19.915000	2.110789e-02
19.920000	2.592752e-02
19.925000	3.060127e-02
19.930000	3.510590e-02
19.935000	3.950271e-02
19.940000	4.387436e-02
19.945000	4.826108e-02
19.950000	5.261377e-02
19.955000	5.676768e-02
19.960000	6.045639e-02
19.965000	6.337409e-02
19.970000	6.530586e-02
19.975000	6.624280e-02
19.980000	6.620663e-02
19.985000	6.509646e-02
19.990000	6.271333e-02
19.995000	5.896047e-02
20.000000	5.406236e-02
20.005000	4.839590e-02
20.010000	4.230383e-02
20.015000	3.603556e-02
20.020000	2.977141e-02
20.025000	2.367505e-02
20.030000	1.795689e-02
20.035000	1.288659e-02
20.040000	8.747244e-03
20.045000	5.672291e-03
20.050000	3.494775e-03
20.055000	1.897019e-03
20.060000	5.772545e-04
20.065000	-6.752780e-04
20.070000	-1.972920e-03
20.075000	-3.361457e-03
20.080000	-4.862644e-03
20.085000	-6.500341e-03
20.090000	-8.313923e-03
20.095000	-1.033353e-02
20.100000	-1.255471e-02
20.105000	-1.495303e-02
20.110000	-1.749623e-02
20.115000	-2.010960e-02
20.120000	-2.266184e-02
20.125000	-2.493008e-02
20.130000	-2.661737e-02
20.135000	-2.741968e-02
20.140000	-2.719196e-02
20.145000	-2.608321e-02
20.150000	-2.440355e-02
20.155000	-2.245497e-02
20.160000	-2.045525e-02
20.165000	-1.851732e-02
20.170000	-1.667864e-02
20.175000	-1.492187e-02
20.180000	-1.320713e-02
20.185000	-1.149828e-02
20.190000	-9.772126e-03
20.195000	-8.016555e-03
20.200000	-6.241645e-03
20.205000	-4.471837e-03
20.210000	-2.746444e-03
20.215000	-1.113583e-03
20.220000	3.674967e-04
20.225000	1.633772e-03
20.230000	2.567435e-03
20.235000	2.973242e-03
20.240000	2.615534e-03
20.245000	1.358361e-03
20.250000	-7.148356e-04
20.255000	-3.421081e-03
20.260000	-6.609171e-03
20.265000	-1.017300e-02
20.270000	-1.402023e-02
20.275000	-1.805454e-02
20.280000	-2.216476e-02
20.285000	-2.618498e-02
20.290000	-2.986128e-02
20.295000	-3.285759e-02
20.300000	-3.483891e-02
20.305000	-3.564120e-02
20.310000	-3.543053e-02
20.315000	-3.451100e-02
20.320000	-3.312431e-02
20.325000	-3.137141e-02
20.330000	-2.923276e-02
20.335000	-2.666698e-02
20.340000	-2.373331e-02
20.345000	-2.054850e-02
20.350000	-1.722988e-02
20.355000	-1.386111e-02
20.360000	-1.049447e-02
20.365000	-7.149731e-03
20.370000	-3.828761e-03
20.375000	-5.229699e-04
20.380000	2.774569e-03
20.385000	6.069487e-03
20.390000	9.362354e-03
20.395000	1.265502e-02
20.400000	1.594369e-02
20.405000	1.922949e-02
20.410000	2.252119e-02
20.415000	2.584310e-02
20.420000	2.922381e-02
20.425000	3.269268e-02
20.430000	3.625544e-02
20.435000	3.986840e-02
20.440000	4.339717e-02
20.445000	4.660697e-02
20.450000	4.918074e-02
20.455000	5.080365e-02
20.460000	5.133746e-02
20.465000	5.096835e-02
20.470000	5.001618e-02
20.475000	4.872742e-02
20.480000	4.715624e-02
20.485000	4.516664e-02
20.490000	4.251248e-02
20.495000	3.902422e-02
20.500000	3.477002e-02
20.505000	2.998574e-02
20.510000	2.496458e-02
20.515000	2.002236e-02
20.520000	1.546516e-02
20.525000	1.159591e-02
20.530000	8.746308e-03
20.535000	7.258661e-03
20.540000	7.290821e-03
20.545000	8.637381e-03
20.550000	1.094976e-02
20.555000	1.396961e-02
20.560000	1.758539e-02
20.565000	2.175412e-02
20.570000	2.636988e-02
20.575000	3.130473e-02
20.580000	3.643545e-02
20.585000	4.164426e-02
20.590000	4.677804e-02
20.595000	5.162000e-02
20.600000	5.590079e-02
20.605000	5.936251e-02
20.610000	6.189534e-02
20.615000	6.366525e-02
20.620000	6.493707e-02
20.625000	6.590087e-02
20.630000	6.656974e-02
20.635000	6.679280e-02
20.640000	6.633173e-02
20.645000	6.503925e-02
20.650000	6.301613e-02
20.655000	6.050390e-02
20.660000	5.774082e-02
20.665000	5.489749e-02
20.670000	5.204643e-02
20.675000	4.918626e-02
20.680000	4.626616e-02
20.685000	4.323983e-02
20.690000	4.009879e-02
20.695000	3.686956e-02
20.700000	3.358847e-02
20.705000	3.028617e-02
20.710000	2.698212e-02
20.715000	2.368691e-02
20.720000	2.039882e-02
20.725000	1.710649e-02
20.730000	1.379444e-02
20.735000	1.045516e-02
20.740000	7.095876e-03
20.745000	3.744197e-03
20.750000	4.521728e-04
20.755000	-2.702758e-03
20.760000	-5.637339e-03
20.765000	-8.307721e-03
20.770000	-1.074897e-02
20.775000	-1.303628e-02
20.780000	-1.524241e-02
20.785000	-1.741866e-02
20.790000	-1.959577e-02
20.795000	-2.179219e-02
20.800000	-2.402231e-02
20.805000	-2.630539e-02
20.810000	-2.866951e-02
20.815000	-3.112572e-02
20.820000	-3.363979e-02
20.825000	-3.609900e-02
20.830000	-3.828912e-02
20.835000	-3.991345e-02
20.840000	-4.065256e-02
20.845000	-4.032274e-02
20.850000	-3.901388e-02
20.855000	-3.692414e-02
20.860000	-3.419229e-02
20.865000	-3.086447e-02
20.870000	-2.697770e-02
20.875000	-2.266189e-02
20.880000	-1.808510e-02
20.885000	-1.337719e-02
20.890000	-8.608676e-03
20.895000	-3.807048e-03
20.900000	1.018101e-03
20.905000	5.845003e-03
20.910000	1.060503e-02
20.915000	1.515892e-02
20.920000	1.930479e-02
20.925000	2.282865e-02
20.930000	2.561954e-02
20.935000	2.775344e-02
20.940000	2.933435e-02
20.945000	3.032726e-02
20.950000	3.052413e-02
20.955000	2.962914e-02
20.960000	2.749211e-02
20.965000	2.431280e-02
20.970000	2.047780e-02
20.975000	1.636258e-02
20.980000	1.223158e-02
20.985000	8.196083e-03
20.990000	4.217927e-03
20.995000	1.273501e-04
21.000000	-4.284798e-03
21.005000	-9.085918e-03
21.010000	-1.422113e-02
21.015000	-1.958340e-02
21.020000	-2.504046e-02
21.025000	-3.044165e-02
21.030000	-3.560874e-02
21.035000	-4.033814e-02
21.040000	-4.440523e-02
21.045000	-4.751735e-02
21.050000	-4.933247e-02
21.055000	-4.963671e-02
21.060000	-4.853186e-02
21.065000	-4.623605e-02
21.070000	-4.291515e-02
21.075000	-3.871245e-02
21.080000	-3.385660e-02
21.085000	-2.864871e-02
21.090000	-2.344383e-02
21.095000	-1.867597e-02
21.100000	-1.485109e-02
21.105000	-1.244321e-02
21.110000	-1.166430e-02
21.115000	-1.225346e-02
21.120000	-1.371154e-02
21.125000	-1.555159e-02
21.130000	-1.742368e-02
21.135000	-1.914284e-02
21.140000	-2.066995e-02
21.145000	-2.204703e-02
21.150000	-2.335710e-02
21.155000	-2.467630e-02
21.160000	-2.606239e-02
21.165000	-2.753346e-02
21.170000	-2.907255e-02
21.175000	-3.064673e-02
21.180000	-3.222283e-02
21.185000	-3.377397e-02
21.190000	-3.528704e-02
21.195000	-3.677332e-02
21.200000	-3.826744e-02
21.205000	-3.981842e-02
21.210000	-4.147053e-02
21.215000	-4.324265e-02
21.220000	-4.509281e-02
21.225000	-4.687087e-02
21.230000	-4.830103e-02
21.235000	-4.901225e-02
21.240000	-4.862541e-02
21.245000	-4.695741e-02
21.250000	-4.419359e-02
21.255000	-4.068672e-02
21.260000	-3.674890e-02
21.265000	-3.254997e-02
21.270000	-2.812214e-02
21.275000	-2.343728e-02
21.280000	-1.851046e-02
21.285000	-1.341735e-02
21.290000	-8.285728e-03
21.295000	-3.297740e-03
21.300000	1.316221e-03
21.305000	5.330746e-03
21.310000	8.635752e-03
21.315000	1.133519e-02
21.320000	1.363905e-02
21.325000	1.575201e-02
21.330000	1.782388e-02
21.335000	1.994390e-02
21.340000	2.214180e-02
21.345000	2.441272e-02
21.350000	2.673864e-02
21.355000	2.909574e-02
21.360000	3.145762e-02
21.365000	3.379449e-02
21.370000	3.607039e-02
21.375000	3.823941e-02
21.380000	4.025331e-02
21.385000	4.209129e-02
21.390000	4.379021e-02
21.395000	4.545729e-02
21.400000	4.719626e-02
21.405000	4.901912e-02
21.410000	5.076112e-02
21.415000	5.203715e-02
21.420000	5.225521e-02
21.425000	5.077018e-02
21.430000	4.719725e-02
21.435000	4.171638e-02
21.440000	3.482542e-02
21.445000	2.706210e-02
21.450000	1.894617e-02
21.455000	1.100803e-02
21.460000	3.760288e-03
21.465000	-2.378513e-03
21.470000	-7.237276e-03
21.475000	-1.101223e-02
21.480000	-1.406020e-02
21.485000	-1.666734e-02
21.490000	-1.896834e-02
21.495000	-2.095249e-02
21.500000	-2.258450e-02
21.505000	-2.389764e-02
21.510000	-2.497064e-02
21.515000	-2.585389e-02
21.520000	-2.656288e-02
21.525000	-2.707494e-02
21.530000	-2.737494e-02
21.535000	-2.749505e-02
21.540000	-2.748803e-02
21.545000	-2.739814e-02
21.550000	-2.726212e-02
21.555000	-2.711525e-02
21.560000	-2.700628e-02
21.565000	-2.700928e-02
21.570000	-2.722826e-02
21.575000	-2.776838e-02
21.580000	-2.867839e-02
21.585000	-2.990147e-02
21.590000	-3.132947e-02
21.595000	-3.285568e-02
21.600000	-3.440668e-02
21.605000	-3.594062e-02
21.610000	-3.744259e-02
21.615000	-3.891568e-02
21.620000	-4.036168e-02
21.625000	-4.178673e-02
21.630000	-4.319872e-02
21.635000	-4.460585e-02
21.640000	-4.603788e-02
21.645000	-4.753686e-02
21.650000	-4.915886e-02
21.655000	-5.095699e-02
21.660000	-5.295203e-02
21.665000	-5.509509e-02
21.670000	-5.730510e-02
21.675000	-5.950136e-02
21.680000	-6.164342e-02
21.685000	-6.373826e-02
21.690000	-6.585128e-02
21.695000	-6.808437e-02
21.700000	-7.055043e-02
21.705000	-7.330040e-02
21.710000	-7.624348e-02
21.715000	-7.904172e-02
21.720000	-8.106791e-02
21.725000	-8.145881e-02
21.730000	-7.934106e-02
21.735000	-7.430718e-02
21.740000	-6.683443e-02
21.745000	-5.789344e-02
21.750000	-4.847765e-02
21.755000	-3.935084e-02
21.760000	-3.092195e-02
21.765000	-2.321946e-02
21.770000	-1.606165e-02
21.775000	-9.220814e-03
21.780000	-2.523234e-03
21.785000	4.134217e-03
21.790000	1.080544e-02
21.795000	1.751764e-02
21.800000	2.429151e-02
21.805000	3.116064e-02
21.810000	3.816045e-02
21.815000	4.530868e-02
21.820000	5.255355e-02
21.825000	5.972970e-02
21.830000	6.653059e-02
21.835000	7.254304e-02
21.840000	7.733696e-02
21.845000	8.070289e-02
21.850000	8.282183e-02
21.855000	8.401100e-02
21.860000	8.445602e-02
21.865000	8.411904e-02
21.870000	8.279810e-02
21.875000	8.036139e-02
21.880000	7.696545e-02
21.885000	7.293330e-02
21.890000	6.857241e-02
21.895000	6.411252e-02
21.900000	5.968364e-02
21.905000	5.533462e-02
21.910000	5.106571e-02
21.915000	4.686191e-02
21.920000	4.270700e-02
21.925000	3.859180e-02
21.930000	3.449890e-02
21.935000	3.039786e-02
21.940000	2.625000e-02
21.945000	2.203994e-02
21.950000	1.778906e-02
21.955000	1.357607e-02
21.960000	9.542837e-03
21.965000	5.894378e-03
21.970000	2.846738e-03
21.975000	5.194154e-04
21.980000	-1.169182e-03
21.985000	-2.386843e-03
21.990000	-3.277396e-03
21.995000	-3.925126e-03
22.000000	-4.383259e-03
22.005000	-4.712148e-03
22.010000	-4.973612e-03
22.015000	-5.210478e-03
22.020000	-5.450589e-03
22.025000	-5.703497e-03
22.030000	-5.969924e-03
22.035000	-6.238488e-03
22.040000	-6.489451e-03
22.045000	-6.700714e-03
22.050000	-6.862168e-03
22.055000	-6.988989e-03
22.060000	-7.139197e-03
22.065000	-7.421302e-03
22.070000	-7.984929e-03
22.075000	-8.977601e-03
22.080000	-1.047118e-02
22.085000	-1.238806e-02
22.090000	-1.457996e-02
22.095000	-1.690394e-02
22.100000	-1.925583e-02
22.105000	-2.157580e-02
22.110000	-2.385269e-02
22.115000	-2.609672e-02
22.120000	-2.833360e-02
22.125000	-3.058554e-02
22.130000	-3.286645e-02
22.135000	-3.516346e-02
22.140000	-3.744038e-02
22.145000	-3.963737e-02
22.150000	-4.168327e-02
22.155000	-4.351239e-02
22.160000	-4.511235e-02
22.165000	-4.653819e-02
22.170000	-4.785111e-02
22.175000	-4.903811e-02
22.180000	-4.997508e-02
22.185000	-5.044400e-02
22.190000	-5.019502e-02
22.195000	-4.909306e-02
22.200000	-4.725103e-02
22.205000	-4.489985e-02
22.210000	-4.224685e-02
22.215000	-3.941079e-02
22.220000	-3.642181e-02
22.225000	-3.327772e-02
22.230000	-3.000073e-02
22.235000	-2.663274e-02
22.240000	-2.321271e-02
22.245000	-1.976949e-02
22.250000	-1.632145e-02
22.255000	-1.287230e-02
22.260000	-9.421637e-03
22.265000	-5.960856e-03
22.270000	-2.486288e-03
22.275000	1.003288e-03
22.280000	4.494589e-03
22.285000	7.964443e-03
22.290000	1.137516e-02
22.295000	1.468634e-02
22.300000	1.786933e-02
22.305000	2.093245e-02
22.310000	2.393043e-02
22.315000	2.692970e-02
22.320000	2.994676e-02
22.325000	3.291985e-02
22.330000	3.568592e-02
22.335000	3.800117e-02
22.340000	3.961628e-02
22.345000	4.041447e-02
22.350000	4.052359e-02
22.355000	4.020483e-02
22.360000	3.971295e-02
22.365000	3.923195e-02
22.370000	3.883505e-02
22.375000	3.848522e-02
22.380000	3.804135e-02
22.385000	3.730049e-02
22.390000	3.605966e-02
22.395000	3.421801e-02
22.400000	3.185712e-02
22.405000	2.916196e-02
22.410000	2.631310e-02
22.415000	2.344116e-02
22.420000	2.060329e-02
22.425000	1.780133e-02
22.430000	1.499450e-02
22.435000	1.214554e-02
22.440000	9.250490e-03
22.445000	6.372629e-03
22.450000	3.652696e-03
22.455000	1.294342e-03
22.460000	-4.909180e-04
22.465000	-1.594576e-03
22.470000	-2.112250e-03
22.475000	-2.247504e-03
22.480000	-2.206446e-03
22.485000	-2.144444e-03
22.490000	-2.150128e-03
22.495000	-2.240925e-03
22.500000	-2.383414e-03
22.505000	-1.889473e-03
22.510000	-1.918698e-03
22.515000	-1.836420e-03
22.520000	-1.673834e-03
22.525000	-1.554370e-03
22.530000	-1.713684e-03
22.535000	-2.472157e-03
22.540000	-4.158005e-03
22.545000	-6.929549e-03
22.550000	-1.062771e-02
22.555000	-1.492378e-02
22.560000	-1.949760e-02
22.565000	-2.412454e-02
22.570000	-2.869287e-02
22.575000	-3.318093e-02
22.580000	-3.761566e-02
22.585000	-4.203124e-02
22.590000	-4.642677e-02
22.595000	-5.073392e-02
22.600000	-5.481509e-02
22.605000	-5.847294e-02
22.610000	-6.146508e-02
22.615000	-6.354465e-02
22.620000	-6.461666e-02
22.625000	-6.486506e-02
22.630000	-6.457980e-02
22.635000	-6.396178e-02
22.640000	-6.304434e-02
22.645000	-6.169051e-02
22.650000	-5.967753e-02
22.655000	-5.686575e-02
22.660000	-5.335723e-02
22.665000	-4.938581e-02
22.670000	-4.519329e-02
22.675000	-4.095760e-02
22.680000	-3.677067e-02
22.685000	-3.264164e-02
22.690000	-2.851256e-02
22.695000	-2.428637e-02
22.700000	-1.986722e-02
22.705000	-1.520240e-02
22.710000	-1.032657e-02
22.715000	-5.319911e-03
22.720000	-2.632028e-04
22.725000	4.787451e-03
22.730000	9.806477e-03
22.735000	1.480262e-02
22.740000	1.979832e-02
22.745000	2.482220e-02
22.750000	2.986578e-02
22.755000	3.487102e-02
22.760000	3.971291e-02
22.765000	4.421192e-02
22.770000	4.817258e-02
22.775000	5.147702e-02
22.780000	5.416247e-02
22.785000	5.631722e-02
22.790000	5.798117e-02
22.795000	5.913980e-02
22.800000	5.978835e-02
22.805000	6.003007e-02
22.810000	6.001258e-02
22.815000	5.986803e-02
22.820000	5.968527e-02
22.825000	5.951048e-02
22.830000	5.935990e-02
22.835000	5.923743e-02
22.840000	5.914333e-02
22.845000	5.908044e-02
22.850000	5.904762e-02
22.855000	5.902659e-02
22.860000	5.896682e-02
22.865000	5.877768e-02
22.870000	5.833436e-02
22.875000	5.750776e-02
22.880000	5.623819e-02
22.885000	5.459508e-02
22.890000	5.271085e-02
22.895000	5.071879e-02
22.900000	4.871487e-02
22.905000	4.674705e-02
22.910000	4.482687e-02
22.915000	4.294320e-02
22.920000	4.107264e-02
22.925000	3.919689e-02
22.930000	3.730181e-02
22.935000	3.538962e-02
22.940000	3.348312e-02
22.945000	3.163334e-02
22.950000	2.990286e-02
22.955000	2.835701e-02
22.960000	2.702482e-02
22.965000	2.587322e-02
22.970000	2.483532e-02
22.975000	2.384905e-02
22.980000	2.287137e-02
22.985000	2.188319e-02
22.990000	2.087957e-02
22.995000	1.986617e-02
23.000000	1.885604e-02
23.005000	1.786724e-02
23.010000	1.690537e-02
23.015000	1.596386e-02
23.020000	1.501701e-02
23.025000	1.402372e-02
23.030000	1.292438e-02
23.035000	1.165976e-02
23.040000	1.020461e-02
23.045000	8.595326e-03
23.050000	6.897451e-03
23.055000	5.174091e-03
23.060000	3.466068e-03
23.065000	1.789508e-03
23.070000	1.346617e-04
23.075000	-1.521813e-03
23.080000	-3.208456e-03
23.085000	-4.941487e-03
23.090000	-6.701599e-03
23.095000	-8.411950e-03
23.100000	-9.927766e-03
23.105000	-1.104927e-02
23.110000	-1.157448e-02
23.115000	-1.140722e-02
23.120000	-1.065430e-02
23.125000	-9.523489e-03
23.130000	-8.221627e-03
23.135000	-6.895915e-03
23.140000	-5.627794e-03
23.145000	-4.438603e-03
23.150000	-3.314699e-03
23.155000	-2.222808e-03
23.160000	-1.132971e-03
23.165000	-2.881331e-05
23.170000	1.086147e-03
23.175000	2.190450e-03
23.180000	3.246044e-03
23.185000	4.209635e-03
23.190000	5.046202e-03
23.195000	5.754463e-03
23.200000	6.378547e-03
23.205000	6.996915e-03
23.210000	7.695176e-03
23.215000	8.546381e-03
23.220000	9.574798e-03
23.225000	1.073233e-02
23.230000	1.194607e-02
23.235000	1.317154e-02
23.240000	1.441684e-02
23.245000	1.574390e-02
23.250000	1.724038e-02
23.255000	1.894242e-02
23.260000	2.073679e-02
23.265000	2.228508e-02
23.270000	2.304946e-02
23.275000	2.266714e-02
23.280000	2.127712e-02
23.285000	1.931326e-02
23.290000	1.719587e-02
23.295000	1.516223e-02
23.300000	1.325996e-02
23.305000	1.141947e-02
23.310000	9.532567e-03
23.315000	7.541429e-03
23.320000	5.452495e-03
23.325000	3.334624e-03
23.330000	1.309491e-03
23.335000	-4.711194e-04
23.340000	-1.865884e-03
23.345000	-2.811674e-03
23.350000	-3.378454e-03
23.355000	-3.704969e-03
23.360000	-3.928596e-03
23.365000	-4.150753e-03
23.370000	-4.427516e-03
23.375000	-4.762304e-03
23.380000	-5.111896e-03
23.385000	-5.388475e-03
23.390000	-5.477998e-03
23.395000	-5.265114e-03
23.400000	-4.692978e-03
23.405000	-3.805745e-03
23.410000	-2.702107e-03
23.415000	-1.483742e-03
23.420000	-2.430832e-04
23.425000	9.388783e-04
23.430000	1.975631e-03
23.435000	2.771853e-03
23.440000	3.238694e-03
23.445000	3.344333e-03
23.450000	3.150887e-03
23.455000	2.766233e-03
23.460000	2.298084e-03
23.465000	1.826802e-03
23.470000	1.403046e-03
23.475000	1.047838e-03
23.480000	7.598676e-04
23.485000	5.132280e-04
23.490000	2.482365e-04
23.495000	-1.283455e-04
23.500000	-7.346983e-04
23.505000	-1.682234e-03
23.510000	-3.017364e-03
23.515000	-4.668105e-03
23.520000	-6.504602e-03
23.525000	-8.405460e-03
23.530000	-1.028618e-02
23.535000	-1.210246e-02
23.540000	-1.384750e-02
23.545000	-1.553537e-02
23.550000	-1.718775e-02
23.555000	-1.882382e-02
23.560000	-2.045142e-02
23.565000	-2.206131e-02
23.570000	-2.362303e-02
23.575000	-2.507925e-02
23.580000	-2.636637e-02
23.585000	-2.742361e-02
23.590000	-2.823926e-02
23.595000	-2.887223e-02
23.600000	-2.941503e-02
23.605000	-2.994057e-02
23.610000	-3.047402e-02
23.615000	-3.096400e-02
23.620000	-3.128041e-02
23.625000	-3.123357e-02
23.630000	-3.063329e-02
23.635000	-2.939136e-02
23.640000	-2.761545e-02
23.645000	-2.551031e-02
23.650000	-2.327139e-02
23.655000	-2.103868e-02
23.660000	-1.888519e-02
23.665000	-1.682591e-02
23.670000	-1.484091e-02
23.675000	-1.289445e-02
23.680000	-1.094878e-02
23.685000	-8.978591e-03
23.690000	-6.984551e-03
23.695000	-4.974020e-03
23.700000	-2.958447e-03
23.705000	-9.491563e-04
23.710000	1.031642e-03
23.715000	2.943635e-03
23.720000	4.718034e-03
23.725000	6.267352e-03
23.730000	7.506666e-03
23.735000	8.406977e-03
23.740000	9.029907e-03
23.745000	9.481963e-03
23.750000	9.858225e-03
23.755000	1.021806e-02
23.760000	1.057161e-02
23.765000	1.088301e-02
23.770000	1.108240e-02
23.775000	1.109517e-02
23.780000	1.088315e-02
23.785000	1.047760e-02
23.790000	9.947334e-03
23.795000	9.363762e-03
23.800000	8.779192e-03
23.805000	8.221214e-03
23.810000	7.692562e-03
23.815000	7.179422e-03
23.820000	6.659577e-03
23.825000	6.110971e-03
23.830000	5.521428e-03
23.835000	4.900467e-03
23.840000	4.272871e-03
23.845000	3.670953e-03
23.850000	3.129454e-03
23.855000	2.679514e-03
23.860000	2.332225e-03
23.865000	2.071227e-03
23.870000	1.864437e-03
23.875000	1.684747e-03
23.880000	1.510540e-03
23.885000	1.329623e-03
23.890000	1.138483e-03
23.895000	9.411703e-04
23.900000	7.458941e-04
23.905000	5.595931e-04
23.910000	3.839952e-04
23.915000	2.182990e-04
23.920000	5.286869e-05
23.925000	-1.296359e-04
23.930000	-3.544739e-04
23.935000	-6.455422e-04
23.940000	-1.012211e-03
23.945000	-1.437702e-03
23.950000	-1.895445e-03
23.955000	-2.360796e-03
23.960000	-2.815926e-03
23.965000	-3.249691e-03
23.970000	-3.656204e-03
23.975000	-4.032907e-03
23.980000	-4.381518e-03
23.985000	-4.708925e-03
23.990000	-5.031442e-03
23.995000	-5.377695e-03
24.000000	-5.786282e-03
24.005000	-6.293545e-03
24.010000	-6.912853e-03
24.015000	-7.616452e-03
24.020000	-8.358971e-03
24.025000	-9.098988e-03
24.030000	-9.807957e-03
24.035000	-1.047029e-02
24.040000	-1.108377e-02
24.045000	-1.165399e-02
24.050000	-1.218934e-02
24.055000	-1.269645e-02
24.060000	-1.317919e-02
24.065000	-1.363670e-02
24.070000	-1.405986e-02
24.075000	-1.443137e-02
24.080000	-1.472972e-02
24.085000	-1.493688e-02
24.090000	-1.504820e-02
24.095000	-1.508130e-02
24.100000	-1.506327e-02
24.105000	-1.502051e-02
24.110000	-1.497010e-02
24.115000	-1.491495e-02
24.120000	-1.484296e-02
24.125000	-1.472581e-02
24.130000	-1.452649e-02
24.135000	-1.420542e-02
24.140000	-1.374254e-02
24.145000	-1.314830e-02
24.150000	-1.243922e-02
24.155000	-1.161633e-02
24.160000	-1.066820e-02
24.165000	-9.597703e-03
24.170000	-8.446848e-03
24.175000	-7.274764e-03
24.180000	-6.138658e-03
24.185000	-5.083992e-03
24.190000	-4.140541e-03
24.195000	-3.315193e-03
24.200000	-2.592250e-03
24.205000	-1.944275e-03
24.210000	-1.346581e-03
24.215000	-7.812138e-04
24.220000	-2.378674e-04
24.225000	2.873655e-04
24.230000	7.932447e-04
24.235000	1.274938e-03
24.240000	1.723684e-03
24.245000	2.127700e-03
24.250000	2.473905e-03
24.255000	2.752835e-03
24.260000	2.964707e-03
24.265000	3.124825e-03
24.270000	3.254246e-03
24.275000	3.372477e-03
24.280000	3.489956e-03
24.285000	3.604932e-03
24.290000	3.701198e-03
24.295000	3.748895e-03
24.300000	3.710032e-03
24.305000	3.551609e-03
24.310000	3.266701e-03
24.315000	2.889899e-03
24.320000	2.474136e-03
24.325000	2.069042e-03
24.330000	1.709079e-03
24.335000	1.408451e-03
24.340000	1.162302e-03
24.345000	9.563824e-04
24.350000	7.750375e-04
24.355000	6.066811e-04
24.360000	4.449217e-04
24.365000	2.889168e-04
24.370000	1.421504e-04
24.375000	1.118884e-05
24.380000	-9.692467e-05
24.385000	-1.766107e-04
24.390000	-2.270459e-04
24.395000	-2.537946e-04
24.400000	-2.650633e-04
24.405000	-2.678826e-04
24.410000	-2.670839e-04
24.415000	-2.651435e-04
24.420000	-2.630270e-04
24.425000	-2.604464e-04
24.430000	-2.567754e-04
24.435000	-2.514661e-04
24.440000	-2.444346e-04
24.445000	-2.357268e-04
24.450000	-2.261215e-04
24.455000	-2.163097e-04
24.460000	-2.064999e-04
24.465000	-1.956384e-04
24.470000	-1.812425e-04
24.475000	-1.591723e-04
24.480000	-1.248419e-04
24.485000	-7.429803e-05
24.490000	-7.270358e-06
24.495000	7.133496e-05
24.500000	1.547378e-04
24.505000	2.374963e-04
24.510000	3.162585e-04
24.515000	3.894752e-04
24.520000	4.560195e-04
24.525000	5.144461e-04
24.530000	5.621403e-04
24.535000	5.958558e-04
24.540000	6.129138e-04
24.545000	6.136319e-04
24.550000	6.026818e-04
24.555000	5.862239e-04
24.560000	5.690363e-04
24.565000	5.538891e-04
24.570000	5.417618e-04
24.575000	5.327058e-04
24.580000	5.265736e-04
24.585000	5.235274e-04
24.590000	5.242902e-04
24.595000	5.300941e-04
24.600000	5.420436e-04
24.605000	5.601607e-04
24.610000	5.826250e-04
24.615000	6.068651e-04
24.620000	6.302997e-04
24.625000	6.507562e-04
24.630000	6.665044e-04
24.635000	6.766209e-04
24.640000	6.814595e-04
24.645000	6.828932e-04
24.650000	6.831370e-04
24.655000	6.838306e-04
24.660000	6.858227e-04
24.665000	6.892780e-04
24.670000	6.938919e-04
24.675000	6.991876e-04
24.680000	7.048694e-04
24.685000	7.109963e-04
24.690000	7.180737e-04
24.695000	7.269852e-04
24.700000	7.386932e-04
24.705000	7.538002e-04
24.710000	7.718839e-04
24.715000	7.912851e-04
24.720000	8.100682e-04
24.725000	8.268220e-04
24.730000	8.408182e-04
24.735000	8.519408e-04
24.740000	8.604498e-04
24.745000	8.667867e-04
24.750000	8.714018e-04
24.755000	8.746343e-04
24.760000	8.766154e-04
24.765000	8.772650e-04
24.770000	8.764441e-04
24.775000	8.740803e-04
24.780000	8.701957e-04
24.785000	8.649000e-04
24.790000	8.583654e-04
24.795000	8.507973e-04
24.800000	8.423882e-04
24.805000	8.333018e-04
24.810000	8.236536e-04
24.815000	8.134991e-04
24.820000	8.028305e-04
24.825000	7.916015e-04
24.830000	7.797887e-04
24.835000	7.674619e-04
24.840000	7.548473e-04
24.845000	7.423148e-04
24.850000	7.301802e-04
24.855000	7.186105e-04
24.860000	7.076381e-04
24.865000	6.972093e-04
24.870000	6.872449e-04
24.875000	6.776760e-04
24.880000	6.684563e-04
24.885000	6.595504e-04
24.890000	6.509190e-04
24.895000	6.425150e-04
24.900000	6.342809e-04
24.905000	6.261524e-04
24.910000	6.180652e-04
24.915000	6.099717e-04
24.920000	6.018425e-04
24.925000	5.936633e-04
24.930000	5.854276e-04
24.935000	5.771328e-04
24.940000	5.687773e-04
24.945000	5.603603e-04
24.950000	5.518820e-04
24.955000	5.433429e-04
24.960000	5.347443e-04
24.965000	5.260877e-04
24.970000	5.173747e-04
24.975000	5.086069e-04
24.980000	4.997863e-04
24.985000	4.909151e-04
24.990000	4.819957e-04
24.995000	4.730302e-04
25.000000	4.640200e-04
