0.000000	2.712337e-03
0.005000	2.687602e-03
0.010000	2.634106e-03
0.015000	2.557141e-03
0.020000	2.469349e-03
0.025000	2.380022e-03
0.030000	2.290388e-03
0.035000	2.194256e-03
0.040000	2.082644e-03
0.045000	1.948505e-03
0.050000	1.789696e-03
0.055000	1.608947e-03
0.060000	1.412179e-03
0.065000	1.205807e-03
0.070000	9.937226e-04
0.075000	7.771180e-04
0.080000	5.546041e-04
0.085000	3.244268e-04
0.090000	8.473519e-05
0.095000	-1.658398e-04
0.100000	-4.274221e-04
0.105000	-6.978227e-04
0.110000	-9.716498e-04
0.115000	-1.240821e-03
0.120000	-1.497840e-03
0.125000	-1.736278e-03
0.130000	-1.955281e-03
0.135000	-2.156348e-03
0.140000	-2.344565e-03
0.145000	-2.524009e-03
0.150000	-2.695773e-03
0.155000	-2.858726e-03
0.160000	-3.011075e-03
0.165000	-3.151918e-03
0.170000	-3.281242e-03
0.175000	-3.396186e-03
0.180000	-3.495378e-03
0.185000	-3.577932e-03
0.190000	-3.648201e-03
0.195000	-3.711683e-03
0.200000	-3.772834e-03
0.205000	-3.834811e-03
0.210000	-3.897444e-03
0.215000	-3.956201e-03
0.220000	-4.007122e-03
0.225000	-4.046150e-03
0.230000	-4.071640e-03
0.235000	-4.082403e-03
0.240000	-4.078944e-03
0.245000	-4.061410e-03
0.250000	-4.037478e-03
0.255000	-4.013342e-03
0.260000	-3.989918e-03
0.265000	-3.966451e-03
0.270000	-3.943497e-03
0.275000	-3.920131e-03
0.280000	-3.897066e-03
0.285000	-3.873356e-03
0.290000	-3.849972e-03
0.295000	-3.826166e-03
0.300000	-3.802563e-03
0.305000	-3.778639e-03
0.310000	-3.755017e-03
0.315000	-3.731019e-03
0.320000	-3.707081e-03
0.325000	-3.682772e-03
0.330000	-3.658605e-03
0.335000	-3.634225e-03
0.340000	-3.610456e-03
0.345000	-3.586446e-03
0.350000	-3.563143e-03
0.355000	-3.539533e-03
0.360000	-3.516135e-03
0.365000	-3.491489e-03
0.370000	-3.465655e-03
0.375000	-3.438011e-03
0.380000	-3.409866e-03
0.385000	-3.382571e-03
0.390000	-3.360524e-03
0.395000	-3.347948e-03
0.400000	-3.349957e-03
0.405000	-3.367238e-03
0.410000	-3.397422e-03
0.415000	-3.435791e-03
0.420000	-3.476677e-03
0.425000	-3.514526e-03
0.430000	-3.550102e-03
0.435000	-3.583861e-03
0.440000	-3.618805e-03
0.445000	-3.653727e-03
0.450000	-3.688942e-03
0.455000	-3.726094e-03
0.460000	-3.766796e-03
0.465000	-3.809905e-03
0.470000	-3.849305e-03
0.475000	-3.875201e-03
0.480000	-3.881482e-03
0.485000	-3.862106e-03
0.490000	-3.820267e-03
0.495000	-3.764085e-03
0.500000	-3.701126e-03
0.505000	-3.635643e-03
0.510000	-3.573686e-03
0.515000	-3.515491e-03
0.520000	-3.461491e-03
0.525000	-3.411976e-03
0.530000	-3.365161e-03
0.535000	-3.315747e-03
0.540000	-3.262504e-03
0.545000	-3.206368e-03
0.550000	-3.148231e-03
0.555000	-3.087521e-03
0.560000	-3.027342e-03
0.565000	-2.966744e-03
0.570000	-2.906364e-03
0.575000	-2.847771e-03
0.580000	-2.791601e-03
0.585000	-2.737033e-03
0.590000	-2.686524e-03
0.595000	-2.637609e-03
0.600000	-2.586886e-03
0.605000	-2.531710e-03
0.610000	-2.474275e-03
0.615000	-2.413803e-03
0.620000	-2.351344e-03
0.625000	-2.289250e-03
0.630000	-2.229593e-03
0.635000	-2.173605e-03
0.640000	-2.126229e-03
0.645000	-2.087888e-03
0.650000	-2.057288e-03
0.655000	-2.030944e-03
0.660000	-2.007207e-03
0.665000	-1.983750e-03
0.670000	-1.960487e-03
0.675000	-1.936138e-03
0.680000	-1.911168e-03
0.685000	-1.884385e-03
0.690000	-1.855698e-03
0.695000	-1.824299e-03
0.700000	-1.791599e-03
0.705000	-1.759981e-03
0.710000	-1.735771e-03
0.715000	-1.725770e-03
0.720000	-1.738641e-03
0.725000	-1.777469e-03
0.730000	-1.838611e-03
0.735000	-1.912450e-03
0.740000	-1.989782e-03
0.745000	-2.061905e-03
0.750000	-2.124514e-03
0.755000	-2.176211e-03
0.760000	-2.223221e-03
0.765000	-2.274710e-03
0.770000	-2.337999e-03
0.775000	-2.413567e-03
0.780000	-2.498742e-03
0.785000	-2.584698e-03
0.790000	-2.658962e-03
0.795000	-2.704632e-03
0.800000	-2.706179e-03
0.805000	-2.655195e-03
0.810000	-2.560022e-03
0.815000	-2.436032e-03
0.820000	-2.300147e-03
0.825000	-2.164626e-03
0.830000	-2.038523e-03
0.835000	-1.924592e-03
0.840000	-1.822277e-03
0.845000	-1.724422e-03
0.850000	-1.621582e-03
0.855000	-1.507694e-03
0.860000	-1.384135e-03
0.865000	-1.255135e-03
0.870000	-1.129573e-03
0.875000	-1.016487e-03
0.880000	-9.254990e-04
0.885000	-8.603802e-04
0.890000	-8.181509e-04
0.895000	-7.902093e-04
0.900000	-7.695832e-04
0.905000	-7.499117e-04
0.910000	-7.288919e-04
0.915000	-7.049496e-04
0.920000	-6.789969e-04
0.925000	-6.516169e-04
0.930000	-6.242525e-04
0.935000	-5.969667e-04
0.940000	-5.706876e-04
0.945000	-5.445861e-04
0.950000	-5.193753e-04
0.955000	-4.940681e-04
0.960000	-4.691506e-04
0.965000	-4.435938e-04
0.970000	-4.182637e-04
0.975000	-3.923973e-04
0.980000	-3.667486e-04
0.985000	-3.408856e-04
0.990000	-3.153283e-04
0.995000	-2.895407e-04
1.000000	-2.641639e-04
1.005000	-2.386718e-04
1.010000	-2.135705e-04
1.015000	-1.881359e-04
1.020000	-1.630211e-04
1.025000	-1.375940e-04
1.030000	-1.124568e-04
1.035000	-8.689526e-05
1.040000	-6.184356e-05
1.045000	-3.635966e-05
1.050000	-1.149357e-05
1.055000	1.369771e-05
1.060000	3.847117e-05
1.065000	6.366380e-05
1.070000	8.843160e-05
1.075000	1.135535e-04
1.080000	1.382486e-04
1.085000	1.632939e-04
1.090000	1.879053e-04
1.095000	2.128418e-04
1.100000	2.374734e-04
1.105000	2.623381e-04
1.110000	2.867722e-04
1.115000	3.115493e-04
1.120000	3.359135e-04
1.125000	3.605138e-04
1.130000	3.847832e-04
1.135000	4.094069e-04
1.140000	4.335913e-04
1.145000	4.581066e-04
1.150000	4.822457e-04
1.155000	5.066820e-04
1.160000	5.307092e-04
1.165000	5.549592e-04
1.170000	5.788230e-04
1.175000	6.029783e-04
1.180000	6.267397e-04
1.185000	6.508370e-04
1.190000	6.744963e-04
1.195000	6.984763e-04
1.200000	7.220517e-04
1.205000	7.459796e-04
1.210000	7.693841e-04
1.215000	7.932068e-04
1.220000	8.166172e-04
1.225000	8.402812e-04
1.230000	8.635621e-04
1.235000	8.871552e-04
1.240000	9.102708e-04
1.245000	9.336825e-04
1.250000	9.566511e-04
1.255000	9.799458e-04
1.260000	1.002873e-03
1.265000	1.026100e-03
1.270000	1.048901e-03
1.275000	1.071989e-03
1.280000	1.094624e-03
1.285000	1.117580e-03
1.290000	1.140104e-03
1.295000	1.162887e-03
1.300000	1.185274e-03
1.305000	1.207969e-03
1.310000	1.230222e-03
1.315000	1.252763e-03
1.320000	1.274903e-03
1.325000	1.297337e-03
1.330000	1.319384e-03
1.335000	1.341701e-03
1.340000	1.363607e-03
1.345000	1.385754e-03
1.350000	1.407450e-03
1.355000	1.429419e-03
1.360000	1.450944e-03
1.365000	1.472764e-03
1.370000	1.494216e-03
1.375000	1.515985e-03
1.380000	1.537306e-03
1.385000	1.558915e-03
1.390000	1.580083e-03
1.395000	1.601508e-03
1.400000	1.622491e-03
1.405000	1.643746e-03
1.410000	1.664636e-03
1.415000	1.685768e-03
1.420000	1.706441e-03
1.425000	1.727380e-03
1.430000	1.747889e-03
1.435000	1.768674e-03
1.440000	1.789087e-03
1.445000	1.809781e-03
1.450000	1.830102e-03
1.455000	1.850617e-03
1.460000	1.870701e-03
1.465000	1.891004e-03
1.470000	1.910827e-03
1.475000	1.930924e-03
1.480000	1.950600e-03
1.485000	1.970567e-03
1.490000	1.990163e-03
1.495000	2.010091e-03
1.500000	2.029598e-03
1.505000	2.049394e-03
1.510000	2.068711e-03
1.515000	2.088282e-03
1.520000	2.107365e-03
1.525000	2.126684e-03
1.530000	2.145544e-03
1.535000	2.164683e-03
1.540000	2.183348e-03
1.545000	2.202335e-03
1.550000	2.220849e-03
1.555000	2.239716e-03
1.560000	2.258192e-03
1.565000	2.276967e-03
1.570000	2.295272e-03
1.575000	2.313753e-03
1.580000	2.331613e-03
1.585000	2.349450e-03
1.590000	2.366522e-03
1.595000	2.383757e-03
1.600000	2.400779e-03
1.605000	2.418950e-03
1.610000	2.437953e-03
1.615000	2.458668e-03
1.620000	2.479746e-03
1.625000	2.499684e-03
1.630000	2.514290e-03
1.635000	2.519327e-03
1.640000	2.509659e-03
1.645000	2.484610e-03
1.650000	2.446363e-03
1.655000	2.399610e-03
1.660000	2.350349e-03
1.665000	2.304029e-03
1.670000	2.259959e-03
1.675000	2.217662e-03
1.680000	2.174093e-03
1.685000	2.130389e-03
1.690000	2.086271e-03
1.695000	2.040002e-03
1.700000	1.989851e-03
1.705000	1.937283e-03
1.710000	1.888279e-03
1.715000	1.852592e-03
1.720000	1.836428e-03
1.725000	1.845784e-03
1.730000	1.877522e-03
1.735000	1.923401e-03
1.740000	1.975967e-03
1.745000	2.030899e-03
1.750000	2.082223e-03
1.755000	2.129574e-03
1.760000	2.172525e-03
1.765000	2.210840e-03
1.770000	2.246350e-03
1.775000	2.284386e-03
1.780000	2.326139e-03
1.785000	2.370692e-03
1.790000	2.417124e-03
1.795000	2.465990e-03
1.800000	2.514249e-03
1.805000	2.562619e-03
1.810000	2.610710e-03
1.815000	2.656815e-03
1.820000	2.700494e-03
1.825000	2.742248e-03
1.830000	2.779812e-03
1.835000	2.815628e-03
1.840000	2.853266e-03
1.845000	2.895122e-03
1.850000	2.939250e-03
1.855000	2.986370e-03
1.860000	3.035428e-03
1.865000	3.084031e-03
1.870000	3.129993e-03
1.875000	3.172076e-03
1.880000	3.205110e-03
1.885000	3.228787e-03
1.890000	3.244417e-03
1.895000	3.255900e-03
1.900000	3.265073e-03
1.905000	3.274411e-03
1.910000	3.284095e-03
1.915000	3.295018e-03
1.920000	3.306121e-03
1.925000	3.317731e-03
1.930000	3.328945e-03
1.935000	3.340199e-03
1.940000	3.350857e-03
1.945000	3.361537e-03
1.950000	3.371597e-03
1.955000	3.381872e-03
1.960000	3.391741e-03
1.965000	3.401923e-03
1.970000	3.411597e-03
1.975000	3.421583e-03
1.980000	3.431076e-03
1.985000	3.440786e-03
1.990000	3.450098e-03
1.995000	3.459609e-03
2.000000	3.468637e-03
2.005000	3.477787e-03
2.010000	3.486434e-03
2.015000	3.495380e-03
2.020000	3.503946e-03
2.025000	3.512715e-03
2.030000	3.521096e-03
2.035000	3.529690e-03
2.040000	3.537794e-03
2.045000	3.545872e-03
2.050000	3.553583e-03
2.055000	3.561486e-03
2.060000	3.569006e-03
2.065000	3.576711e-03
2.070000	3.584150e-03
2.075000	3.591760e-03
2.080000	3.598894e-03
2.085000	3.606196e-03
2.090000	3.612940e-03
2.095000	3.619862e-03
2.100000	3.626312e-03
2.105000	3.632950e-03
2.110000	3.639127e-03
2.115000	3.645508e-03
2.120000	3.651514e-03
2.125000	3.657705e-03
2.130000	3.663416e-03
2.135000	3.669442e-03
2.140000	3.675067e-03
2.145000	3.681016e-03
2.150000	3.686408e-03
2.155000	3.692157e-03
2.160000	3.697196e-03
2.165000	3.702422e-03
2.170000	3.707149e-03
2.175000	3.712130e-03
2.180000	3.716573e-03
2.185000	3.721260e-03
2.190000	3.725414e-03
2.195000	3.729890e-03
2.200000	3.733767e-03
2.205000	3.737957e-03
2.210000	3.741642e-03
2.215000	3.745660e-03
2.220000	3.749060e-03
2.225000	3.752794e-03
2.230000	3.755999e-03
2.235000	3.759449e-03
2.240000	3.762373e-03
2.245000	3.765505e-03
2.250000	3.768036e-03
2.255000	3.770694e-03
2.260000	3.772855e-03
2.265000	3.775329e-03
2.270000	3.777286e-03
2.275000	3.779674e-03
2.280000	3.781557e-03
2.285000	3.783651e-03
2.290000	3.785334e-03
2.295000	3.787241e-03
2.300000	3.788646e-03
2.305000	3.790407e-03
2.310000	3.791643e-03
2.315000	3.793101e-03
2.320000	3.793934e-03
2.325000	3.794908e-03
2.330000	3.795241e-03
2.335000	3.795618e-03
2.340000	3.795468e-03
2.345000	3.795640e-03
2.350000	3.795506e-03
2.355000	3.796089e-03
2.360000	3.796573e-03
2.365000	3.797647e-03
2.370000	3.798356e-03
2.375000	3.798864e-03
2.380000	3.797655e-03
2.385000	3.794878e-03
2.390000	3.789694e-03
2.395000	3.783567e-03
2.400000	3.777796e-03
2.405000	3.776404e-03
2.410000	3.782071e-03
2.415000	3.796827e-03
2.420000	3.816773e-03
2.425000	3.831736e-03
2.430000	3.821315e-03
2.435000	3.759193e-03
2.440000	3.617187e-03
2.445000	3.383340e-03
2.450000	3.071050e-03
2.455000	2.707552e-03
2.460000	2.320863e-03
2.465000	1.933378e-03
2.470000	1.553574e-03
2.475000	1.184580e-03
2.480000	8.209643e-04
2.485000	4.522534e-04
2.490000	6.881029e-05
2.495000	-3.328632e-04
2.500000	-7.497987e-04
2.505000	-1.159122e-03
2.510000	-1.521274e-03
2.515000	-1.782312e-03
2.520000	-1.886036e-03
2.525000	-1.802846e-03
2.530000	-1.561971e-03
2.535000	-1.219351e-03
2.540000	-8.288393e-04
2.545000	-4.298265e-04
2.550000	-4.522899e-05
2.555000	3.219868e-04
2.560000	6.752212e-04
2.565000	1.024018e-03
2.570000	1.378741e-03
2.575000	1.744819e-03
2.580000	2.119202e-03
2.585000	2.493460e-03
2.590000	2.845814e-03
2.595000	3.148476e-03
2.600000	3.374256e-03
2.605000	3.509736e-03
2.610000	3.566133e-03
2.615000	3.569733e-03
2.620000	3.545039e-03
2.625000	3.510726e-03
2.630000	3.476513e-03
2.635000	3.448729e-03
2.640000	3.430476e-03
2.645000	3.427366e-03
2.650000	3.443601e-03
2.655000	3.480731e-03
2.660000	3.528666e-03
2.665000	3.559982e-03
2.670000	3.523145e-03
2.675000	3.348290e-03
2.680000	2.962269e-03
2.685000	2.329434e-03
2.690000	1.484016e-03
2.695000	4.953877e-04
2.700000	-5.804103e-04
2.705000	-1.710138e-03
2.710000	-2.876851e-03
2.715000	-4.053373e-03
2.720000	-5.181806e-03
2.725000	-6.159389e-03
2.730000	-6.845465e-03
2.735000	-7.088676e-03
2.740000	-6.811669e-03
2.745000	-6.080121e-03
2.750000	-5.035002e-03
2.755000	-3.811852e-03
2.760000	-2.516807e-03
2.765000	-1.226253e-03
2.770000	-4.322346e-06
2.775000	1.076322e-03
2.780000	1.919077e-03
2.785000	2.422485e-03
2.790000	2.538898e-03
2.795000	2.332295e-03
2.800000	1.921488e-03
2.805000	1.417708e-03
2.810000	8.965917e-04
2.815000	3.993500e-04
2.820000	-6.221580e-05
2.825000	-4.973919e-04
2.830000	-9.259789e-04
2.835000	-1.364331e-03
2.840000	-1.825091e-03
2.845000	-2.307036e-03
2.850000	-2.788375e-03
2.855000	-3.221037e-03
2.860000	-3.544260e-03
2.865000	-3.696391e-03
2.870000	-3.645524e-03
2.875000	-3.414683e-03
2.880000	-3.062408e-03
2.885000	-2.648080e-03
2.890000	-2.218199e-03
2.895000	-1.798881e-03
2.900000	-1.401583e-03
2.905000	-1.025861e-03
2.910000	-6.677313e-04
2.915000	-3.193480e-04
2.920000	2.734723e-05
2.925000	3.826144e-04
2.930000	7.497570e-04
2.935000	1.128272e-03
2.940000	1.514002e-03
2.945000	1.903856e-03
2.950000	2.293905e-03
2.955000	2.682374e-03
2.960000	3.066734e-03
2.965000	3.447014e-03
2.970000	3.822598e-03
2.975000	4.196696e-03
2.980000	4.572989e-03
2.985000	4.958394e-03
2.990000	5.358505e-03
2.995000	5.776422e-03
3.000000	6.204751e-03
3.005000	6.622755e-03
3.010000	6.990987e-03
3.015000	7.256726e-03
3.020000	7.365068e-03
3.025000	7.291199e-03
3.030000	7.061957e-03
3.035000	6.728452e-03
3.040000	6.337802e-03
3.045000	5.927633e-03
3.050000	5.519214e-03
3.055000	5.125891e-03
3.060000	4.753782e-03
3.065000	4.411750e-03
3.070000	4.110076e-03
3.075000	3.850988e-03
3.080000	3.614813e-03
3.085000	3.352013e-03
3.090000	2.967977e-03
3.095000	2.338087e-03
3.100000	1.343299e-03
3.105000	-5.684621e-05
3.110000	-1.758826e-03
3.115000	-3.555317e-03
3.120000	-5.199468e-03
3.125000	-6.458619e-03
3.130000	-7.194474e-03
3.135000	-7.420527e-03
3.140000	-7.216325e-03
3.145000	-6.635979e-03
3.150000	-5.706783e-03
3.155000	-4.486399e-03
3.160000	-3.164514e-03
3.165000	-2.129318e-03
3.170000	-1.910671e-03
3.175000	-3.013057e-03
3.180000	-5.621222e-03
3.185000	-9.343048e-03
3.190000	-1.337845e-02
3.195000	-1.678001e-02
3.200000	-1.869447e-02
3.205000	-1.867878e-02
3.210000	-1.693518e-02
3.215000	-1.401253e-02
3.220000	-1.047591e-02
3.225000	-6.769320e-03
3.230000	-3.177679e-03
3.235000	1.164892e-04
3.240000	2.942660e-03
3.245000	5.091461e-03
3.250000	6.341857e-03
3.255000	6.601496e-03
3.260000	6.039110e-03
3.265000	4.957500e-03
3.270000	3.641103e-03
3.275000	2.291315e-03
3.280000	1.011656e-03
3.285000	-1.695391e-04
3.290000	-1.280057e-03
3.295000	-2.372126e-03
3.300000	-3.498904e-03
3.305000	-4.690849e-03
3.310000	-5.946533e-03
3.315000	-7.211311e-03
3.320000	-8.366206e-03
3.325000	-9.232546e-03
3.330000	-9.605665e-03
3.335000	-9.332523e-03
3.340000	-8.392926e-03
3.345000	-6.815752e-03
3.350000	-4.614517e-03
3.355000	-1.811249e-03
3.360000	1.443911e-03
3.365000	4.779615e-03
3.370000	7.715391e-03
3.375000	9.856701e-03
3.380000	1.111831e-02
3.385000	1.188917e-02
3.390000	1.283796e-02
3.395000	1.463683e-02
3.400000	1.762563e-02
3.405000	2.158646e-02
3.410000	2.586828e-02
3.415000	2.963722e-02
3.420000	3.209011e-02
3.425000	3.277502e-02
3.430000	3.181892e-02
3.435000	2.966290e-02
3.440000	2.677781e-02
3.445000	2.356260e-02
3.450000	2.035454e-02
3.455000	1.751846e-02
3.460000	1.550438e-02
3.465000	1.482321e-02
3.470000	1.586708e-02
3.475000	1.856794e-02
3.480000	2.209987e-02
3.485000	2.515976e-02
3.490000	2.641378e-02
3.495000	2.504077e-02
3.500000	2.113981e-02
3.505000	1.536170e-02
3.510000	8.490860e-03
3.515000	1.290225e-03
3.520000	-5.526880e-03
3.525000	-1.130852e-02
3.530000	-1.552156e-02
3.535000	-1.793771e-02
3.540000	-1.881076e-02
3.545000	-1.861187e-02
3.550000	-1.778788e-02
3.555000	-1.669499e-02
3.560000	-1.564699e-02
3.565000	-1.500899e-02
3.570000	-1.525394e-02
3.575000	-1.691098e-02
3.580000	-2.036793e-02
3.585000	-2.548394e-02
3.590000	-3.125990e-02
3.595000	-3.611810e-02
3.600000	-3.841216e-02
3.605000	-3.709211e-02
3.610000	-3.228418e-02
3.615000	-2.492221e-02
3.620000	-1.634623e-02
3.625000	-8.091138e-03
3.630000	-1.516228e-03
3.635000	2.656618e-03
3.640000	4.622289e-03
3.645000	5.086393e-03
3.650000	4.805475e-03
3.655000	4.360350e-03
3.660000	4.079429e-03
3.665000	4.078111e-03
3.670000	4.333799e-03
3.675000	4.769520e-03
3.680000	5.303618e-03
3.685000	5.876909e-03
3.690000	6.433215e-03
3.695000	6.887024e-03
3.700000	7.088968e-03
3.705000	6.829119e-03
3.710000	5.883688e-03
3.715000	4.146641e-03
3.720000	1.746531e-03
3.725000	-1.044453e-03
3.730000	-3.920187e-03
3.735000	-6.600653e-03
3.740000	-8.878661e-03
3.745000	-1.066533e-02
3.750000	-1.202816e-02
3.755000	-1.309907e-02
3.760000	-1.398594e-02
3.765000	-1.472781e-02
3.770000	-1.531063e-02
3.775000	-1.570849e-02
3.780000	-1.594929e-02
3.785000	-1.609611e-02
3.790000	-1.621794e-02
3.795000	-1.636680e-02
3.800000	-1.657558e-02
3.805000	-1.683438e-02
3.810000	-1.708416e-02
3.815000	-1.720898e-02
3.820000	-1.705178e-02
3.825000	-1.645155e-02
3.830000	-1.533236e-02
3.835000	-1.377625e-02
3.840000	-1.197605e-02
3.845000	-1.016967e-02
3.850000	-8.599646e-03
3.855000	-7.466017e-03
3.860000	-6.859648e-03
3.865000	-6.706124e-03
3.870000	-6.847361e-03
3.875000	-7.122689e-03
3.880000	-7.412239e-03
3.885000	-7.650847e-03
3.890000	-7.822867e-03
3.895000	-7.941986e-03
3.900000	-8.037190e-03
3.905000	-8.137688e-03
3.910000	-8.267866e-03
3.915000	-8.438094e-03
3.920000	-8.644507e-03
3.925000	-8.867670e-03
3.930000	-9.070876e-03
3.935000	-9.190852e-03
3.940000	-9.146346e-03
3.945000	-8.854219e-03
3.950000	-8.277017e-03
3.955000	-7.460095e-03
3.960000	-6.495370e-03
3.965000	-5.466390e-03
3.970000	-4.431152e-03
3.975000	-3.416593e-03
3.980000	-2.427544e-03
3.985000	-1.454865e-03
3.990000	-4.869575e-04
3.995000	4.855717e-04
4.000000	1.463454e-03
4.005000	2.441968e-03
4.010000	3.410751e-03
4.015000	4.362370e-03
4.020000	5.295354e-03
4.025000	6.221934e-03
4.030000	7.167441e-03
4.035000	8.170463e-03
4.040000	9.252201e-03
4.045000	1.038571e-02
4.050000	1.145516e-02
4.055000	1.224264e-02
4.060000	1.240715e-02
4.065000	1.149658e-02
4.070000	9.041332e-03
4.075000	4.816967e-03
4.080000	-9.175947e-04
4.085000	-7.680591e-03
4.090000	-1.504893e-02
4.095000	-2.274653e-02
4.100000	-3.061700e-02
4.105000	-3.850460e-02
4.110000	-4.611211e-02
4.115000	-5.288085e-02
4.120000	-5.799948e-02
4.125000	-6.058503e-02
4.130000	-6.014871e-02
4.135000	-5.701137e-02
4.140000	-5.189905e-02
4.145000	-4.549757e-02
4.150000	-3.833020e-02
4.155000	-3.077380e-02
4.160000	-2.303735e-02
4.165000	-1.517058e-02
4.170000	-7.166958e-03
4.175000	9.188159e-04
4.180000	8.859919e-03
4.185000	1.619354e-02
4.190000	2.224606e-02
4.195000	2.630677e-02
4.200000	2.801432e-02
4.205000	2.769193e-02
4.210000	2.603456e-02
4.215000	2.372622e-02
4.220000	2.126581e-02
4.225000	1.893137e-02
4.230000	1.681297e-02
4.235000	1.488862e-02
4.240000	1.309320e-02
4.245000	1.135978e-02
4.250000	9.639896e-03
4.255000	7.893865e-03
4.260000	6.071368e-03
4.265000	4.092831e-03
4.270000	1.847246e-03
4.275000	-7.737518e-04
4.280000	-3.811105e-03
4.285000	-7.181648e-03
4.290000	-1.075266e-02
4.295000	-1.441706e-02
4.300000	-1.812447e-02
4.305000	-2.187092e-02
4.310000	-2.566235e-02
4.315000	-2.946393e-02
4.320000	-3.314435e-02
4.325000	-3.641956e-02
4.330000	-3.876101e-02
4.335000	-3.940340e-02
4.340000	-3.754589e-02
4.345000	-3.282724e-02
4.350000	-2.575976e-02
4.355000	-1.733410e-02
4.360000	-8.554032e-03
4.365000	-1.703059e-04
4.370000	7.414259e-03
4.375000	1.397068e-02
4.380000	1.927329e-02
4.385000	2.308403e-02
4.390000	2.533163e-02
4.395000	2.633149e-02
4.400000	2.661719e-02
4.405000	2.675596e-02
4.410000	2.725972e-02
4.415000	2.852460e-02
4.420000	3.073638e-02
4.425000	3.371423e-02
4.430000	3.681007e-02
4.435000	3.913798e-02
4.440000	3.996678e-02
4.445000	3.900246e-02
4.450000	3.620725e-02
4.455000	3.163906e-02
4.460000	2.554490e-02
4.465000	1.853066e-02
4.470000	1.142345e-02
4.475000	5.089036e-03
4.480000	2.712623e-04
4.485000	-2.675232e-03
4.490000	-3.993092e-03
4.495000	-4.250377e-03
4.500000	-4.058372e-03
4.505000	-3.946013e-03
4.510000	-4.327190e-03
4.515000	-5.477242e-03
4.520000	-7.527106e-03
4.525000	-1.055732e-02
4.530000	-1.461647e-02
4.535000	-1.957373e-02
4.540000	-2.494893e-02
4.545000	-2.992816e-02
4.550000	-3.350043e-02
4.555000	-3.467081e-02
4.560000	-3.291110e-02
4.565000	-2.855419e-02
4.570000	-2.245048e-02
4.575000	-1.557763e-02
4.580000	-8.868375e-03
4.585000	-3.131625e-03
4.590000	1.016888e-03
4.595000	3.330933e-03
4.600000	4.079279e-03
4.605000	3.784891e-03
4.610000	2.967038e-03
4.615000	2.066140e-03
4.620000	1.463548e-03
4.625000	1.544431e-03
4.630000	2.694535e-03
4.635000	5.245950e-03
4.640000	9.409346e-03
4.645000	1.506240e-02
4.650000	2.153121e-02
4.655000	2.782718e-02
4.660000	3.298106e-02
4.665000	3.640501e-02
4.670000	3.813695e-02
4.675000	3.853702e-02
4.680000	3.795997e-02
4.685000	3.663287e-02
4.690000	3.470090e-02
4.695000	3.233989e-02
4.700000	2.971890e-02
4.705000	2.695384e-02
4.710000	2.411283e-02
4.715000	2.124783e-02
4.720000	1.843383e-02
4.725000	1.579964e-02
4.730000	1.351564e-02
4.735000	1.176156e-02
4.740000	1.061658e-02
4.745000	9.948469e-03
4.750000	9.467552e-03
4.755000	8.816403e-03
4.760000	7.640642e-03
4.765000	5.707968e-03
4.770000	3.009307e-03
4.775000	-2.806472e-04
4.780000	-3.847534e-03
4.785000	-7.225214e-03
4.790000	-9.818735e-03
4.795000	-1.104390e-02
4.800000	-1.060894e-02
4.805000	-8.759612e-03
4.810000	-6.089132e-03
4.815000	-3.297822e-03
4.820000	-1.057348e-03
4.825000	1.061439e-04
4.830000	-3.372978e-05
4.835000	-1.287108e-03
4.840000	-3.259659e-03
4.845000	-5.567349e-03
4.850000	-7.935918e-03
4.855000	-1.021170e-02
4.860000	-1.233666e-02
4.865000	-1.431162e-02
4.870000	-1.616456e-02
4.875000	-1.793958e-02
4.880000	-1.969855e-02
4.885000	-2.152344e-02
4.890000	-2.351536e-02
4.895000	-2.577434e-02
4.900000	-2.834530e-02
4.905000	-3.113823e-02
4.910000	-3.383823e-02
4.915000	-3.584230e-02
4.920000	-3.633033e-02
4.925000	-3.448423e-02
4.930000	-2.996130e-02
4.935000	-2.329625e-02
4.940000	-1.558625e-02
4.945000	-8.059400e-03
4.950000	-1.774128e-03
4.955000	2.687026e-03
4.960000	5.414034e-03
4.965000	6.910095e-03
4.970000	7.793112e-03
4.975000	8.664798e-03
4.980000	1.004891e-02
4.985000	1.236406e-02
4.990000	1.583417e-02
4.995000	2.032140e-02
5.000000	2.515453e-02
5.005000	2.924670e-02
5.010000	3.146795e-02
5.015000	3.085423e-02
5.020000	2.696959e-02
5.025000	2.026979e-02
5.030000	1.172511e-02
5.035000	2.438224e-03
5.040000	-6.497216e-03
5.045000	-1.403557e-02
5.050000	-1.925244e-02
5.055000	-2.159344e-02
5.060000	-2.116932e-02
5.065000	-1.853924e-02
5.070000	-1.459911e-02
5.075000	-1.057897e-02
5.080000	-7.749420e-03
5.085000	-6.979582e-03
5.090000	-8.438218e-03
5.095000	-1.185905e-02
5.100000	-1.678978e-02
5.105000	-2.257067e-02
5.110000	-2.821750e-02
5.115000	-3.248873e-02
5.120000	-3.411162e-02
5.125000	-3.222609e-02
5.130000	-2.683900e-02
5.135000	-1.853571e-02
5.140000	-8.278966e-03
5.145000	2.538147e-03
5.150000	1.220792e-02
5.155000	1.891530e-02
5.160000	2.117653e-02
5.165000	1.835383e-02
5.170000	1.056713e-02
5.175000	-1.137650e-03
5.180000	-1.441933e-02
5.185000	-2.613609e-02
5.190000	-3.309595e-02
5.195000	-3.307783e-02
5.200000	-2.579172e-02
5.205000	-1.263838e-02
5.210000	3.727438e-03
5.215000	2.033713e-02
5.220000	3.481136e-02
5.225000	4.575374e-02
5.230000	5.226005e-02
5.235000	5.351759e-02
5.240000	4.910697e-02
5.245000	3.957425e-02
5.250000	2.623467e-02
5.255000	1.114297e-02
5.260000	-2.778729e-03
5.265000	-1.236454e-02
5.270000	-1.535031e-02
5.275000	-1.140014e-02
5.280000	-1.972193e-03
5.285000	1.007846e-02
5.290000	2.143777e-02
5.295000	2.936618e-02
5.300000	3.230059e-02
5.305000	2.954496e-02
5.310000	2.113144e-02
5.315000	8.047122e-03
5.320000	-8.127657e-03
5.325000	-2.534349e-02
5.330000	-4.098311e-02
5.335000	-5.217898e-02
5.340000	-5.659075e-02
5.345000	-5.326949e-02
5.350000	-4.284334e-02
5.355000	-2.755409e-02
5.360000	-1.031482e-02
5.365000	6.169794e-03
5.370000	1.988806e-02
5.375000	2.968958e-02
5.380000	3.466507e-02
5.385000	3.376258e-02
5.390000	2.622916e-02
5.395000	1.241462e-02
5.400000	-6.208748e-03
5.405000	-2.706651e-02
5.410000	-4.697411e-02
5.415000	-6.273896e-02
5.420000	-7.192173e-02
5.425000	-7.357852e-02
5.430000	-6.806235e-02
5.435000	-5.681428e-02
5.440000	-4.175000e-02
5.445000	-2.501424e-02
5.450000	-9.101647e-03
5.455000	3.475542e-03
5.460000	1.084503e-02
5.465000	1.237361e-02
5.470000	8.484759e-03
5.475000	4.528837e-04
5.480000	-1.017060e-02
5.485000	-2.185252e-02
5.490000	-3.296714e-02
5.495000	-4.156676e-02
5.500000	-4.534155e-02
5.505000	-4.202812e-02
5.510000	-3.058699e-02
5.515000	-1.234252e-02
5.520000	9.867750e-03
5.525000	3.270637e-02
5.530000	5.289472e-02
5.535000	6.805449e-02
5.540000	7.728498e-02
5.545000	8.052565e-02
5.550000	7.811222e-02
5.555000	7.083501e-02
5.560000	5.956762e-02
5.565000	4.530702e-02
5.570000	2.958258e-02
5.575000	1.438303e-02
5.580000	1.931859e-03
5.585000	-5.649686e-03
5.590000	-7.124351e-03
5.595000	-2.854345e-03
5.600000	5.940307e-03
5.605000	1.787242e-02
5.610000	3.150179e-02
5.615000	4.544339e-02
5.620000	5.830588e-02
5.625000	6.861950e-02
5.630000	7.501507e-02
5.635000	7.681887e-02
5.640000	7.459452e-02
5.645000	6.953897e-02
5.650000	6.285466e-02
5.655000	5.552222e-02
5.660000	4.813387e-02
5.665000	4.090536e-02
5.670000	3.378299e-02
5.675000	2.662157e-02
5.680000	1.934914e-02
5.685000	1.209454e-02
5.690000	5.244848e-03
5.695000	-5.770259e-04
5.700000	-4.630558e-03
5.705000	-6.182517e-03
5.710000	-4.857520e-03
5.715000	-9.784634e-04
5.720000	4.785485e-03
5.725000	1.177160e-02
5.730000	1.936114e-02
5.735000	2.690678e-02
5.740000	3.378339e-02
5.745000	3.950708e-02
5.750000	4.372776e-02
5.755000	4.579776e-02
5.760000	4.449250e-02
5.765000	3.822275e-02
5.770000	2.589858e-02
5.775000	7.878995e-03
5.780000	-1.446610e-02
5.785000	-3.916565e-02
5.790000	-6.361893e-02
5.795000	-8.458575e-02
5.800000	-9.844726e-02
5.805000	-1.020448e-01
5.810000	-9.424538e-02
5.815000	-7.668496e-02
5.820000	-5.218164e-02
5.825000	-2.341797e-02
5.830000	7.248852e-03
5.835000	3.728637e-02
5.840000	6.349408e-02
5.845000	8.294378e-02
5.850000	9.402663e-02
5.855000	9.575556e-02
5.860000	8.746157e-02
5.865000	6.968925e-02
5.870000	4.480429e-02
5.875000	1.585891e-02
5.880000	-1.435519e-02
5.885000	-4.356074e-02
5.890000	-6.982396e-02
5.895000	-9.103074e-02
5.900000	-1.047112e-01
5.905000	-1.088318e-01
5.910000	-1.029324e-01
5.915000	-8.842933e-02
5.920000	-6.860671e-02
5.925000	-4.768269e-02
5.930000	-2.977400e-02
5.935000	-1.808819e-02
5.940000	-1.435335e-02
5.945000	-1.942049e-02
5.950000	-3.335654e-02
5.955000	-5.491594e-02
5.960000	-8.171911e-02
5.965000	-1.104853e-01
5.970000	-1.381856e-01
5.975000	-1.628463e-01
5.980000	-1.824969e-01
5.985000	-1.941374e-01
5.990000	-1.935183e-01
5.995000	-1.768594e-01
6.000000	-1.454802e-01
6.005000	-1.074900e-01
6.010000	-7.245464e-02
6.015000	-4.442657e-02
6.020000	-2.110915e-02
6.025000	9.978028e-04
6.030000	2.201947e-02
6.035000	3.935963e-02
6.040000	5.053834e-02
6.045000	5.550433e-02
6.050000	5.586112e-02
6.055000	5.356415e-02
6.060000	5.025592e-02
6.065000	4.694581e-02
6.070000	4.400055e-02
6.075000	4.128664e-02
6.080000	3.839142e-02
6.085000	3.485804e-02
6.090000	3.043183e-02
6.095000	2.532460e-02
6.100000	2.025943e-02
6.105000	1.571418e-02
6.110000	1.127503e-02
6.115000	6.178290e-03
6.120000	-7.777647e-06
6.125000	-7.505498e-03
6.130000	-1.656367e-02
6.135000	-2.749995e-02
6.140000	-4.049403e-02
6.145000	-5.534431e-02
6.150000	-7.170942e-02
6.155000	-8.930806e-02
6.160000	-1.078063e-01
6.165000	-1.265563e-01
6.170000	-1.442267e-01
6.175000	-1.586672e-01
6.180000	-1.670678e-01
6.185000	-1.668581e-01
6.190000	-1.568889e-01
6.195000	-1.377195e-01
6.200000	-1.117703e-01
6.205000	-8.232105e-02
6.210000	-5.264070e-02
6.215000	-2.570158e-02
6.220000	-3.973307e-03
6.225000	1.108222e-02
6.230000	1.946890e-02
6.235000	2.176922e-02
6.240000	1.857990e-02
6.245000	1.082590e-02
6.250000	4.935017e-04
6.255000	-8.658680e-03
6.260000	-1.154928e-02
6.265000	-3.106994e-03
6.270000	1.975864e-02
6.275000	5.653670e-02
6.280000	1.031161e-01
6.285000	1.535561e-01
6.290000	2.016358e-01
6.295000	2.417365e-01
6.300000	2.698766e-01
6.305000	2.845471e-01
6.310000	2.858374e-01
6.315000	2.747788e-01
6.320000	2.530792e-01
6.325000	2.233885e-01
6.330000	1.889188e-01
6.335000	1.531688e-01
6.340000	1.193989e-01
6.345000	9.006944e-02
6.350000	6.656341e-02
6.355000	4.991904e-02
6.360000	4.110886e-02
6.365000	4.058529e-02
6.370000	4.790013e-02
6.375000	6.111488e-02
6.380000	7.710093e-02
6.385000	9.182493e-02
6.390000	1.004373e-01
6.395000	9.787299e-02
6.400000	7.996651e-02
6.405000	4.414054e-02
6.410000	-8.894105e-03
6.415000	-7.373348e-02
6.420000	-1.415420e-01
6.425000	-2.036526e-01
6.430000	-2.549924e-01
6.435000	-2.950439e-01
6.440000	-3.255641e-01
6.445000	-3.481441e-01
6.450000	-3.620846e-01
6.455000	-3.638354e-01
6.460000	-3.485162e-01
6.465000	-3.129865e-01
6.470000	-2.579275e-01
6.475000	-1.882182e-01
6.480000	-1.113587e-01
6.485000	-3.499096e-02
6.490000	3.441559e-02
6.495000	9.117436e-02
6.500000	1.303024e-01
6.505000	1.483029e-01
6.510000	1.436234e-01
6.515000	1.178941e-01
6.520000	7.551456e-02
6.525000	2.116956e-02
6.530000	-4.294701e-02
6.535000	-1.174453e-01
6.540000	-2.007853e-01
6.545000	-2.810660e-01
6.550000	-3.359470e-01
6.555000	-3.465194e-01
6.560000	-3.109109e-01
6.565000	-2.424297e-01
6.570000	-1.573611e-01
6.575000	-6.554566e-02
6.580000	3.020919e-02
6.585000	1.282790e-01
6.590000	2.220183e-01
6.595000	3.003801e-01
6.600000	3.536601e-01
6.605000	3.770907e-01
6.610000	3.710212e-01
6.615000	3.401823e-01
6.620000	2.920528e-01
6.625000	2.349030e-01
6.630000	1.772931e-01
6.635000	1.277134e-01
6.640000	9.399196e-02
6.645000	8.169725e-02
6.650000	9.157774e-02
6.655000	1.196416e-01
6.660000	1.595713e-01
6.665000	2.039813e-01
6.670000	2.445114e-01
6.675000	2.730826e-01
6.680000	2.835132e-01
6.685000	2.727032e-01
6.690000	2.424039e-01
6.695000	1.988643e-01
6.700000	1.499247e-01
6.705000	1.028645e-01
6.710000	6.322658e-02
6.715000	3.433822e-02
6.720000	1.788900e-02
6.725000	1.433047e-02
6.730000	2.313122e-02
6.735000	4.251296e-02
6.740000	6.989075e-02
6.745000	1.020126e-01
6.750000	1.354225e-01
6.755000	1.666032e-01
6.760000	1.920734e-01
6.765000	2.083333e-01
6.770000	2.116539e-01
6.775000	1.984244e-01
6.780000	1.661252e-01
6.785000	1.154651e-01
6.790000	5.219377e-02
6.795000	-1.324970e-02
6.800000	-6.815683e-02
6.805000	-1.009454e-01
6.810000	-1.052058e-01
6.815000	-8.287244e-02
6.820000	-4.372384e-02
6.825000	-8.856742e-04
6.830000	3.556905e-02
6.835000	6.317938e-02
6.840000	8.597354e-02
6.845000	1.081135e-01
6.850000	1.283539e-01
6.855000	1.408145e-01
6.860000	1.397252e-01
6.865000	1.219556e-01
6.870000	8.615942e-02
6.875000	3.251261e-02
6.880000	-3.653091e-02
6.885000	-1.147632e-01
6.890000	-1.922430e-01
6.895000	-2.560041e-01
6.900000	-2.917848e-01
6.905000	-2.883155e-01
6.910000	-2.434067e-01
6.915000	-1.670075e-01
6.920000	-7.953094e-02
6.925000	-6.233717e-03
6.930000	3.176103e-02
6.935000	3.500775e-02
6.940000	3.092953e-02
6.945000	4.676363e-02
6.950000	8.287423e-02
6.955000	1.201142e-01
6.960000	1.452443e-01
6.965000	1.606843e-01
6.970000	1.749044e-01
6.975000	1.912651e-01
6.980000	2.066554e-01
6.985000	2.172558e-01
6.990000	2.223262e-01
6.995000	2.227172e-01
7.000000	2.188877e-01
7.005000	2.114276e-01
7.010000	2.018282e-01
7.015000	1.907686e-01
7.020000	1.767392e-01
7.025000	1.567894e-01
7.030000	1.286801e-01
7.035000	9.280762e-02
7.040000	5.224392e-02
7.045000	1.209104e-02
7.050000	-2.163865e-02
7.055000	-4.374422e-02
7.060000	-5.184017e-02
7.065000	-4.693751e-02
7.070000	-3.202849e-02
7.075000	-1.090366e-02
7.080000	1.302248e-02
7.085000	3.727748e-02
7.090000	5.993580e-02
7.095000	7.840310e-02
7.100000	8.839370e-02
7.105000	8.425696e-02
7.110000	6.193083e-02
7.115000	2.273903e-02
7.120000	-2.688636e-02
7.125000	-7.984851e-02
7.130000	-1.320270e-01
7.135000	-1.821776e-01
7.140000	-2.288876e-01
7.145000	-2.677579e-01
7.150000	-2.912784e-01
7.155000	-2.912397e-01
7.160000	-2.626607e-01
7.165000	-2.062406e-01
7.170000	-1.272616e-01
7.175000	-3.382941e-02
7.180000	6.383113e-02
7.185000	1.555291e-01
7.190000	2.328494e-01
7.195000	2.893820e-01
7.200000	3.210331e-01
7.205000	3.260728e-01
7.210000	3.063540e-01
7.215000	2.669847e-01
7.220000	2.142358e-01
7.225000	1.547957e-01
7.230000	9.530153e-02
7.235000	4.200735e-02
7.240000	-6.693160e-04
7.245000	-3.156466e-02
7.250000	-5.192441e-02
7.255000	-6.404886e-02
7.260000	-6.852274e-02
7.265000	-6.259205e-02
7.270000	-4.345897e-02
7.275000	-1.569010e-02
7.280000	9.813344e-03
7.285000	2.563960e-02
7.290000	3.185320e-02
7.295000	3.134844e-02
7.300000	2.527012e-02
7.305000	1.382524e-02
7.310000	-1.656462e-03
7.315000	-1.919219e-02
7.320000	-3.694668e-02
7.325000	-5.358576e-02
7.330000	-6.833235e-02
7.335000	-8.050863e-02
7.340000	-8.923037e-02
7.345000	-9.344359e-02
7.350000	-9.215239e-02
7.355000	-8.495602e-02
7.360000	-7.256770e-02
7.365000	-5.722719e-02
7.370000	-4.195585e-02
7.375000	-2.957459e-02
7.380000	-2.203708e-02
7.385000	-2.018277e-02
7.390000	-2.379513e-02
7.395000	-3.284091e-02
7.400000	-4.835925e-02
7.405000	-7.205594e-02
7.410000	-1.040763e-01
7.415000	-1.409064e-01
7.420000	-1.771059e-01
7.425000	-2.079661e-01
7.430000	-2.315760e-01
7.435000	-2.466571e-01
7.440000	-2.485773e-01
7.445000	-2.367266e-01
7.450000	-2.194567e-01
7.455000	-2.068365e-01
7.460000	-2.040764e-01
7.465000	-2.068161e-01
7.470000	-2.049662e-01
7.475000	-1.944665e-01
7.480000	-1.791367e-01
7.485000	-1.618161e-01
7.490000	-1.417362e-01
7.495000	-1.202160e-01
7.500000	-9.997406e-02
7.505000	-8.137052e-02
7.510000	-6.367251e-02
7.515000	-4.738517e-02
7.520000	-3.315703e-02
7.525000	-2.026526e-02
7.530000	-8.323772e-03
7.535000	5.029510e-03
7.540000	2.034560e-02
7.545000	3.459424e-02
7.550000	4.485754e-02
7.555000	5.038731e-02
7.560000	5.197670e-02
7.565000	5.117321e-02
7.570000	4.854072e-02
7.575000	3.982333e-02
7.580000	2.081495e-02
7.585000	-4.998517e-03
7.590000	-3.023929e-02
7.595000	-5.023530e-02
7.600000	-6.540014e-02
7.605000	-7.860080e-02
7.610000	-9.218963e-02
7.615000	-1.070775e-01
7.620000	-1.203076e-01
7.625000	-1.261274e-01
7.630000	-1.219777e-01
7.635000	-1.112678e-01
7.640000	-1.004780e-01
7.645000	-9.073449e-02
7.650000	-7.486795e-02
7.655000	-4.219378e-02
7.660000	1.479875e-02
7.665000	9.129869e-02
7.670000	1.555736e-01
7.675000	1.619567e-01
7.680000	9.818779e-02
7.685000	1.354148e-03
7.690000	-7.250255e-02
7.695000	-9.454697e-02
7.700000	-7.570378e-02
7.705000	-4.302160e-02
7.710000	-2.103513e-02
7.715000	-2.623975e-02
7.720000	-6.014422e-02
7.725000	-9.960895e-02
7.730000	-1.178609e-01
7.735000	-1.111309e-01
7.740000	-9.153594e-02
7.745000	-6.981955e-02
7.750000	-5.033446e-02
7.755000	-3.396812e-02
7.760000	-2.145294e-02
7.765000	-1.321633e-02
7.770000	-8.024418e-03
7.775000	-2.088720e-03
7.780000	8.647034e-03
7.785000	2.342085e-02
7.790000	3.485299e-02
7.795000	3.384266e-02
7.800000	2.327978e-02
7.805000	2.140607e-02
7.810000	4.118286e-02
7.815000	7.778744e-02
7.820000	1.172735e-01
7.825000	1.487343e-01
7.830000	1.694247e-01
7.835000	1.804464e-01
7.840000	1.815070e-01
7.845000	1.708568e-01
7.850000	1.492874e-01
7.855000	1.224578e-01
7.860000	9.845927e-02
7.865000	8.276938e-02
7.870000	7.604171e-02
7.875000	7.514612e-02
7.880000	7.504954e-02
7.885000	7.211873e-02
7.890000	6.576614e-02
7.895000	5.643750e-02
7.900000	4.967381e-02
7.905000	5.659892e-02
7.910000	7.795818e-02
7.915000	9.996199e-02
7.920000	1.123325e-01
7.925000	1.166827e-01
7.930000	1.186533e-01
7.935000	1.200638e-01
7.940000	1.170145e-01
7.945000	1.040549e-01
7.950000	8.108467e-02
7.955000	5.360503e-02
7.960000	2.859057e-02
7.965000	1.074152e-02
7.970000	1.565114e-03
7.975000	8.512860e-04
7.980000	7.353044e-03
7.985000	1.783256e-02
7.990000	2.781508e-02
7.995000	3.288662e-02
8.000000	3.000931e-02
8.005000	1.858447e-02
8.010000	-2.231930e-04
8.015000	-2.406966e-02
8.020000	-4.920710e-02
8.025000	-7.043001e-02
8.030000	-8.296669e-02
8.035000	-8.486582e-02
8.040000	-7.757858e-02
8.045000	-6.444020e-02
8.050000	-4.931495e-02
8.055000	-3.594562e-02
8.060000	-2.741921e-02
8.065000	-2.478480e-02
8.070000	-2.598742e-02
8.075000	-2.700020e-02
8.080000	-2.358298e-02
8.085000	-1.282659e-02
8.090000	5.742678e-03
8.095000	2.958103e-02
8.100000	5.443341e-02
8.105000	7.598392e-02
8.110000	9.135751e-02
8.115000	1.000773e-01
8.120000	1.030479e-01
8.125000	1.014384e-01
8.130000	9.630808e-02
8.135000	8.871664e-02
8.140000	7.924237e-02
8.145000	6.782173e-02
8.150000	5.394856e-02
8.155000	3.689203e-02
8.160000	1.625879e-02
8.165000	-7.434612e-03
8.170000	-3.310532e-02
8.175000	-5.951725e-02
8.180000	-8.543958e-02
8.185000	-1.096954e-01
8.190000	-1.312749e-01
8.195000	-1.494952e-01
8.200000	-1.636748e-01
8.205000	-1.732445e-01
8.210000	-1.780742e-01
8.215000	-1.783043e-01
8.220000	-1.745441e-01
8.225000	-1.682239e-01
8.230000	-1.606838e-01
8.235000	-1.524039e-01
8.240000	-1.438338e-01
8.245000	-1.360429e-01
8.250000	-1.293728e-01
8.255000	-1.218924e-01
8.260000	-1.101525e-01
8.265000	-9.259294e-02
8.270000	-7.186200e-02
8.275000	-5.115953e-02
8.280000	-2.888364e-02
8.285000	4.479387e-03
8.290000	5.771973e-02
8.295000	1.238898e-01
8.300000	1.831005e-01
8.305000	2.188120e-01
8.310000	2.215435e-01
8.315000	1.871059e-01
8.320000	1.202569e-01
8.325000	3.488625e-02
8.330000	-4.931899e-02
8.335000	-1.089434e-01
8.340000	-1.271234e-01
8.345000	-1.094934e-01
8.350000	-8.057018e-02
8.355000	-6.427388e-02
8.360000	-7.203342e-02
8.365000	-9.488202e-02
8.370000	-1.033821e-01
8.375000	-7.492611e-02
8.380000	-2.024314e-02
8.385000	3.074257e-02
8.390000	5.635506e-02
8.395000	5.590800e-02
8.400000	5.029223e-02
8.405000	6.595642e-02
8.410000	1.062804e-01
8.415000	1.526813e-01
8.420000	1.928717e-01
8.425000	2.245525e-01
8.430000	2.427633e-01
8.435000	2.448847e-01
8.440000	2.423156e-01
8.445000	2.483658e-01
8.450000	2.512469e-01
8.455000	2.282979e-01
8.460000	1.857292e-01
8.465000	1.455094e-01
8.470000	1.106304e-01
8.475000	7.596979e-02
8.480000	4.609651e-02
8.485000	2.476325e-02
8.490000	4.593193e-03
8.495000	-2.498383e-02
8.500000	-6.507912e-02
8.505000	-9.891931e-02
8.510000	-1.014472e-01
8.515000	-6.867841e-02
8.520000	-3.013472e-02
8.525000	-1.884702e-02
8.530000	-4.010401e-02
8.535000	-7.569282e-02
8.540000	-1.002154e-01
8.545000	-9.304449e-02
8.550000	-6.527085e-02
8.555000	-6.619240e-02
8.560000	-1.214825e-01
8.565000	-1.985922e-01
8.570000	-2.449325e-01
8.575000	-2.223836e-01
8.580000	-1.229844e-01
8.585000	1.191435e-02
8.590000	1.004177e-01
8.595000	9.195876e-02
8.600000	2.176584e-02
8.605000	-3.095719e-02
8.610000	-2.519122e-02
8.615000	1.439015e-02
8.620000	3.289322e-02
8.625000	4.036354e-04
8.630000	-5.310536e-02
8.635000	-7.087104e-02
8.640000	-3.063112e-02
8.645000	3.457669e-02
8.650000	7.356142e-02
8.655000	7.245145e-02
8.660000	5.604022e-02
8.665000	4.356973e-02
8.670000	2.975649e-02
8.675000	8.006072e-03
8.680000	-1.507843e-02
8.685000	-3.071016e-02
8.690000	-3.770466e-02
8.695000	-4.137942e-02
8.700000	-4.587296e-02
8.705000	-4.679869e-02
8.710000	-3.713842e-02
8.715000	-1.682313e-02
8.720000	5.044651e-03
8.725000	1.884108e-02
8.730000	2.264279e-02
8.735000	1.942136e-02
8.740000	1.261299e-02
8.745000	6.613413e-03
8.750000	6.925228e-03
8.755000	1.519132e-02
8.760000	2.718990e-02
8.765000	3.763338e-02
8.770000	4.435612e-02
8.775000	4.461879e-02
8.780000	3.416866e-02
8.785000	1.941703e-02
8.790000	1.544858e-02
8.795000	2.656505e-02
8.800000	4.275492e-02
8.805000	4.930342e-02
8.810000	3.886367e-02
8.815000	9.119000e-03
8.820000	-4.238449e-02
8.825000	-1.018354e-01
8.830000	-1.427148e-01
8.835000	-1.599753e-01
8.840000	-1.716448e-01
8.845000	-1.874244e-01
8.850000	-2.062040e-01
8.855000	-2.238743e-01
8.860000	-2.265947e-01
8.865000	-1.940650e-01
8.870000	-1.184254e-01
8.875000	-2.176268e-02
8.880000	5.224771e-02
8.885000	7.272520e-02
8.890000	4.653291e-02
8.895000	3.421677e-03
8.900000	-3.206111e-02
8.905000	-5.737662e-02
8.910000	-9.049428e-02
8.915000	-1.467162e-01
8.920000	-2.218153e-01
8.925000	-2.970052e-01
8.930000	-3.541253e-01
8.935000	-3.807267e-01
8.940000	-3.668075e-01
8.945000	-3.160580e-01
8.950000	-2.540681e-01
8.955000	-2.092788e-01
8.960000	-1.945282e-01
8.965000	-2.098058e-01
8.970000	-2.410255e-01
8.975000	-2.589649e-01
8.980000	-2.386453e-01
8.985000	-1.809445e-01
8.990000	-1.032647e-01
8.995000	-2.931455e-02
9.000000	1.846197e-02
9.005000	3.469731e-02
9.010000	3.072182e-02
9.015000	2.038982e-02
9.020000	1.373516e-02
9.025000	2.074188e-02
9.030000	4.283618e-02
9.035000	6.524736e-02
9.040000	7.054711e-02
9.045000	5.716378e-02
9.050000	3.809642e-02
9.055000	2.370105e-02
9.060000	1.433659e-02
9.065000	6.336452e-03
9.070000	-3.943453e-03
9.075000	-1.740278e-02
9.080000	-2.976135e-02
9.085000	-3.463491e-02
9.090000	-2.752162e-02
9.095000	-8.498365e-03
9.100000	1.386533e-02
9.105000	2.841414e-02
9.110000	3.164294e-02
9.115000	2.605181e-02
9.120000	1.229757e-02
9.125000	-5.086394e-03
9.130000	-1.656431e-02
9.135000	-2.052983e-02
9.140000	-2.782000e-02
9.145000	-5.063441e-02
9.150000	-9.017457e-02
9.155000	-1.358236e-01
9.160000	-1.732434e-01
9.165000	-1.911531e-01
9.170000	-1.843232e-01
9.175000	-1.555633e-01
9.180000	-1.140532e-01
9.185000	-7.074153e-02
9.190000	-3.474013e-02
9.195000	-1.228921e-02
9.200000	-6.101328e-03
9.205000	-1.355465e-02
9.210000	-2.488413e-02
9.215000	-2.803969e-02
9.220000	-1.786439e-02
9.225000	2.787907e-03
9.230000	2.815164e-02
9.235000	5.174658e-02
9.240000	6.715945e-02
9.245000	6.920529e-02
9.250000	5.572940e-02
9.255000	2.866118e-02
9.260000	-7.130674e-03
9.265000	-4.646448e-02
9.270000	-8.640888e-02
9.275000	-1.169215e-01
9.280000	-1.205715e-01
9.285000	-9.321470e-02
9.290000	-5.031737e-02
9.295000	-1.588450e-02
9.300000	-8.472332e-03
9.305000	-3.001358e-02
9.310000	-6.858169e-02
9.315000	-1.126064e-01
9.320000	-1.556060e-01
9.325000	-1.884856e-01
9.330000	-1.999856e-01
9.335000	-1.900556e-01
9.340000	-1.686155e-01
9.345000	-1.466749e-01
9.350000	-1.320047e-01
9.355000	-1.180946e-01
9.360000	-9.010446e-02
9.365000	-4.487842e-02
9.370000	6.033947e-03
9.375000	4.393844e-02
9.380000	4.905878e-02
9.385000	6.499069e-03
9.390000	-8.391442e-02
9.395000	-2.001776e-01
9.400000	-2.963183e-01
9.405000	-3.158890e-01
9.410000	-2.309707e-01
9.415000	-7.810667e-02
9.420000	6.013708e-02
9.425000	1.189924e-01
9.430000	9.000231e-02
9.435000	1.659447e-02
9.440000	-3.864351e-02
9.445000	-4.875622e-02
9.450000	-3.177129e-02
9.455000	2.603511e-03
9.460000	5.806045e-02
9.465000	1.127976e-01
9.470000	1.334288e-01
9.475000	1.114704e-01
9.480000	6.401235e-02
9.485000	2.669947e-02
9.490000	4.786638e-02
9.495000	1.478819e-01
9.500000	2.616543e-01
9.505000	2.639276e-01
9.510000	8.613037e-02
9.515000	-2.204175e-01
9.520000	-5.288176e-01
9.525000	-7.499488e-01
9.530000	-8.675310e-01
9.535000	-8.960445e-01
9.540000	-8.464980e-01
9.545000	-7.237990e-01
9.550000	-5.340324e-01
9.555000	-2.901926e-01
9.560000	-2.838107e-02
9.565000	1.716309e-01
9.570000	2.286731e-01
9.575000	1.639067e-01
9.580000	9.685039e-02
9.585000	1.185771e-01
9.590000	2.024967e-01
9.595000	2.628809e-01
9.600000	2.742020e-01
9.605000	2.646918e-01
9.610000	2.426028e-01
9.615000	2.068638e-01
9.620000	1.686744e-01
9.625000	1.373148e-01
9.630000	1.222151e-01
9.635000	1.263259e-01
9.640000	1.365964e-01
9.645000	1.394669e-01
9.650000	1.349575e-01
9.655000	1.284883e-01
9.660000	1.262388e-01
9.665000	1.266495e-01
9.670000	1.173201e-01
9.675000	9.930107e-02
9.680000	8.776735e-02
9.685000	9.083552e-02
9.690000	1.039518e-01
9.695000	1.192326e-01
9.700000	1.314831e-01
9.705000	1.397937e-01
9.710000	1.474542e-01
9.715000	1.552553e-01
9.720000	1.596760e-01
9.725000	1.604164e-01
9.730000	1.606971e-01
9.735000	1.613079e-01
9.740000	1.624487e-01
9.745000	1.640894e-01
9.750000	1.635503e-01
9.755000	1.576816e-01
9.760000	1.458125e-01
9.765000	1.298525e-01
9.770000	1.132133e-01
9.775000	9.772978e-02
9.780000	8.148363e-02
9.785000	6.080807e-02
9.790000	3.286601e-02
9.795000	-3.997411e-03
9.800000	-4.714099e-02
9.805000	-8.470892e-02
9.810000	-1.017828e-01
9.815000	-9.772589e-02
9.820000	-8.536670e-02
9.825000	-7.340431e-02
9.830000	-6.090307e-02
9.835000	-4.643976e-02
9.840000	-3.301139e-02
9.845000	-2.288865e-02
9.850000	-1.317038e-02
9.855000	-1.884716e-03
9.860000	7.064617e-03
9.865000	1.102045e-02
9.870000	1.266581e-02
9.875000	1.636946e-02
9.880000	2.324778e-02
9.885000	2.951447e-02
9.890000	3.183379e-02
9.895000	3.252951e-02
9.900000	3.621275e-02
9.905000	4.402539e-02
9.910000	5.424359e-02
9.915000	6.485171e-02
9.920000	7.570693e-02
9.925000	8.960121e-02
9.930000	1.099772e-01
9.935000	1.383280e-01
9.940000	1.751081e-01
9.945000	2.199888e-01
9.950000	2.695892e-01
9.955000	3.169410e-01
9.960000	3.525822e-01
9.965000	3.684429e-01
9.970000	3.623443e-01
9.975000	3.392657e-01
9.980000	3.093770e-01
9.985000	2.829576e-01
9.990000	2.641988e-01
9.995000	2.497300e-01
10.000000	2.327314e-01
10.005000	2.079612e-01
10.010000	1.741128e-01
10.015000	1.327832e-01
10.020000	8.708259e-02
10.025000	4.074155e-02
10.030000	-2.510404e-03
10.035000	-4.010254e-02
10.040000	-7.147071e-02
10.045000	-9.696073e-02
10.050000	-1.173028e-01
10.055000	-1.350731e-01
10.060000	-1.542622e-01
10.065000	-1.770923e-01
10.070000	-2.035614e-01
10.075000	-2.333926e-01
10.080000	-2.648621e-01
10.085000	-2.949011e-01
10.090000	-3.205209e-01
10.095000	-3.386813e-01
10.100000	-3.441314e-01
10.105000	-3.340512e-01
10.110000	-3.110814e-01
10.115000	-2.809318e-01
10.120000	-2.524216e-01
10.125000	-2.357204e-01
10.130000	-2.419501e-01
10.135000	-2.690498e-01
10.140000	-2.839207e-01
10.145000	-2.501108e-01
10.150000	-1.751817e-01
10.155000	-9.806804e-02
10.160000	-4.140978e-02
10.165000	-6.965155e-03
10.170000	1.905989e-02
10.175000	5.900505e-02
10.180000	1.114724e-01
10.185000	1.445142e-01
10.190000	1.426150e-01
10.195000	1.296767e-01
10.200000	1.305170e-01
10.205000	1.405079e-01
10.210000	1.459685e-01
10.215000	1.452399e-01
10.220000	1.351108e-01
10.225000	1.126519e-01
10.230000	8.665536e-02
10.235000	7.225172e-02
10.240000	7.437083e-02
10.245000	8.347263e-02
10.250000	9.599977e-02
10.255000	1.159243e-01
10.260000	1.443146e-01
10.265000	1.766851e-01
10.270000	2.074654e-01
10.275000	2.324967e-01
10.280000	2.488870e-01
10.285000	2.576774e-01
10.290000	2.651378e-01
10.295000	2.757687e-01
10.300000	2.874294e-01
10.305000	2.952699e-01
10.310000	2.970206e-01
10.315000	2.934722e-01
10.320000	2.862231e-01
10.325000	2.749126e-01
10.330000	2.579135e-01
10.335000	2.373641e-01
10.340000	2.146151e-01
10.345000	1.889752e-01
10.350000	1.607162e-01
10.355000	1.313368e-01
10.360000	1.036276e-01
10.365000	7.980858e-02
10.370000	6.073548e-02
10.375000	4.575167e-02
10.380000	3.269745e-02
10.385000	1.977062e-02
10.390000	7.619148e-03
10.395000	-2.750594e-05
10.400000	8.127692e-04
10.405000	1.064134e-02
10.410000	2.571893e-02
10.415000	4.126933e-02
10.420000	5.459402e-02
10.425000	6.526436e-02
10.430000	7.449506e-02
10.435000	8.387769e-02
10.440000	9.303448e-02
10.445000	9.964569e-02
10.450000	1.007267e-01
10.455000	9.441421e-02
10.460000	8.140328e-02
10.465000	6.324359e-02
10.470000	4.062372e-02
10.475000	1.189397e-02
10.480000	-2.699692e-02
10.485000	-7.487976e-02
10.490000	-1.229378e-01
10.495000	-1.637380e-01
10.500000	-1.955873e-01
10.505000	-2.177072e-01
10.510000	-2.262567e-01
10.515000	-2.186272e-01
10.520000	-1.988969e-01
10.525000	-1.759962e-01
10.530000	-1.568158e-01
10.535000	-1.423155e-01
10.540000	-1.324050e-01
10.545000	-1.283445e-01
10.550000	-1.323539e-01
10.555000	-1.416943e-01
10.560000	-1.425340e-01
10.565000	-1.249527e-01
10.570000	-9.159449e-02
10.575000	-5.060673e-02
10.580000	-1.912612e-02
10.585000	-1.728621e-02
10.590000	-4.587338e-02
10.595000	-8.583798e-02
10.600000	-1.231884e-01
10.605000	-1.529478e-01
10.610000	-1.721374e-01
10.615000	-1.841072e-01
10.620000	-1.941269e-01
10.625000	-2.042363e-01
10.630000	-2.163762e-01
10.635000	-2.313565e-01
10.640000	-2.460667e-01
10.645000	-2.549854e-01
10.650000	-2.533659e-01
10.655000	-2.253757e-01
10.660000	-1.463169e-01
10.665000	-1.312810e-02
10.670000	1.502231e-01
10.675000	3.085855e-01
10.680000	4.314662e-01
10.685000	5.021576e-01
10.690000	5.159191e-01
10.695000	4.740315e-01
10.700000	3.825733e-01
10.705000	2.595039e-01
10.710000	1.396147e-01
10.715000	5.926362e-02
10.720000	3.984834e-02
10.725000	7.890805e-02
10.730000	1.498640e-01
10.735000	2.171849e-01
10.740000	2.550958e-01
10.745000	2.552266e-01
10.750000	2.245875e-01
10.755000	1.804785e-01
10.760000	1.422292e-01
10.765000	1.211691e-01
10.770000	1.171495e-01
10.775000	1.229400e-01
10.780000	1.305507e-01
10.785000	1.346710e-01
10.790000	1.341018e-01
10.795000	1.309327e-01
10.800000	1.274335e-01
10.805000	1.235734e-01
10.810000	1.183243e-01
10.815000	1.116048e-01
10.820000	1.043856e-01
10.825000	9.804291e-02
10.830000	9.196594e-02
10.835000	8.117554e-02
10.840000	5.660672e-02
10.845000	1.262395e-02
10.850000	-4.490399e-02
10.855000	-9.968232e-02
10.860000	-1.346799e-01
10.865000	-1.422303e-01
10.870000	-1.270202e-01
10.875000	-1.028506e-01
10.880000	-8.594093e-02
10.885000	-8.850385e-02
10.890000	-1.143181e-01
10.895000	-1.547378e-01
10.900000	-1.889474e-01
10.905000	-1.959272e-01
10.910000	-1.699671e-01
10.915000	-1.236970e-01
10.920000	-7.643672e-02
10.925000	-4.181978e-02
10.930000	-2.418839e-02
10.935000	-2.124963e-02
10.940000	-2.725523e-02
10.945000	-3.444563e-02
10.950000	-3.447444e-02
10.955000	-2.258998e-02
10.960000	-1.325845e-03
10.965000	2.116397e-02
10.970000	3.661528e-02
10.975000	4.190906e-02
10.980000	4.065940e-02
10.985000	4.089597e-02
10.990000	5.009114e-02
10.995000	7.036385e-02
11.000000	9.772914e-02
11.005000	1.253417e-01
11.010000	1.473821e-01
11.015000	1.620732e-01
11.020000	1.714137e-01
11.025000	1.781544e-01
11.030000	1.830851e-01
11.035000	1.848866e-01
11.040000	1.811973e-01
11.045000	1.706271e-01
11.050000	1.542879e-01
11.055000	1.349383e-01
11.060000	1.155291e-01
11.065000	9.816035e-02
11.070000	8.348610e-02
11.075000	7.116251e-02
11.080000	6.042125e-02
11.085000	5.042736e-02
11.090000	4.046916e-02
11.095000	3.009943e-02
11.100000	1.922718e-02
11.105000	8.139970e-03
11.110000	-2.516292e-03
11.115000	-1.183876e-02
11.120000	-1.892913e-02
11.125000	-2.336486e-02
11.130000	-2.558122e-02
11.135000	-2.649699e-02
11.140000	-2.705934e-02
11.145000	-2.797905e-02
11.150000	-2.958340e-02
11.155000	-3.179321e-02
11.160000	-3.432357e-02
11.165000	-3.691624e-02
11.170000	-3.949959e-02
11.175000	-4.229035e-02
11.180000	-4.579168e-02
11.185000	-5.067640e-02
11.190000	-5.754875e-02
11.195000	-6.651986e-02
11.200000	-7.686730e-02
11.205000	-8.743161e-02
11.210000	-9.713807e-02
11.215000	-1.054568e-01
11.220000	-1.126863e-01
11.225000	-1.196359e-01
11.230000	-1.271254e-01
11.235000	-1.355654e-01
11.240000	-1.444250e-01
11.245000	-1.519844e-01
11.250000	-1.553243e-01
11.255000	-1.508641e-01
11.260000	-1.355842e-01
11.265000	-1.083137e-01
11.270000	-7.151873e-02
11.275000	-3.199215e-02
11.280000	1.623800e-03
11.285000	2.455106e-02
11.290000	3.820545e-02
11.295000	4.591129e-02
11.300000	4.895670e-02
11.305000	4.818532e-02
11.310000	4.663968e-02
11.315000	4.896932e-02
11.320000	5.830661e-02
11.325000	7.383804e-02
11.330000	9.219035e-02
11.335000	1.097531e-01
11.340000	1.241337e-01
11.345000	1.341243e-01
11.350000	1.392850e-01
11.355000	1.400163e-01
11.360000	1.376270e-01
11.365000	1.336568e-01
11.370000	1.292376e-01
11.375000	1.248280e-01
11.380000	1.201988e-01
11.385000	1.145990e-01
11.390000	1.069699e-01
11.395000	9.626747e-02
11.400000	8.210528e-02
11.405000	6.528840e-02
11.410000	4.734922e-02
11.415000	2.990444e-02
11.420000	1.415214e-02
11.425000	6.073421e-04
11.430000	-1.053305e-02
11.435000	-1.902702e-02
11.440000	-2.464745e-02
11.445000	-2.800423e-02
11.450000	-3.107361e-02
11.455000	-3.547141e-02
11.460000	-4.082179e-02
11.465000	-4.535354e-02
11.470000	-4.725598e-02
11.475000	-4.632086e-02
11.480000	-4.506321e-02
11.485000	-4.803979e-02
11.490000	-5.955701e-02
11.495000	-7.977987e-02
11.500000	-1.040303e-01
11.505000	-1.257803e-01
11.510000	-1.396401e-01
11.515000	-1.426612e-01
11.520000	-1.348411e-01
11.525000	-1.178196e-01
11.530000	-9.420840e-02
11.535000	-6.850379e-02
11.540000	-4.639242e-02
11.545000	-3.347670e-02
11.550000	-3.315625e-02
11.555000	-4.264877e-02
11.560000	-5.232445e-02
11.565000	-5.206996e-02
11.570000	-3.991767e-02
11.575000	-2.354916e-02
11.580000	-1.355076e-02
11.585000	-1.543016e-02
11.590000	-2.550174e-02
11.595000	-3.343943e-02
11.600000	-2.929224e-02
11.605000	-1.032273e-02
11.610000	1.654056e-02
11.615000	3.778424e-02
11.620000	4.190581e-02
11.625000	2.782140e-02
11.630000	5.123081e-03
11.635000	-1.310679e-02
11.640000	-1.814158e-02
11.645000	-9.043714e-03
11.650000	9.591175e-03
11.655000	3.086450e-02
11.660000	4.805497e-02
11.665000	5.686756e-02
11.670000	5.682611e-02
11.675000	5.032789e-02
11.680000	4.133138e-02
11.685000	3.433957e-02
11.690000	3.282099e-02
11.695000	3.803635e-02
11.700000	4.897584e-02
11.705000	6.023324e-02
11.710000	6.196593e-02
11.715000	4.875549e-02
11.720000	2.590916e-02
11.725000	4.395037e-03
11.730000	-8.182736e-03
11.735000	-1.174795e-02
11.740000	-1.181142e-02
11.745000	-1.416909e-02
11.750000	-2.081448e-02
11.755000	-3.136830e-02
11.760000	-4.536570e-02
11.765000	-6.176736e-02
11.770000	-7.814482e-02
11.775000	-9.154370e-02
11.780000	-9.999731e-02
11.785000	-1.035571e-01
11.790000	-1.035067e-01
11.795000	-1.014067e-01
11.800000	-9.852247e-02
11.805000	-9.565497e-02
11.810000	-9.321068e-02
11.815000	-9.132046e-02
11.820000	-8.981018e-02
11.825000	-8.810485e-02
11.830000	-8.525564e-02
11.835000	-8.025869e-02
11.840000	-7.262045e-02
11.845000	-6.278455e-02
11.850000	-5.175436e-02
11.855000	-4.057082e-02
11.860000	-2.998564e-02
11.865000	-2.021009e-02
11.870000	-1.083089e-02
11.875000	-1.045060e-03
11.880000	9.932722e-03
11.885000	2.253235e-02
11.890000	3.677154e-02
11.895000	5.222217e-02
11.900000	6.784444e-02
11.905000	8.197303e-02
11.910000	9.288242e-02
11.915000	9.975434e-02
11.920000	1.033228e-01
11.925000	1.050431e-01
11.930000	1.060636e-01
11.935000	1.064841e-01
11.940000	1.052947e-01
11.945000	1.013950e-01
11.950000	9.464270e-02
11.955000	8.542329e-02
11.960000	7.394796e-02
11.965000	6.003815e-02
11.970000	4.329487e-02
11.975000	2.363716e-02
11.980000	2.201557e-03
11.985000	-1.820516e-02
11.990000	-3.486874e-02
11.995000	-4.695688e-02
12.000000	-5.492853e-02
12.005000	-5.962616e-02
12.010000	-6.186878e-02
12.015000	-6.230359e-02
12.020000	-6.160025e-02
12.025000	-6.089787e-02
12.030000	-6.206249e-02
12.035000	-6.707632e-02
12.040000	-7.681795e-02
12.045000	-9.007352e-02
12.050000	-1.045073e-01
12.055000	-1.175072e-01
12.060000	-1.253374e-01
12.065000	-1.224172e-01
12.070000	-1.023877e-01
12.075000	-6.108078e-02
12.080000	-6.697140e-04
12.085000	6.730987e-02
12.090000	1.245632e-01
12.095000	1.567147e-01
12.100000	1.630755e-01
12.105000	1.528163e-01
12.110000	1.344770e-01
12.115000	1.132579e-01
12.120000	9.347541e-02
12.125000	7.788556e-02
12.130000	6.645596e-02
12.135000	5.759629e-02
12.140000	5.062279e-02
12.145000	4.531600e-02
12.150000	4.074943e-02
12.155000	3.612194e-02
12.160000	3.189932e-02
12.165000	3.013226e-02
12.170000	3.269366e-02
12.175000	3.937189e-02
12.180000	4.797841e-02
12.185000	5.515465e-02
12.190000	5.787528e-02
12.195000	5.477470e-02
12.200000	4.581442e-02
12.205000	3.192554e-02
12.210000	1.490831e-02
12.215000	-3.353251e-03
12.220000	-2.153385e-02
12.225000	-3.914580e-02
12.230000	-5.655611e-02
12.235000	-7.483233e-02
12.240000	-9.545171e-02
12.245000	-1.195624e-01
12.250000	-1.457818e-01
12.255000	-1.692020e-01
12.260000	-1.855216e-01
12.265000	-1.957614e-01
12.270000	-2.054510e-01
12.275000	-2.185214e-01
12.280000	-2.343712e-01
12.285000	-2.504107e-01
12.290000	-2.643007e-01
12.295000	-2.745510e-01
12.300000	-2.776113e-01
12.305000	-2.668112e-01
12.310000	-2.401217e-01
12.315000	-2.062324e-01
12.320000	-1.727926e-01
12.325000	-1.369912e-01
12.330000	-9.645358e-02
12.335000	-5.483879e-02
12.340000	-1.719592e-02
12.345000	1.212999e-02
12.350000	3.052205e-02
12.355000	3.925097e-02
12.360000	4.466396e-02
12.365000	5.351553e-02
12.370000	6.818642e-02
12.375000	8.840914e-02
12.380000	1.146621e-01
12.385000	1.455428e-01
12.390000	1.746330e-01
12.395000	1.938246e-01
12.400000	2.003750e-01
12.405000	1.988951e-01
12.410000	1.962855e-01
12.415000	1.965761e-01
12.420000	2.001265e-01
12.425000	2.056669e-01
12.430000	2.122672e-01
12.435000	2.196382e-01
12.440000	2.276788e-01
12.445000	2.357988e-01
12.450000	2.422796e-01
12.455000	2.439605e-01
12.460000	2.378315e-01
12.465000	2.225220e-01
12.470000	1.978632e-01
12.475000	1.641743e-01
12.480000	1.216054e-01
12.485000	7.058759e-02
12.490000	1.278478e-02
12.495000	-4.927566e-02
12.500000	-1.124437e-01
12.505000	-1.729542e-01
12.510000	-2.271936e-01
12.515000	-2.723248e-01
12.520000	-3.057246e-01
12.525000	-3.278746e-01
12.530000	-3.442345e-01
12.535000	-3.579153e-01
12.540000	-3.631857e-01
12.545000	-3.517359e-01
12.550000	-3.231865e-01
12.555000	-2.826675e-01
12.560000	-2.358380e-01
12.565000	-1.863268e-01
12.570000	-1.332271e-01
12.575000	-7.587751e-02
12.580000	-1.950553e-02
12.585000	2.525257e-02
12.590000	4.649813e-02
12.595000	3.898030e-02
12.600000	8.559096e-03
12.605000	-3.244570e-02
12.610000	-7.001085e-02
12.615000	-8.934103e-02
12.620000	-7.878475e-02
12.625000	-3.721673e-02
12.630000	2.298876e-02
12.635000	8.318194e-02
12.640000	1.309272e-01
12.645000	1.660376e-01
12.650000	1.957279e-01
12.655000	2.255889e-01
12.660000	2.525495e-01
12.665000	2.664303e-01
12.670000	2.591313e-01
12.675000	2.320525e-01
12.680000	1.952634e-01
12.685000	1.589433e-01
12.690000	1.283540e-01
12.695000	1.064040e-01
12.700000	9.393663e-02
12.705000	8.827561e-02
12.710000	8.371633e-02
12.715000	7.510973e-02
12.720000	5.913659e-02
12.725000	3.463652e-02
12.730000	2.935389e-03
12.735000	-3.318366e-02
12.740000	-7.094486e-02
12.745000	-1.094021e-01
12.750000	-1.481315e-01
12.755000	-1.852024e-01
12.760000	-2.172922e-01
12.765000	-2.407724e-01
12.770000	-2.533024e-01
12.775000	-2.561233e-01
12.780000	-2.544334e-01
12.785000	-2.518039e-01
12.790000	-2.461740e-01
12.795000	-2.355662e-01
12.800000	-2.236863e-01
12.805000	-2.148439e-01
12.810000	-2.081640e-01
12.815000	-1.997834e-01
12.820000	-1.863036e-01
12.825000	-1.655128e-01
12.830000	-1.376733e-01
12.835000	-1.044329e-01
12.840000	-6.557635e-02
12.845000	-2.106544e-02
12.850000	2.567215e-02
12.855000	6.792308e-02
12.860000	9.944200e-02
12.865000	1.185388e-01
12.870000	1.287787e-01
12.875000	1.368199e-01
12.880000	1.496698e-01
12.885000	1.713100e-01
12.890000	1.998499e-01
12.895000	2.282208e-01
12.900000	2.484510e-01
12.905000	2.562114e-01
12.910000	2.521519e-01
12.915000	2.396130e-01
12.920000	2.223135e-01
12.925000	2.031833e-01
12.930000	1.839738e-01
12.935000	1.655442e-01
12.940000	1.483447e-01
12.945000	1.329947e-01
12.950000	1.204552e-01
12.955000	1.111957e-01
12.960000	1.043662e-01
12.965000	9.811675e-02
12.970000	9.017927e-02
12.975000	7.847329e-02
12.980000	6.191591e-02
12.985000	4.114985e-02
12.990000	1.826543e-02
12.995000	-3.842609e-03
13.000000	-2.280225e-02
13.005000	-3.790336e-02
13.010000	-4.971296e-02
13.015000	-5.920413e-02
13.020000	-6.716476e-02
13.025000	-7.401081e-02
13.030000	-7.991049e-02
13.035000	-8.517583e-02
13.040000	-9.054653e-02
13.045000	-9.662524e-02
13.050000	-1.033109e-01
13.055000	-1.101810e-01
13.060000	-1.171107e-01
13.065000	-1.244806e-01
13.070000	-1.323504e-01
13.075000	-1.397007e-01
13.080000	-1.448707e-01
13.085000	-1.465504e-01
13.090000	-1.446604e-01
13.095000	-1.399505e-01
13.100000	-1.336605e-01
13.105000	-1.272303e-01
13.110000	-1.214805e-01
13.115000	-1.161309e-01
13.120000	-1.101709e-01
13.125000	-1.027600e-01
13.130000	-9.367414e-02
13.135000	-8.288580e-02
13.140000	-7.000098e-02
13.145000	-5.412755e-02
13.150000	-3.474276e-02
13.155000	-1.254237e-02
13.160000	1.112453e-02
13.165000	3.508100e-02
13.170000	5.859594e-02
13.175000	8.086055e-02
13.180000	1.003317e-01
13.185000	1.145321e-01
13.190000	1.204225e-01
13.195000	1.157135e-01
13.200000	1.006239e-01
13.205000	7.818385e-02
13.210000	5.268122e-02
13.215000	2.829435e-02
13.220000	8.314630e-03
13.225000	-5.044107e-03
13.230000	-1.107944e-02
13.235000	-1.099945e-02
13.240000	-6.841911e-03
13.245000	-5.029456e-04
13.250000	6.556910e-03
13.255000	1.339900e-02
13.260000	1.943617e-02
13.265000	2.420139e-02
13.270000	2.709264e-02
13.275000	2.697498e-02
13.280000	2.214329e-02
13.285000	1.093039e-02
13.290000	-6.946257e-03
13.295000	-2.910723e-02
13.300000	-5.118106e-02
13.305000	-6.802613e-02
13.310000	-7.521917e-02
13.315000	-7.057846e-02
13.320000	-5.470655e-02
13.325000	-3.122040e-02
13.330000	-5.322772e-03
13.335000	1.781793e-02
13.340000	3.489916e-02
13.345000	4.554453e-02
13.350000	5.046094e-02
13.355000	4.941145e-02
13.360000	4.056894e-02
13.365000	2.195409e-02
13.370000	-6.125380e-03
13.375000	-4.023234e-02
13.380000	-7.520810e-02
13.385000	-1.057502e-01
13.390000	-1.279803e-01
13.395000	-1.404509e-01
13.400000	-1.427812e-01
13.405000	-1.345412e-01
13.410000	-1.158216e-01
13.415000	-8.837570e-02
13.420000	-5.526202e-02
13.425000	-2.062265e-02
13.430000	1.026935e-02
13.435000	3.212615e-02
13.440000	4.161343e-02
13.445000	3.944456e-02
13.450000	3.013782e-02
13.455000	1.949903e-02
13.460000	1.225819e-02
13.465000	1.019232e-02
13.470000	1.134943e-02
13.475000	1.201464e-02
13.480000	9.455477e-03
13.485000	3.757134e-03
13.490000	-2.834671e-03
13.495000	-7.482574e-03
13.500000	-8.112039e-03
13.505000	-3.901530e-03
13.510000	4.366676e-03
13.515000	1.385550e-02
13.520000	1.926273e-02
13.525000	1.379993e-02
13.530000	-5.762475e-03
13.535000	-3.366979e-02
13.540000	-5.548585e-02
13.545000	-5.660104e-02
13.550000	-3.350935e-02
13.555000	2.890965e-03
13.560000	3.489795e-02
13.565000	4.911731e-02
13.570000	4.297774e-02
13.575000	2.384104e-02
13.580000	2.212173e-03
13.585000	-1.471576e-02
13.590000	-2.503568e-02
13.595000	-3.051787e-02
13.600000	-3.430780e-02
13.605000	-3.879863e-02
13.610000	-4.430456e-02
13.615000	-4.966157e-02
13.620000	-5.360353e-02
13.625000	-5.584347e-02
13.630000	-5.679545e-02
13.635000	-5.696554e-02
13.640000	-5.652355e-02
13.645000	-5.511737e-02
13.650000	-5.221543e-02
13.655000	-4.773538e-02
13.660000	-4.248440e-02
13.665000	-3.771125e-02
13.670000	-3.437726e-02
13.675000	-3.265024e-02
13.680000	-3.209523e-02
13.685000	-3.201300e-02
13.690000	-3.167003e-02
13.695000	-3.047486e-02
13.700000	-2.814093e-02
13.705000	-2.479380e-02
13.710000	-2.077389e-02
13.715000	-1.643483e-02
13.720000	-1.203496e-02
13.725000	-7.708234e-03
13.730000	-3.482910e-03
13.735000	6.770016e-04
13.740000	4.824298e-03
13.745000	8.987351e-03
13.750000	1.313140e-02
13.755000	1.714572e-02
13.760000	2.085675e-02
13.765000	2.407381e-02
13.770000	2.669379e-02
13.775000	2.878695e-02
13.780000	3.049694e-02
13.785000	3.194505e-02
13.790000	3.317605e-02
13.795000	3.417525e-02
13.800000	3.492527e-02
13.805000	3.546231e-02
13.810000	3.585036e-02
13.815000	3.612848e-02
13.820000	3.630454e-02
13.825000	3.636663e-02
13.830000	3.630367e-02
13.835000	3.613687e-02
13.840000	3.591790e-02
13.845000	3.571191e-02
13.850000	3.558394e-02
13.855000	3.557104e-02
13.860000	3.564109e-02
13.865000	3.565715e-02
13.870000	3.535620e-02
13.875000	3.436836e-02
13.880000	3.229945e-02
13.885000	2.892844e-02
13.890000	2.437956e-02
13.895000	1.891658e-02
13.900000	1.273965e-02
13.905000	5.951856e-03
13.910000	-1.343312e-03
13.915000	-8.858798e-03
13.920000	-1.597041e-02
13.925000	-2.179444e-02
13.930000	-2.544155e-02
13.935000	-2.645661e-02
13.940000	-2.520075e-02
13.945000	-2.242675e-02
13.950000	-1.880987e-02
13.955000	-1.472788e-02
13.960000	-1.024400e-02
13.965000	-5.231433e-03
13.970000	3.765024e-04
13.975000	6.381847e-03
13.980000	1.242396e-02
13.985000	1.818610e-02
13.990000	2.352603e-02
13.995000	2.840121e-02
14.000000	3.278214e-02
14.005000	3.662015e-02
14.010000	3.989907e-02
14.015000	4.269922e-02
14.020000	4.511021e-02
14.025000	4.717229e-02
14.030000	4.886726e-02
14.035000	5.017950e-02
14.040000	5.116451e-02
14.045000	5.187953e-02
14.050000	5.230755e-02
14.055000	5.234274e-02
14.060000	5.183280e-02
14.065000	5.069492e-02
14.070000	4.901593e-02
14.075000	4.697930e-02
14.080000	4.476331e-02
14.085000	4.249694e-02
14.090000	4.025496e-02
14.095000	3.807190e-02
14.100000	3.596392e-02
14.105000	3.394785e-02
14.110000	3.204186e-02
14.115000	3.025186e-02
14.120000	2.855987e-02
14.125000	2.694275e-02
14.130000	2.538477e-02
14.135000	2.388273e-02
14.140000	2.242977e-02
14.145000	2.099668e-02
14.150000	1.951972e-02
14.155000	1.790370e-02
14.160000	1.604071e-02
14.165000	1.385557e-02
14.170000	1.137857e-02
14.175000	8.817577e-03
14.180000	6.548141e-03
14.185000	5.042750e-03
14.190000	4.743586e-03
14.195000	5.826000e-03
14.200000	7.994746e-03
14.205000	1.070107e-02
14.210000	1.340404e-02
14.215000	1.575302e-02
14.220000	1.767398e-02
14.225000	1.926996e-02
14.230000	2.069994e-02
14.235000	2.208600e-02
14.240000	2.344900e-02
14.245000	2.469387e-02
14.250000	2.562886e-02
14.255000	2.603383e-02
14.260000	2.577981e-02
14.265000	2.494074e-02
14.270000	2.369374e-02
14.275000	2.221471e-02
14.280000	2.062173e-02
14.285000	1.896960e-02
14.290000	1.726762e-02
14.295000	1.552455e-02
14.300000	1.374955e-02
14.305000	1.195143e-02
14.310000	1.014243e-02
14.315000	8.330536e-03
14.320000	6.522313e-03
14.325000	4.720182e-03
14.330000	2.919483e-03
14.335000	1.109775e-03
14.340000	-7.228217e-04
14.345000	-2.585530e-03
14.350000	-4.465548e-03
14.355000	-6.304406e-03
14.360000	-7.989362e-03
14.365000	-9.359790e-03
14.370000	-1.025549e-02
14.375000	-1.055865e-02
14.380000	-1.014573e-02
14.385000	-8.882658e-03
14.390000	-6.725665e-03
14.395000	-3.837754e-03
14.400000	-4.933698e-04
14.405000	3.033473e-03
14.410000	6.502594e-03
14.415000	9.705339e-03
14.420000	1.246166e-02
14.425000	1.461758e-02
14.430000	1.598753e-02
14.435000	1.635849e-02
14.440000	1.562946e-02
14.445000	1.395136e-02
14.450000	1.158836e-02
14.455000	8.786193e-03
14.460000	5.730538e-03
14.465000	2.595826e-03
14.470000	-3.963183e-04
14.475000	-2.976979e-03
14.480000	-4.887631e-03
14.485000	-6.002549e-03
14.490000	-6.438231e-03
14.495000	-6.435466e-03
14.500000	-6.230871e-03
14.505000	-5.995438e-03
14.510000	-5.820185e-03
14.515000	-5.726736e-03
14.520000	-5.691865e-03
14.525000	-5.670456e-03
14.530000	-5.618871e-03
14.535000	-5.511302e-03
14.540000	-5.357212e-03
14.545000	-5.210207e-03
14.550000	-5.175304e-03
14.555000	-5.394798e-03
14.560000	-6.014434e-03
14.565000	-7.107019e-03
14.570000	-8.607433e-03
14.575000	-1.037406e-02
14.580000	-1.226610e-02
14.585000	-1.417724e-02
14.590000	-1.605132e-02
14.595000	-1.787651e-02
14.600000	-1.967058e-02
14.605000	-2.146770e-02
14.610000	-2.330476e-02
14.615000	-2.520096e-02
14.620000	-2.713909e-02
14.625000	-2.905132e-02
14.630000	-3.081654e-02
14.635000	-3.227486e-02
14.640000	-3.327097e-02
14.645000	-3.374001e-02
14.650000	-3.377803e-02
14.655000	-3.355208e-02
14.660000	-3.321114e-02
14.665000	-3.282324e-02
14.670000	-3.236729e-02
14.675000	-3.174047e-02
14.680000	-3.080368e-02
14.685000	-2.946482e-02
14.690000	-2.774410e-02
14.695000	-2.572831e-02
14.700000	-2.350450e-02
14.705000	-2.115060e-02
14.710000	-1.875280e-02
14.715000	-1.644099e-02
14.720000	-1.442121e-02
14.725000	-1.297221e-02
14.730000	-1.238937e-02
14.735000	-1.282645e-02
14.740000	-1.415758e-02
14.745000	-1.611367e-02
14.750000	-1.844280e-02
14.755000	-2.094899e-02
14.760000	-2.347917e-02
14.765000	-2.586124e-02
14.770000	-2.785547e-02
14.775000	-2.913964e-02
14.780000	-2.938187e-02
14.785000	-2.842100e-02
14.790000	-2.645326e-02
14.795000	-2.388748e-02
14.800000	-2.118269e-02
14.805000	-1.875272e-02
14.810000	-1.690893e-02
14.815000	-1.579200e-02
14.820000	-1.531920e-02
14.825000	-1.530429e-02
14.830000	-1.557449e-02
14.835000	-1.599665e-02
14.840000	-1.645187e-02
14.845000	-1.677597e-02
14.850000	-1.670522e-02
14.855000	-1.586635e-02
14.860000	-1.386367e-02
14.865000	-1.047280e-02
14.870000	-5.852916e-03
14.875000	-3.763864e-04
14.880000	5.529221e-03
14.885000	1.143841e-02
14.890000	1.692016e-02
14.895000	2.154010e-02
14.900000	2.491087e-02
14.905000	2.687579e-02
14.910000	2.766658e-02
14.915000	2.770454e-02
14.920000	2.738438e-02
14.925000	2.699221e-02
14.930000	2.669204e-02
14.935000	2.656895e-02
14.940000	2.666478e-02
14.945000	2.701463e-02
14.950000	2.762346e-02
14.955000	2.844740e-02
14.960000	2.939421e-02
14.965000	3.033196e-02
14.970000	3.106380e-02
14.975000	3.134971e-02
14.980000	3.094057e-02
14.985000	2.970840e-02
14.990000	2.774626e-02
14.995000	2.524914e-02
15.000000	2.237798e-02
15.005000	1.921975e-02
15.010000	1.580958e-02
15.015000	1.221738e-02
15.020000	8.624185e-03
15.025000	5.281761e-03
15.030000	2.428250e-03
15.035000	1.642365e-04
15.040000	-1.624628e-03
15.045000	-3.114062e-03
15.050000	-4.375715e-03
15.055000	-5.279041e-03
15.060000	-5.486023e-03
15.065000	-4.566561e-03
15.070000	-2.182678e-03
15.075000	1.823090e-03
15.080000	7.239463e-03
15.085000	1.331895e-02
15.090000	1.904071e-02
15.095000	2.348259e-02
15.100000	2.622835e-02
15.105000	2.763424e-02
15.110000	2.849503e-02
15.115000	2.959996e-02
15.120000	3.138075e-02
15.125000	3.369946e-02
15.130000	3.601126e-02
15.135000	3.765413e-02
15.140000	3.817296e-02
15.145000	3.756977e-02
15.150000	3.613260e-02
15.155000	3.422747e-02
15.160000	3.217929e-02
15.165000	3.022201e-02
15.170000	2.849382e-02
15.175000	2.705963e-02
15.180000	2.591045e-02
15.185000	2.496920e-02
15.190000	2.413801e-02
15.195000	2.333888e-02
15.200000	2.251568e-02
15.205000	2.163535e-02
15.210000	2.067915e-02
15.215000	1.964491e-02
15.220000	1.853774e-02
15.225000	1.737848e-02
15.230000	1.619330e-02
15.235000	1.500306e-02
15.240000	1.381787e-02
15.245000	1.263658e-02
15.250000	1.144636e-02
15.255000	1.023010e-02
15.260000	8.976922e-03
15.265000	7.696763e-03
15.270000	6.432144e-03
15.275000	5.267251e-03
15.280000	4.317892e-03
15.285000	3.707477e-03
15.290000	3.496833e-03
15.295000	3.628444e-03
15.300000	3.984026e-03
15.305000	4.452812e-03
15.310000	4.960577e-03
15.315000	5.477417e-03
15.320000	6.004969e-03
15.325000	6.556207e-03
15.330000	7.135163e-03
15.335000	7.743028e-03
15.340000	8.379105e-03
15.345000	9.038464e-03
15.350000	9.709606e-03
15.355000	1.038015e-02
15.360000	1.103489e-02
15.365000	1.166553e-02
15.370000	1.227028e-02
15.375000	1.286298e-02
15.380000	1.347073e-02
15.385000	1.414143e-02
15.390000	1.493616e-02
15.395000	1.592592e-02
15.400000	1.715263e-02
15.405000	1.859631e-02
15.410000	2.020606e-02
15.415000	2.193280e-02
15.420000	2.373652e-02
15.425000	2.556724e-02
15.430000	2.734399e-02
15.435000	2.893685e-02
15.440000	3.016863e-02
15.445000	3.085522e-02
15.450000	3.090303e-02
15.455000	3.040275e-02
15.460000	2.955054e-02
15.465000	2.854819e-02
15.470000	2.755397e-02
15.475000	2.666870e-02
15.480000	2.592250e-02
15.485000	2.526712e-02
15.490000	2.457393e-02
15.495000	2.362762e-02
15.500000	2.215542e-02
15.505000	1.988509e-02
15.510000	1.670095e-02
15.515000	1.275762e-02
15.520000	8.338542e-03
15.525000	3.679730e-03
15.530000	-1.097452e-03
15.535000	-5.998953e-03
15.540000	-1.111275e-02
15.545000	-1.651312e-02
15.550000	-2.214436e-02
15.555000	-2.776882e-02
15.560000	-3.295307e-02
15.565000	-3.711039e-02
15.570000	-3.963570e-02
15.575000	-4.021312e-02
15.580000	-3.908343e-02
15.585000	-3.675778e-02
15.590000	-3.370811e-02
15.595000	-3.024855e-02
15.600000	-2.655587e-02
15.605000	-2.275510e-02
15.610000	-1.892243e-02
15.615000	-1.506976e-02
15.620000	-1.116409e-02
15.625000	-7.155682e-03
15.630000	-3.017822e-03
15.635000	1.211876e-03
15.640000	5.389957e-03
15.645000	9.247675e-03
15.650000	1.241308e-02
15.655000	1.450483e-02
15.660000	1.533559e-02
15.665000	1.508531e-02
15.670000	1.413104e-02
15.675000	1.284584e-02
15.680000	1.150655e-02
15.685000	1.026616e-02
15.690000	9.175196e-03
15.695000	8.204140e-03
15.700000	7.275189e-03
15.705000	6.283111e-03
15.710000	5.112539e-03
15.715000	3.663788e-03
15.720000	1.895648e-03
15.725000	-1.359854e-04
15.730000	-2.318997e-03
15.735000	-4.528362e-03
15.740000	-6.652604e-03
15.745000	-8.609081e-03
15.750000	-1.036784e-02
15.755000	-1.196425e-02
15.760000	-1.346253e-02
15.765000	-1.492386e-02
15.770000	-1.639112e-02
15.775000	-1.788651e-02
15.780000	-1.941683e-02
15.785000	-2.097520e-02
15.790000	-2.254649e-02
15.795000	-2.410694e-02
15.800000	-2.563424e-02
15.805000	-2.710659e-02
15.810000	-2.851690e-02
15.815000	-2.988135e-02
15.820000	-3.124363e-02
15.825000	-3.266903e-02
15.830000	-3.422735e-02
15.835000	-3.597391e-02
15.840000	-3.789224e-02
15.845000	-3.984246e-02
15.850000	-4.152981e-02
15.855000	-4.253222e-02
15.860000	-4.241459e-02
15.865000	-4.094994e-02
15.870000	-3.831535e-02
15.875000	-3.491879e-02
15.880000	-3.119521e-02
15.885000	-2.750447e-02
15.890000	-2.410087e-02
15.895000	-2.112823e-02
15.900000	-1.860663e-02
15.905000	-1.642294e-02
15.910000	-1.441533e-02
15.915000	-1.246371e-02
15.920000	-1.052209e-02
15.925000	-8.630870e-03
15.930000	-6.893916e-03
15.935000	-5.437247e-03
15.940000	-4.337465e-03
15.945000	-3.555986e-03
15.950000	-2.987312e-03
15.955000	-2.523357e-03
15.960000	-2.084619e-03
15.965000	-1.624960e-03
15.970000	-1.128454e-03
15.975000	-5.961624e-04
15.980000	-3.935901e-05
15.985000	5.297856e-04
15.990000	1.094968e-03
15.995000	1.629587e-03
16.000000	2.093778e-03
16.005000	2.446206e-03
16.010000	2.661826e-03
16.015000	2.754758e-03
16.020000	2.759899e-03
16.025000	2.713642e-03
16.030000	2.647668e-03
16.035000	2.595648e-03
16.040000	2.586491e-03
16.045000	2.646938e-03
16.050000	2.788879e-03
16.055000	2.986832e-03
16.060000	3.155095e-03
16.065000	3.137024e-03
16.070000	2.708868e-03
16.075000	1.635394e-03
16.080000	-2.140187e-04
16.085000	-2.746551e-03
16.090000	-5.725418e-03
16.095000	-8.864025e-03
16.100000	-1.187393e-02
16.105000	-1.448533e-02
16.110000	-1.647971e-02
16.115000	-1.777518e-02
16.120000	-1.848958e-02
16.125000	-1.882695e-02
16.130000	-1.896333e-02
16.135000	-1.900679e-02
16.140000	-1.899414e-02
16.145000	-1.892553e-02
16.150000	-1.880392e-02
16.155000	-1.863639e-02
16.160000	-1.843080e-02
16.165000	-1.819312e-02
16.170000	-1.792953e-02
16.175000	-1.765095e-02
16.180000	-1.737636e-02
16.185000	-1.712776e-02
16.190000	-1.692417e-02
16.195000	-1.677062e-02
16.200000	-1.664704e-02
16.205000	-1.649440e-02
16.210000	-1.621482e-02
16.215000	-1.567720e-02
16.220000	-1.474961e-02
16.225000	-1.336498e-02
16.230000	-1.159141e-02
16.235000	-9.566583e-03
16.240000	-7.430714e-03
16.245000	-5.282277e-03
16.250000	-3.177496e-03
16.255000	-1.160474e-03
16.260000	6.995772e-04
16.265000	2.297637e-03
16.270000	3.511522e-03
16.275000	4.266430e-03
16.280000	4.647623e-03
16.285000	4.966987e-03
16.290000	5.593668e-03
16.295000	6.703871e-03
16.300000	8.131660e-03
16.305000	9.524740e-03
16.310000	1.058114e-02
16.315000	1.121281e-02
16.320000	1.150143e-02
16.325000	1.159495e-02
16.330000	1.164457e-02
16.335000	1.174914e-02
16.340000	1.192977e-02
16.345000	1.210932e-02
16.350000	1.211094e-02
16.355000	1.168755e-02
16.360000	1.058118e-02
16.365000	8.659227e-03
16.370000	6.025684e-03
16.375000	2.898557e-03
16.380000	-5.259100e-04
16.385000	-4.123649e-03
16.390000	-7.828918e-03
16.395000	-1.156674e-02
16.400000	-1.518312e-02
16.405000	-1.839155e-02
16.410000	-2.078797e-02
16.415000	-2.194945e-02
16.420000	-2.168385e-02
16.425000	-2.025531e-02
16.430000	-1.823675e-02
16.435000	-1.630122e-02
16.440000	-1.508159e-02
16.445000	-1.505899e-02
16.450000	-1.654437e-02
16.455000	-1.957683e-02
16.460000	-2.377527e-02
16.465000	-2.845773e-02
16.470000	-3.279023e-02
16.475000	-3.588788e-02
16.480000	-3.697543e-02
16.485000	-3.570775e-02
16.490000	-3.244029e-02
16.495000	-2.786974e-02
16.500000	-2.267626e-02
16.505000	-1.734863e-02
16.510000	-1.217012e-02
16.515000	-7.278117e-03
16.520000	-2.746888e-03
16.525000	1.349732e-03
16.530000	4.926089e-03
16.535000	7.914274e-03
16.540000	1.022537e-02
16.545000	1.177495e-02
16.550000	1.253950e-02
16.555000	1.246616e-02
16.560000	1.143372e-02
16.565000	9.370956e-03
16.570000	6.381755e-03
16.575000	2.661534e-03
16.580000	-1.580363e-03
16.585000	-6.107019e-03
16.590000	-1.066482e-02
16.595000	-1.497834e-02
16.600000	-1.875377e-02
16.605000	-2.172927e-02
16.610000	-2.379670e-02
16.615000	-2.510624e-02
16.620000	-2.593571e-02
16.625000	-2.654926e-02
16.630000	-2.713175e-02
16.635000	-2.777951e-02
16.640000	-2.851299e-02
16.645000	-2.930425e-02
16.650000	-3.010275e-02
16.655000	-3.086819e-02
16.660000	-3.159067e-02
16.665000	-3.229806e-02
16.670000	-3.305752e-02
16.675000	-3.395100e-02
16.680000	-3.503948e-02
16.685000	-3.629884e-02
16.690000	-3.755433e-02
16.695000	-3.843677e-02
16.700000	-3.840533e-02
16.705000	-3.686871e-02
16.710000	-3.346923e-02
16.715000	-2.835375e-02
16.720000	-2.197032e-02
16.725000	-1.484867e-02
16.730000	-7.546954e-03
16.735000	-6.084008e-04
16.740000	5.473369e-03
16.745000	1.029937e-02
16.750000	1.358180e-02
16.755000	1.531044e-02
16.760000	1.590791e-02
16.765000	1.600449e-02
16.770000	1.617994e-02
16.775000	1.680854e-02
16.780000	1.797105e-02
16.785000	1.954766e-02
16.790000	2.132921e-02
16.795000	2.309396e-02
16.800000	2.464054e-02
16.805000	2.582505e-02
16.810000	2.659561e-02
16.815000	2.705220e-02
16.820000	2.745673e-02
16.825000	2.807525e-02
16.830000	2.895075e-02
16.835000	2.979431e-02
16.840000	3.015482e-02
16.845000	2.971127e-02
16.850000	2.847279e-02
16.855000	2.663332e-02
16.860000	2.436488e-02
16.865000	2.171238e-02
16.870000	1.857295e-02
16.875000	1.477651e-02
16.880000	1.024411e-02
16.885000	5.137591e-03
16.890000	-2.473287e-04
16.895000	-5.633703e-03
16.900000	-1.086173e-02
16.905000	-1.593926e-02
16.910000	-2.100274e-02
16.915000	-2.623636e-02
16.920000	-3.176090e-02
16.925000	-3.751644e-02
16.930000	-4.315003e-02
16.935000	-4.794067e-02
16.940000	-5.085833e-02
16.945000	-5.082090e-02
16.950000	-4.724658e-02
16.955000	-4.055232e-02
16.960000	-3.169193e-02
16.965000	-2.164414e-02
16.970000	-1.122178e-02
16.975000	-1.064735e-03
16.980000	8.281336e-03
16.985000	1.637790e-02
16.990000	2.299126e-02
16.995000	2.832296e-02
17.000000	3.319932e-02
17.005000	3.860089e-02
17.010000	4.485425e-02
17.015000	5.152688e-02
17.020000	5.761335e-02
17.025000	6.190493e-02
17.030000	6.385743e-02
17.035000	6.430926e-02
17.040000	6.506976e-02
17.045000	6.813415e-02
17.050000	7.475562e-02
17.055000	8.468726e-02
17.060000	9.643982e-02
17.065000	1.077474e-01
17.070000	1.159271e-01
17.075000	1.183670e-01
17.080000	1.133469e-01
17.085000	1.009863e-01
17.090000	8.285422e-02
17.095000	6.141375e-02
17.100000	3.948443e-02
17.105000	1.974365e-02
17.110000	4.396125e-03
17.115000	-5.407018e-03
17.120000	-1.014907e-02
17.125000	-1.183771e-02
17.130000	-1.363603e-02
17.135000	-1.885257e-02
17.140000	-2.956577e-02
17.145000	-4.563331e-02
17.150000	-6.521360e-02
17.155000	-8.550649e-02
17.160000	-1.032510e-01
17.165000	-1.152517e-01
17.170000	-1.193424e-01
17.175000	-1.153734e-01
17.180000	-1.053241e-01
17.185000	-9.312363e-02
17.190000	-8.345819e-02
17.195000	-8.014794e-02
17.200000	-8.489339e-02
17.205000	-9.719859e-02
17.210000	-1.141972e-01
17.215000	-1.305079e-01
17.220000	-1.397289e-01
17.225000	-1.368196e-01
17.230000	-1.205207e-01
17.235000	-9.381357e-02
17.240000	-6.202351e-02
17.245000	-3.108366e-02
17.250000	-6.302489e-03
17.255000	9.225229e-03
17.260000	1.582700e-02
17.265000	1.649881e-02
17.270000	1.564715e-02
17.275000	1.707195e-02
17.280000	2.240821e-02
17.285000	3.149870e-02
17.290000	4.314701e-02
17.295000	5.564472e-02
17.300000	6.708612e-02
17.305000	7.562481e-02
17.310000	7.980430e-02
17.315000	7.919615e-02
17.320000	7.496463e-02
17.325000	6.939111e-02
17.330000	6.523748e-02
17.335000	6.506004e-02
17.340000	6.965641e-02
17.345000	7.705288e-02
17.350000	8.439831e-02
17.355000	9.002421e-02
17.360000	9.341473e-02
17.365000	9.466303e-02
17.370000	9.406662e-02
17.375000	9.193922e-02
17.380000	8.863884e-02
17.385000	8.482333e-02
17.390000	8.159292e-02
17.395000	7.990960e-02
17.400000	7.975825e-02
17.405000	7.970461e-02
17.410000	7.767733e-02
17.415000	7.227792e-02
17.420000	6.369461e-02
17.425000	5.318400e-02
17.430000	4.223165e-02
17.435000	3.200907e-02
17.440000	2.314358e-02
17.445000	1.557873e-02
17.450000	8.587275e-03
17.455000	1.290960e-03
17.460000	-6.684327e-03
17.465000	-1.489660e-02
17.470000	-2.276509e-02
17.475000	-3.026681e-02
17.480000	-3.771233e-02
17.485000	-4.528392e-02
17.490000	-5.259945e-02
17.495000	-5.853218e-02
17.500000	-6.164784e-02
17.505000	-6.107450e-02
17.510000	-5.719620e-02
17.515000	-5.109204e-02
17.520000	-4.381972e-02
17.525000	-3.607115e-02
17.530000	-2.807987e-02
17.535000	-1.972638e-02
17.540000	-1.078007e-02
17.545000	-1.207280e-03
17.550000	8.573167e-03
17.555000	1.777735e-02
17.560000	2.551374e-02
17.565000	3.114934e-02
17.570000	3.482476e-02
17.575000	3.777435e-02
17.580000	4.165576e-02
17.585000	4.755832e-02
17.590000	5.529874e-02
17.595000	6.365473e-02
17.600000	7.087833e-02
17.605000	7.524656e-02
17.610000	7.579117e-02
17.615000	7.284971e-02
17.620000	6.751136e-02
17.625000	6.095673e-02
17.630000	5.413335e-02
17.635000	4.764583e-02
17.640000	4.175944e-02
17.645000	3.645470e-02
17.650000	3.148031e-02
17.655000	2.635871e-02
17.660000	2.042440e-02
17.665000	1.291679e-02
17.670000	3.255147e-03
17.675000	-8.637715e-03
17.680000	-2.235861e-02
17.685000	-3.701024e-02
17.690000	-5.105976e-02
17.695000	-6.226964e-02
17.700000	-6.795034e-02
17.705000	-6.571016e-02
17.710000	-5.499393e-02
17.715000	-3.840869e-02
17.720000	-2.056726e-02
17.725000	-6.347893e-03
17.730000	1.053656e-03
17.735000	1.503418e-03
17.740000	-3.203055e-03
17.745000	-1.076138e-02
17.750000	-1.912786e-02
17.755000	-2.681463e-02
17.760000	-3.287221e-02
17.765000	-3.678178e-02
17.770000	-3.845240e-02
17.775000	-3.823305e-02
17.780000	-3.656673e-02
17.785000	-3.373930e-02
17.790000	-2.994298e-02
17.795000	-2.541363e-02
17.800000	-2.037431e-02
17.805000	-1.496582e-02
17.810000	-9.272463e-03
17.815000	-3.399878e-03
17.820000	2.452086e-03
17.825000	8.099102e-03
17.830000	1.350934e-02
17.835000	1.893089e-02
17.840000	2.480535e-02
17.845000	3.100483e-02
17.850000	3.621440e-02
17.855000	3.829603e-02
17.860000	3.522670e-02
17.865000	2.622928e-02
17.870000	1.266588e-02
17.875000	-1.355632e-03
17.880000	-1.014642e-02
17.885000	-1.000214e-02
17.890000	-2.464794e-03
17.895000	6.509765e-03
17.900000	1.084830e-02
17.905000	8.120511e-03
17.910000	-2.903990e-04
17.915000	-1.040549e-02
17.920000	-1.827118e-02
17.925000	-2.219770e-02
17.930000	-2.239630e-02
17.935000	-1.999984e-02
17.940000	-1.635540e-02
17.945000	-1.256595e-02
17.950000	-9.286855e-03
17.955000	-6.677505e-03
17.960000	-4.505696e-03
17.965000	-2.409221e-03
17.970000	-1.882030e-04
17.975000	2.029602e-03
17.980000	3.868859e-03
17.985000	4.918233e-03
17.990000	4.995865e-03
17.995000	4.497521e-03
18.000000	4.460047e-03
18.005000	5.550274e-03
18.010000	7.189002e-03
18.015000	8.133570e-03
18.020000	7.533221e-03
18.025000	5.670266e-03
18.030000	3.609182e-03
18.035000	2.528304e-03
18.040000	3.050003e-03
18.045000	4.814840e-03
18.050000	6.910200e-03
18.055000	8.527459e-03
18.060000	9.397807e-03
18.065000	9.713945e-03
18.070000	9.882769e-03
18.075000	1.029752e-02
18.080000	1.114598e-02
18.085000	1.234633e-02
18.090000	1.353979e-02
18.095000	1.410524e-02
18.100000	1.326975e-02
18.105000	1.031121e-02
18.110000	4.949653e-03
18.115000	-2.298850e-03
18.120000	-1.041936e-02
18.125000	-1.828197e-02
18.130000	-2.494150e-02
18.135000	-2.982617e-02
18.140000	-3.269376e-02
18.145000	-3.364740e-02
18.150000	-3.322400e-02
18.155000	-3.211372e-02
18.160000	-3.089034e-02
18.165000	-2.989785e-02
18.170000	-2.920244e-02
18.175000	-2.859303e-02
18.180000	-2.763069e-02
18.185000	-2.575126e-02
18.190000	-2.243893e-02
18.195000	-1.752454e-02
18.200000	-1.144417e-02
18.205000	-5.072649e-03
18.210000	5.568767e-04
18.215000	4.513808e-03
18.220000	6.338771e-03
18.225000	6.325470e-03
18.230000	5.240812e-03
18.235000	3.994088e-03
18.240000	3.423790e-03
18.245000	4.133318e-03
18.250000	6.286995e-03
18.255000	9.482660e-03
18.260000	1.300526e-02
18.265000	1.613975e-02
18.270000	1.842820e-02
18.275000	1.982873e-02
18.280000	2.056920e-02
18.285000	2.095163e-02
18.290000	2.124810e-02
18.295000	2.164056e-02
18.300000	2.220501e-02
18.305000	2.291445e-02
18.310000	2.365691e-02
18.315000	2.425744e-02
18.320000	2.450393e-02
18.325000	2.420431e-02
18.330000	2.328380e-02
18.335000	2.185626e-02
18.340000	2.012476e-02
18.345000	1.826815e-02
18.350000	1.637665e-02
18.355000	1.443409e-02
18.360000	1.233658e-02
18.365000	9.943944e-03
18.370000	7.150629e-03
18.375000	3.967007e-03
18.380000	4.722240e-04
18.385000	-3.233036e-03
18.390000	-7.031068e-03
18.395000	-1.076856e-02
18.400000	-1.424010e-02
18.405000	-1.719569e-02
18.410000	-1.938524e-02
18.415000	-2.069289e-02
18.420000	-2.126044e-02
18.425000	-2.137802e-02
18.430000	-2.134155e-02
18.435000	-2.138216e-02
18.440000	-2.162672e-02
18.445000	-2.208824e-02
18.450000	-2.270378e-02
18.455000	-2.336836e-02
18.460000	-2.395594e-02
18.465000	-2.433150e-02
18.470000	-2.437011e-02
18.475000	-2.400378e-02
18.480000	-2.327336e-02
18.485000	-2.225386e-02
18.490000	-2.099548e-02
18.495000	-1.950700e-02
18.500000	-1.779260e-02
18.505000	-1.589710e-02
18.510000	-1.388371e-02
18.515000	-1.179726e-02
18.520000	-9.659930e-03
18.525000	-7.481828e-03
18.530000	-5.283513e-03
18.535000	-3.111569e-03
18.540000	-1.057377e-03
18.545000	7.523614e-04
18.550000	2.179240e-03
18.555000	3.146077e-03
18.560000	3.707658e-03
18.565000	4.003864e-03
18.570000	4.190807e-03
18.575000	4.420720e-03
18.580000	4.831379e-03
18.585000	5.540885e-03
18.590000	6.609037e-03
18.595000	7.999102e-03
18.600000	9.615437e-03
18.605000	1.134468e-02
18.610000	1.305116e-02
18.615000	1.457868e-02
18.620000	1.575114e-02
18.625000	1.639963e-02
18.630000	1.644907e-02
18.635000	1.599656e-02
18.640000	1.522302e-02
18.645000	1.429545e-02
18.650000	1.332994e-02
18.655000	1.238937e-02
18.660000	1.149584e-02
18.665000	1.065527e-02
18.670000	9.868718e-03
18.675000	9.141324e-03
18.680000	8.464105e-03
18.685000	7.797860e-03
18.690000	7.057243e-03
18.695000	6.104436e-03
18.700000	4.769029e-03
18.705000	2.905120e-03
18.710000	4.341385e-04
18.715000	-2.563083e-03
18.720000	-5.763602e-03
18.725000	-8.705104e-03
18.730000	-1.095304e-02
18.735000	-1.228865e-02
18.740000	-1.285618e-02
18.745000	-1.300776e-02
18.750000	-1.310524e-02
18.755000	-1.338983e-02
18.760000	-1.391635e-02
18.765000	-1.460193e-02
18.770000	-1.530945e-02
18.775000	-1.590705e-02
18.780000	-1.633855e-02
18.785000	-1.666309e-02
18.790000	-1.701562e-02
18.795000	-1.754429e-02
18.800000	-1.834083e-02
18.805000	-1.938831e-02
18.810000	-2.060675e-02
18.815000	-2.190225e-02
18.820000	-2.321474e-02
18.825000	-2.452830e-02
18.830000	-2.586690e-02
18.835000	-2.727263e-02
18.840000	-2.877422e-02
18.845000	-3.034973e-02
18.850000	-3.187727e-02
18.855000	-3.311190e-02
18.860000	-3.371455e-02
18.865000	-3.333619e-02
18.870000	-3.180580e-02
18.875000	-2.929848e-02
18.880000	-2.619806e-02
18.885000	-2.293639e-02
18.890000	-1.990803e-02
18.895000	-1.740154e-02
18.900000	-1.553515e-02
18.905000	-1.420865e-02
18.910000	-1.320524e-02
18.915000	-1.230277e-02
18.920000	-1.133535e-02
18.925000	-1.021782e-02
18.930000	-8.946612e-03
18.935000	-7.565993e-03
18.940000	-6.129777e-03
18.945000	-4.681954e-03
18.950000	-3.254611e-03
18.955000	-1.860186e-03
18.960000	-5.018396e-04
18.965000	8.228513e-04
18.970000	2.121284e-03
18.975000	3.405987e-03
18.980000	4.690224e-03
18.985000	5.991720e-03
18.990000	7.304182e-03
18.995000	8.572201e-03
19.000000	9.671562e-03
19.005000	1.042173e-02
19.010000	1.062920e-02
19.015000	1.019270e-02
19.020000	9.202779e-03
19.025000	7.850953e-03
19.030000	6.320241e-03
19.035000	4.747351e-03
19.040000	3.206322e-03
19.045000	1.720936e-03
19.050000	2.869197e-04
19.055000	-1.108897e-03
19.060000	-2.482402e-03
19.065000	-3.841812e-03
19.070000	-5.197813e-03
19.075000	-6.570651e-03
19.080000	-7.995159e-03
19.085000	-9.515171e-03
19.090000	-1.116917e-02
19.095000	-1.295968e-02
19.100000	-1.482819e-02
19.105000	-1.664468e-02
19.110000	-1.822923e-02
19.115000	-1.937386e-02
19.120000	-1.992550e-02
19.125000	-1.985505e-02
19.130000	-1.918971e-02
19.135000	-1.794325e-02
19.140000	-1.616888e-02
19.145000	-1.401037e-02
19.150000	-1.163898e-02
19.155000	-9.188822e-03
19.160000	-6.746233e-03
19.165000	-4.342042e-03
19.170000	-1.969865e-03
19.175000	4.026807e-04
19.180000	2.809637e-03
19.185000	5.274805e-03
19.190000	7.784352e-03
19.195000	1.027270e-02
19.200000	1.261315e-02
19.205000	1.463759e-02
19.210000	1.617904e-02
19.215000	1.716464e-02
19.220000	1.768719e-02
19.225000	1.792470e-02
19.230000	1.802821e-02
19.235000	1.807978e-02
19.240000	1.806623e-02
19.245000	1.789967e-02
19.250000	1.745615e-02
19.255000	1.665766e-02
19.260000	1.553520e-02
19.265000	1.417969e-02
19.270000	1.267420e-02
19.275000	1.107672e-02
19.280000	9.411502e-03
19.285000	7.685831e-03
19.290000	5.887613e-03
19.295000	3.993692e-03
19.300000	1.993786e-03
19.305000	-7.291282e-05
19.310000	-2.081492e-03
19.315000	-3.800437e-03
19.320000	-4.916059e-03
19.325000	-5.102888e-03
19.330000	-4.202344e-03
19.335000	-2.367259e-03
19.340000	8.737541e-05
19.345000	2.860180e-03
19.350000	5.737915e-03
19.355000	8.604962e-03
19.360000	1.140076e-02
19.365000	1.407925e-02
19.370000	1.656073e-02
19.375000	1.871729e-02
19.380000	2.039777e-02
19.385000	2.152827e-02
19.390000	2.218875e-02
19.395000	2.254234e-02
19.400000	2.273587e-02
19.405000	2.288337e-02
19.410000	2.304592e-02
19.415000	2.325248e-02
19.420000	2.350701e-02
19.425000	2.380753e-02
19.430000	2.414802e-02
19.435000	2.451959e-02
19.440000	2.489809e-02
19.445000	2.524353e-02
19.450000	2.548808e-02
19.455000	2.554264e-02
19.460000	2.531120e-02
19.465000	2.474771e-02
19.470000	2.389925e-02
19.475000	2.286781e-02
19.480000	2.175232e-02
19.485000	2.062877e-02
19.490000	1.953428e-02
19.495000	1.846878e-02
19.500000	1.740732e-02
19.505000	1.630984e-02
19.510000	1.512541e-02
19.515000	1.382203e-02
19.520000	1.239763e-02
19.525000	1.088207e-02
19.530000	9.316452e-03
19.535000	7.757103e-03
19.540000	6.282426e-03
19.545000	4.990351e-03
19.550000	3.972777e-03
19.555000	3.271453e-03
19.560000	2.838899e-03
19.565000	2.582394e-03
19.570000	2.411467e-03
19.575000	2.265487e-03
19.580000	2.113241e-03
19.585000	1.940969e-03
19.590000	1.737284e-03
19.595000	1.492728e-03
19.600000	1.196597e-03
19.605000	8.445186e-04
19.610000	4.543772e-04
19.615000	9.460888e-05
19.620000	-1.046405e-04
19.625000	3.771089e-05
19.630000	7.071154e-04
19.635000	2.001016e-03
19.640000	3.834234e-03
19.645000	6.011335e-03
19.650000	8.308392e-03
19.655000	1.051179e-02
19.660000	1.243430e-02
19.665000	1.393875e-02
19.670000	1.497923e-02
19.675000	1.562680e-02
19.680000	1.597442e-02
19.685000	1.604395e-02
19.690000	1.575660e-02
19.695000	1.497916e-02
19.700000	1.363380e-02
19.705000	1.180732e-02
19.710000	9.686899e-03
19.715000	7.483973e-03
19.720000	5.390553e-03
19.725000	3.551089e-03
19.730000	2.025612e-03
19.735000	7.684419e-04
19.740000	-3.182105e-04
19.745000	-1.326072e-03
19.750000	-2.318001e-03
19.755000	-3.328271e-03
19.760000	-4.371307e-03
19.765000	-5.448293e-03
19.770000	-6.554986e-03
19.775000	-7.682291e-03
19.780000	-8.822621e-03
19.785000	-9.959521e-03
19.790000	-1.105560e-02
19.795000	-1.203705e-02
19.800000	-1.279954e-02
19.805000	-1.322912e-02
19.810000	-1.327275e-02
19.815000	-1.298637e-02
19.820000	-1.247980e-02
19.825000	-1.186321e-02
19.830000	-1.121767e-02
19.835000	-1.058024e-02
19.840000	-9.964041e-03
19.845000	-9.371182e-03
19.850000	-8.806146e-03
19.855000	-8.287008e-03
19.860000	-7.853517e-03
19.865000	-7.555435e-03
19.870000	-7.420622e-03
19.875000	-7.428666e-03
19.880000	-7.537770e-03
19.885000	-7.704911e-03
19.890000	-7.897126e-03
19.895000	-8.086667e-03
19.900000	-8.251582e-03
19.905000	-8.372340e-03
19.910000	-8.430057e-03
19.915000	-8.415006e-03
19.920000	-8.345105e-03
19.925000	-8.265980e-03
19.930000	-8.252463e-03
19.935000	-8.398387e-03
19.940000	-8.799258e-03
19.945000	-9.503578e-03
19.950000	-1.047596e-02
19.955000	-1.163640e-02
19.960000	-1.290879e-02
19.965000	-1.423020e-02
19.970000	-1.555157e-02
19.975000	-1.682803e-02
19.980000	-1.800542e-02
19.985000	-1.900790e-02
19.990000	-1.975631e-02
19.995000	-2.020486e-02
20.000000	-2.039129e-02
20.005000	-2.040166e-02
20.010000	-2.031611e-02
20.015000	-2.019556e-02
20.020000	-2.007500e-02
20.025000	-1.997042e-02
20.030000	-1.988784e-02
20.035000	-1.981930e-02
20.040000	-1.974571e-02
20.045000	-1.958004e-02
20.050000	-1.915446e-02
20.055000	-1.821782e-02
20.060000	-1.651125e-02
20.065000	-1.389561e-02
20.070000	-1.049406e-02
20.075000	-6.561038e-03
20.080000	-2.359162e-03
20.085000	1.898119e-03
20.090000	6.040301e-03
20.095000	9.908123e-03
20.100000	1.327674e-02
20.105000	1.583145e-02
20.110000	1.723807e-02
20.115000	1.734382e-02
20.120000	1.635848e-02
20.125000	1.467714e-02
20.130000	1.266977e-02
20.135000	1.060042e-02
20.140000	8.604894e-03
20.145000	6.718145e-03
20.150000	4.916782e-03
20.155000	3.170521e-03
20.160000	1.473688e-03
20.165000	-1.383556e-04
20.170000	-1.601851e-03
20.175000	-2.866622e-03
20.180000	-3.935600e-03
20.185000	-4.838963e-03
20.190000	-5.613532e-03
20.195000	-6.304840e-03
20.200000	-6.994827e-03
20.205000	-7.819615e-03
20.210000	-8.969209e-03
20.215000	-1.064851e-02
20.220000	-1.298889e-02
20.225000	-1.593825e-02
20.230000	-1.928060e-02
20.235000	-2.267106e-02
20.240000	-2.563546e-02
20.245000	-2.760783e-02
20.250000	-2.804627e-02
20.255000	-2.669569e-02
20.260000	-2.381716e-02
20.265000	-1.993550e-02
20.270000	-1.556592e-02
20.275000	-1.109825e-02
20.280000	-6.788935e-03
20.285000	-2.808196e-03
20.290000	6.686939e-04
20.295000	3.408314e-03
20.300000	5.147512e-03
20.305000	5.757057e-03
20.310000	5.401943e-03
20.315000	4.409686e-03
20.320000	3.114471e-03
20.325000	1.799641e-03
20.330000	6.890434e-04
20.335000	-4.110052e-05
20.340000	-2.655860e-04
20.345000	4.836895e-05
20.350000	7.862551e-04
20.355000	1.776440e-03
20.360000	2.882715e-03
20.365000	4.039973e-03
20.370000	5.241254e-03
20.375000	6.503674e-03
20.380000	7.810420e-03
20.385000	9.064417e-03
20.390000	1.005895e-02
20.395000	1.049170e-02
20.400000	1.003442e-02
20.405000	8.509501e-03
20.410000	6.043646e-03
20.415000	2.964763e-03
20.420000	-3.359281e-04
20.425000	-3.455803e-03
20.430000	-6.018753e-03
20.435000	-7.719644e-03
20.440000	-8.442577e-03
20.445000	-8.354502e-03
20.450000	-7.760760e-03
20.455000	-6.945479e-03
20.460000	-6.105719e-03
20.465000	-5.336253e-03
20.470000	-4.660758e-03
20.475000	-4.061017e-03
20.480000	-3.505607e-03
20.485000	-2.962610e-03
20.490000	-2.410122e-03
20.495000	-1.836873e-03
20.500000	-1.238678e-03
20.505000	-6.047292e-04
20.510000	8.504570e-05
20.515000	8.589031e-04
20.520000	1.728601e-03
20.525000	2.678332e-03
20.530000	3.678829e-03
20.535000	4.706193e-03
20.540000	5.740289e-03
20.545000	6.769934e-03
20.550000	7.792338e-03
20.555000	8.813105e-03
20.560000	9.831820e-03
20.565000	1.084255e-02
20.570000	1.182527e-02
20.575000	1.275403e-02
20.580000	1.359577e-02
20.585000	1.431052e-02
20.590000	1.481826e-02
20.595000	1.499505e-02
20.600000	1.470382e-02
20.605000	1.388052e-02
20.610000	1.260730e-02
20.615000	1.104603e-02
20.620000	9.350802e-03
20.625000	7.631115e-03
20.630000	5.945416e-03
20.635000	4.308354e-03
20.640000	2.706147e-03
20.645000	1.113852e-03
20.650000	-4.924379e-04
20.655000	-2.124337e-03
20.660000	-3.775443e-03
20.665000	-5.417298e-03
20.670000	-6.998524e-03
20.675000	-8.447200e-03
20.680000	-9.696821e-03
20.685000	-1.072036e-02
20.690000	-1.156859e-02
20.695000	-1.231984e-02
20.700000	-1.303308e-02
20.705000	-1.370432e-02
20.710000	-1.427054e-02
20.715000	-1.461783e-02
20.720000	-1.461808e-02
20.725000	-1.420327e-02
20.730000	-1.343749e-02
20.735000	-1.244769e-02
20.740000	-1.135996e-02
20.745000	-1.025664e-02
20.750000	-9.162297e-03
20.755000	-8.044895e-03
20.760000	-6.836956e-03
20.765000	-5.456023e-03
20.770000	-3.855363e-03
20.775000	-2.057666e-03
20.780000	-1.241708e-04
20.785000	1.886713e-03
20.790000	3.934984e-03
20.795000	6.002736e-03
20.800000	8.081925e-03
20.805000	1.015832e-02
20.810000	1.219410e-02
20.815000	1.411295e-02
20.820000	1.580774e-02
20.825000	1.716055e-02
20.830000	1.811136e-02
20.835000	1.870623e-02
20.840000	1.900606e-02
20.845000	1.900284e-02
20.850000	1.859768e-02
20.855000	1.764754e-02
20.860000	1.607240e-02
20.865000	1.396918e-02
20.870000	1.152207e-02
20.875000	8.913697e-03
20.880000	6.269074e-03
20.885000	3.646054e-03
20.890000	1.044522e-03
20.895000	-1.560684e-03
20.900000	-4.192000e-03
20.905000	-6.842293e-03
20.910000	-9.458220e-03
20.915000	-1.193346e-02
20.920000	-1.412360e-02
20.925000	-1.588278e-02
20.930000	-1.715194e-02
20.935000	-1.802715e-02
20.940000	-1.868131e-02
20.945000	-1.926549e-02
20.950000	-1.985064e-02
20.955000	-2.040292e-02
20.960000	-2.077809e-02
20.965000	-2.075615e-02
20.970000	-2.012532e-02
20.975000	-1.881048e-02
20.980000	-1.699064e-02
20.985000	-1.496775e-02
20.990000	-1.301193e-02
20.995000	-1.124108e-02
21.000000	-9.586524e-03
21.005000	-7.951118e-03
21.010000	-6.264478e-03
21.015000	-4.485685e-03
21.020000	-2.629123e-03
21.025000	-7.777293e-04
21.030000	9.064368e-04
21.035000	2.203942e-03
21.040000	2.890617e-03
21.045000	2.856507e-03
21.050000	2.205008e-03
21.055000	1.157415e-03
21.060000	-6.954645e-05
21.065000	-1.312100e-03
21.070000	-2.477079e-03
21.075000	-3.536984e-03
21.080000	-4.515287e-03
21.085000	-5.454705e-03
21.090000	-6.396296e-03
21.095000	-7.359627e-03
21.100000	-8.329318e-03
21.105000	-9.251534e-03
21.110000	-1.005074e-02
21.115000	-1.064882e-02
21.120000	-1.100692e-02
21.125000	-1.115298e-02
21.130000	-1.116007e-02
21.135000	-1.109316e-02
21.140000	-1.100625e-02
21.145000	-1.092530e-02
21.150000	-1.086439e-02
21.155000	-1.082649e-02
21.160000	-1.081558e-02
21.165000	-1.083463e-02
21.170000	-1.088474e-02
21.175000	-1.094980e-02
21.180000	-1.099289e-02
21.185000	-1.094295e-02
21.190000	-1.070507e-02
21.195000	-1.017765e-02
21.200000	-9.311651e-03
21.205000	-8.155455e-03
21.210000	-6.814067e-03
21.215000	-5.387788e-03
21.220000	-3.951386e-03
21.225000	-2.540098e-03
21.230000	-1.160892e-03
21.235000	1.989353e-04
21.240000	1.560205e-03
21.245000	2.944802e-03
21.250000	4.363689e-03
21.255000	5.810384e-03
21.260000	7.250336e-03
21.265000	8.616849e-03
21.270000	9.811051e-03
21.275000	1.073110e-02
21.280000	1.132207e-02
21.285000	1.163000e-02
21.290000	1.175595e-02
21.295000	1.180395e-02
21.300000	1.185288e-02
21.305000	1.195387e-02
21.310000	1.212385e-02
21.315000	1.235087e-02
21.320000	1.257185e-02
21.325000	1.268482e-02
21.330000	1.255082e-02
21.335000	1.203985e-02
21.340000	1.108788e-02
21.345000	9.758866e-03
21.350000	8.181478e-03
21.355000	6.486667e-03
21.360000	4.768898e-03
21.365000	3.082877e-03
21.370000	1.445002e-03
21.375000	-1.513262e-04
21.380000	-1.728657e-03
21.385000	-3.312884e-03
21.390000	-4.928270e-03
21.395000	-6.585315e-03
21.400000	-8.272698e-03
21.405000	-9.938894e-03
21.410000	-1.148611e-02
21.415000	-1.276811e-02
21.420000	-1.362414e-02
21.425000	-1.391516e-02
21.430000	-1.348017e-02
21.435000	-1.215222e-02
21.440000	-9.871936e-03
21.445000	-6.817511e-03
21.450000	-3.289158e-03
21.455000	4.200665e-04
21.460000	4.069888e-03
21.465000	7.485066e-03
21.470000	1.055395e-02
21.475000	1.325506e-02
21.480000	1.567309e-02
21.485000	1.791614e-02
21.490000	2.004216e-02
21.495000	2.202630e-02
21.500000	2.377034e-02
21.505000	2.514944e-02
21.510000	2.610650e-02
21.515000	2.672170e-02
21.520000	2.713377e-02
21.525000	2.745080e-02
21.530000	2.769986e-02
21.535000	2.781099e-02
21.540000	2.763107e-02
21.545000	2.698315e-02
21.550000	2.576727e-02
21.555000	2.405240e-02
21.560000	2.200652e-02
21.565000	1.980153e-02
21.570000	1.756366e-02
21.575000	1.536572e-02
21.580000	1.322686e-02
21.585000	1.112691e-02
21.590000	9.026029e-03
21.595000	6.886031e-03
21.600000	4.681153e-03
21.605000	2.426472e-03
21.610000	1.891790e-04
21.615000	-1.904348e-03
21.620000	-3.678411e-03
21.625000	-4.952264e-03
21.630000	-5.638634e-03
21.635000	-5.820162e-03
21.640000	-5.672672e-03
21.645000	-5.367461e-03
21.650000	-5.027534e-03
21.655000	-4.714034e-03
21.660000	-4.447293e-03
21.665000	-4.223394e-03
21.670000	-4.032069e-03
21.675000	-3.863098e-03
21.680000	-3.711861e-03
21.685000	-3.578040e-03
21.690000	-3.455903e-03
21.695000	-3.317886e-03
21.700000	-3.112708e-03
21.705000	-2.762597e-03
21.710000	-2.181651e-03
21.715000	-1.322574e-03
21.720000	-2.205913e-04
21.725000	1.038510e-03
21.730000	2.346480e-03
21.735000	3.581433e-03
21.740000	4.616322e-03
21.745000	5.343681e-03
21.750000	5.720259e-03
21.755000	5.807050e-03
21.760000	5.705216e-03
21.765000	5.493053e-03
21.770000	5.191746e-03
21.775000	4.760121e-03
21.780000	4.119227e-03
21.785000	3.216282e-03
21.790000	2.075702e-03
21.795000	7.673642e-04
21.800000	-6.387178e-04
21.805000	-2.089353e-03
21.810000	-3.553009e-03
21.815000	-5.009636e-03
21.820000	-6.442509e-03
21.825000	-7.829131e-03
21.830000	-9.145224e-03
21.835000	-1.037586e-02
21.840000	-1.154164e-02
21.845000	-1.272142e-02
21.850000	-1.407017e-02
21.855000	-1.580001e-02
21.860000	-1.812978e-02
21.865000	-2.115056e-02
21.870000	-2.470934e-02
21.875000	-2.842122e-02
21.880000	-3.172501e-02
21.885000	-3.395976e-02
21.890000	-3.452158e-02
21.895000	-3.317342e-02
21.900000	-3.030724e-02
21.905000	-2.664800e-02
21.910000	-2.290583e-02
21.915000	-1.954662e-02
21.920000	-1.670339e-02
21.925000	-1.429801e-02
21.930000	-1.220381e-02
21.935000	-1.034454e-02
21.940000	-8.735692e-03
21.945000	-7.464622e-03
21.950000	-6.597076e-03
21.955000	-6.086315e-03
21.960000	-5.819652e-03
21.965000	-5.682470e-03
21.970000	-5.587743e-03
21.975000	-5.483648e-03
21.980000	-5.350097e-03
21.985000	-5.186816e-03
21.990000	-5.003852e-03
21.995000	-4.812475e-03
22.000000	-4.621711e-03
22.005000	-4.435691e-03
22.010000	-4.256024e-03
22.015000	-4.081389e-03
22.020000	-3.911712e-03
22.025000	-3.746696e-03
22.030000	-3.587927e-03
22.035000	-3.435416e-03
22.040000	-3.287128e-03
22.045000	-3.137945e-03
22.050000	-2.986866e-03
22.055000	-2.835532e-03
22.060000	-2.685441e-03
22.065000	-2.535630e-03
22.070000	-2.388329e-03
22.075000	-2.247791e-03
22.080000	-2.120671e-03
22.085000	-2.002408e-03
22.090000	-1.876277e-03
22.095000	-1.711627e-03
22.100000	-1.469125e-03
22.105000	-1.102643e-03
22.110000	-5.856423e-04
22.115000	6.658409e-05
22.120000	8.132812e-04
22.125000	1.618545e-03
22.130000	2.452683e-03
22.135000	3.290342e-03
22.140000	4.102972e-03
22.145000	4.851848e-03
22.150000	5.481515e-03
22.155000	5.939002e-03
22.160000	6.199263e-03
22.165000	6.292845e-03
22.170000	6.280406e-03
22.175000	6.221198e-03
22.180000	6.153355e-03
22.185000	6.097117e-03
22.190000	6.055577e-03
22.195000	6.026888e-03
22.200000	6.004349e-03
22.205000	5.980736e-03
22.210000	5.952344e-03
22.215000	5.920560e-03
22.220000	5.886525e-03
22.225000	5.858407e-03
22.230000	5.846381e-03
22.235000	5.866715e-03
22.240000	5.929508e-03
22.245000	6.031917e-03
22.250000	6.160528e-03
22.255000	6.302182e-03
22.260000	6.444501e-03
22.265000	6.581025e-03
22.270000	6.708158e-03
22.275000	6.828102e-03
22.280000	6.944834e-03
22.285000	7.066356e-03
22.290000	7.199291e-03
22.295000	7.347566e-03
22.300000	7.496703e-03
22.305000	7.614212e-03
22.310000	7.651712e-03
22.315000	7.559893e-03
22.320000	7.311621e-03
22.325000	6.927104e-03
22.330000	6.451178e-03
22.335000	5.933504e-03
22.340000	5.413081e-03
22.345000	4.910298e-03
22.350000	4.425274e-03
22.355000	3.947583e-03
22.360000	3.462171e-03
22.365000	2.958209e-03
22.370000	2.427929e-03
22.375000	1.877303e-03
22.380000	1.334581e-03
22.385000	8.599725e-04
22.390000	5.371141e-04
22.395000	4.495067e-04
22.400000	6.333109e-04
22.405000	1.046273e-03
22.410000	1.605751e-03
22.415000	2.232052e-03
22.420000	2.867444e-03
22.425000	3.482771e-03
22.430000	4.071871e-03
22.435000	4.645015e-03
22.440000	5.218015e-03
22.445000	5.803629e-03
22.450000	6.400755e-03
22.455000	6.987008e-03
22.460000	7.510406e-03
22.465000	7.893827e-03
22.470000	8.051374e-03
22.475000	7.941535e-03
22.480000	7.573609e-03
22.485000	6.827424e-03
22.490000	5.376814e-03
22.495000	3.146742e-03
22.500000	6.869030e-04
22.505000	9.852090e-05
22.510000	-1.221203e-03
22.515000	-1.986483e-03
22.520000	-2.459253e-03
22.525000	-2.866921e-03
22.530000	-3.333324e-03
22.535000	-3.866417e-03
22.540000	-4.367405e-03
22.545000	-4.661220e-03
22.550000	-4.563306e-03
22.555000	-3.970645e-03
22.560000	-2.938378e-03
22.565000	-1.611359e-03
22.570000	-1.411482e-04
22.575000	1.356623e-03
22.580000	2.815973e-03
22.585000	4.217465e-03
22.590000	5.575715e-03
22.595000	6.922329e-03
22.600000	8.285605e-03
22.605000	9.683633e-03
22.610000	1.110986e-02
22.615000	1.253050e-02
22.620000	1.387449e-02
22.625000	1.503964e-02
22.630000	1.592179e-02
22.635000	1.646207e-02
22.640000	1.669976e-02
22.645000	1.672888e-02
22.650000	1.663720e-02
22.655000	1.649245e-02
22.660000	1.634018e-02
22.665000	1.620229e-02
22.670000	1.608068e-02
22.675000	1.596649e-02
22.680000	1.584977e-02
22.685000	1.573054e-02
22.690000	1.560990e-02
22.695000	1.549568e-02
22.700000	1.539580e-02
22.705000	1.531801e-02
22.710000	1.525536e-02
22.715000	1.517647e-02
22.720000	1.501856e-02
22.725000	1.469286e-02
22.730000	1.411525e-02
22.735000	1.324185e-02
22.740000	1.211237e-02
22.745000	1.081885e-02
22.750000	9.442808e-03
22.755000	8.048647e-03
22.760000	6.674204e-03
22.765000	5.336343e-03
22.770000	4.036568e-03
22.775000	2.767484e-03
22.780000	1.514358e-03
22.785000	2.576592e-04
22.790000	-1.023397e-03
22.795000	-2.338704e-03
22.800000	-3.680917e-03
22.805000	-5.008766e-03
22.810000	-6.238580e-03
22.815000	-7.243289e-03
22.820000	-7.867051e-03
22.825000	-7.915339e-03
22.830000	-7.191064e-03
22.835000	-5.618069e-03
22.840000	-3.366544e-03
22.845000	-7.570732e-04
22.850000	1.850690e-03
22.855000	4.123616e-03
22.860000	5.800182e-03
22.865000	6.774421e-03
22.870000	7.150564e-03
22.875000	7.108284e-03
22.880000	6.766375e-03
22.885000	6.137426e-03
22.890000	5.154767e-03
22.895000	3.766769e-03
22.900000	2.081435e-03
22.905000	4.539145e-04
22.910000	-6.849801e-04
22.915000	-1.113682e-03
22.920000	-9.564866e-04
22.925000	-2.534889e-04
22.930000	1.349977e-03
22.935000	4.077831e-03
22.940000	7.473668e-03
22.945000	1.069734e-02
22.950000	1.306724e-02
22.955000	1.441013e-02
22.960000	1.492107e-02
22.965000	1.492252e-02
22.970000	1.471339e-02
22.975000	1.450455e-02
22.980000	1.439601e-02
22.985000	1.440502e-02
22.990000	1.449322e-02
22.995000	1.460557e-02
23.000000	1.469293e-02
23.005000	1.473931e-02
23.010000	1.475412e-02
23.015000	1.477530e-02
23.020000	1.484389e-02
23.025000	1.498797e-02
23.030000	1.518521e-02
23.035000	1.533818e-02
23.040000	1.524921e-02
23.045000	1.463400e-02
23.050000	1.319338e-02
23.055000	1.077707e-02
23.060000	7.543749e-03
23.065000	3.883211e-03
23.070000	3.040159e-04
23.075000	-2.652501e-03
23.080000	-4.486398e-03
23.085000	-4.747542e-03
23.090000	-3.151361e-03
23.095000	1.615321e-04
23.100000	4.224035e-03
23.105000	7.213577e-03
23.110000	8.002939e-03
23.115000	7.399588e-03
23.120000	6.810874e-03
23.125000	6.691323e-03
23.130000	6.605394e-03
23.135000	5.794931e-03
23.140000	3.824364e-03
23.145000	1.040196e-03
23.150000	-1.766283e-03
23.155000	-3.916293e-03
23.160000	-5.212782e-03
23.165000	-5.811710e-03
23.170000	-5.983350e-03
23.175000	-5.953132e-03
23.180000	-5.809668e-03
23.185000	-5.481989e-03
23.190000	-4.785113e-03
23.195000	-3.521020e-03
23.200000	-1.646772e-03
23.205000	5.999652e-04
23.210000	2.822029e-03
23.215000	4.659355e-03
23.220000	5.911812e-03
23.225000	6.506413e-03
23.230000	6.452220e-03
23.235000	5.861426e-03
23.240000	5.052310e-03
23.245000	4.504882e-03
23.250000	4.087329e-03
23.255000	2.678513e-03
23.260000	-2.669412e-04
23.265000	-3.420779e-03
23.270000	-5.092694e-03
23.275000	-4.947155e-03
23.280000	-3.728344e-03
23.285000	-2.492883e-03
23.290000	-1.947901e-03
23.295000	-2.051051e-03
23.300000	-2.327522e-03
23.305000	-2.392752e-03
23.310000	-2.287039e-03
23.315000	-2.328469e-03
23.320000	-2.788139e-03
23.325000	-3.650678e-03
23.330000	-4.657217e-03
23.335000	-5.430254e-03
23.340000	-5.602253e-03
23.345000	-4.980905e-03
23.350000	-3.676257e-03
23.355000	-1.988835e-03
23.360000	-2.702521e-04
23.365000	1.162931e-03
23.370000	2.100186e-03
23.375000	2.507759e-03
23.380000	2.612885e-03
23.385000	2.890383e-03
23.390000	3.625305e-03
23.395000	4.562046e-03
23.400000	5.158757e-03
23.405000	5.046964e-03
23.410000	4.328116e-03
23.415000	3.397496e-03
23.420000	2.641222e-03
23.425000	2.234765e-03
23.430000	2.161560e-03
23.435000	2.299476e-03
23.440000	2.471000e-03
23.445000	2.498053e-03
23.450000	2.235904e-03
23.455000	1.628240e-03
23.460000	7.328027e-04
23.465000	-3.379465e-04
23.470000	-1.484272e-03
23.475000	-2.654083e-03
23.480000	-3.848648e-03
23.485000	-5.103382e-03
23.490000	-6.456610e-03
23.495000	-7.909939e-03
23.500000	-9.424154e-03
23.505000	-1.092268e-02
23.510000	-1.229254e-02
23.515000	-1.339335e-02
23.520000	-1.409576e-02
23.525000	-1.434306e-02
23.530000	-1.421088e-02
23.535000	-1.383358e-02
23.540000	-1.334312e-02
23.545000	-1.283545e-02
23.550000	-1.236273e-02
23.555000	-1.194044e-02
23.560000	-1.156071e-02
23.565000	-1.120616e-02
23.570000	-1.085628e-02
23.575000	-1.049630e-02
23.580000	-1.012311e-02
23.585000	-9.746247e-03
23.590000	-9.386312e-03
23.595000	-9.069417e-03
23.600000	-8.820851e-03
23.605000	-8.651566e-03
23.610000	-8.549596e-03
23.615000	-8.490251e-03
23.620000	-8.450306e-03
23.625000	-8.412241e-03
23.630000	-8.367509e-03
23.635000	-8.313612e-03
23.640000	-8.253311e-03
23.645000	-8.190956e-03
23.650000	-8.131443e-03
23.655000	-8.077166e-03
23.660000	-8.027811e-03
23.665000	-7.977790e-03
23.670000	-7.917109e-03
23.675000	-7.831299e-03
23.680000	-7.706354e-03
23.685000	-7.534897e-03
23.690000	-7.324310e-03
23.695000	-7.091120e-03
23.700000	-6.855838e-03
23.705000	-6.634841e-03
23.710000	-6.439983e-03
23.715000	-6.276063e-03
23.720000	-6.140969e-03
23.725000	-6.025625e-03
23.730000	-5.917434e-03
23.735000	-5.803352e-03
23.740000	-5.672850e-03
23.745000	-5.522022e-03
23.750000	-5.357404e-03
23.755000	-5.197891e-03
23.760000	-5.080977e-03
23.765000	-5.056891e-03
23.770000	-5.175945e-03
23.775000	-5.462409e-03
23.780000	-5.890123e-03
23.785000	-6.398762e-03
23.790000	-6.918552e-03
23.795000	-7.377007e-03
23.800000	-7.705366e-03
23.805000	-7.848381e-03
23.810000	-7.787390e-03
23.815000	-7.560464e-03
23.820000	-7.232182e-03
23.825000	-6.862060e-03
23.830000	-6.492035e-03
23.835000	-6.144556e-03
23.840000	-5.824847e-03
23.845000	-5.526451e-03
23.850000	-5.240149e-03
23.855000	-4.958047e-03
23.860000	-4.677242e-03
23.865000	-4.396834e-03
23.870000	-4.119443e-03
23.875000	-3.850913e-03
23.880000	-3.601648e-03
23.885000	-3.383028e-03
23.890000	-3.201242e-03
23.895000	-3.052566e-03
23.900000	-2.929554e-03
23.905000	-2.821443e-03
23.910000	-2.715025e-03
23.915000	-2.596258e-03
23.920000	-2.453630e-03
23.925000	-2.283588e-03
23.930000	-2.097623e-03
23.935000	-1.927244e-03
23.940000	-1.829611e-03
23.945000	-1.879005e-03
23.950000	-2.146055e-03
23.955000	-2.656330e-03
23.960000	-3.355828e-03
23.965000	-4.142907e-03
23.970000	-4.904517e-03
23.975000	-5.534505e-03
23.980000	-5.954406e-03
23.985000	-6.137128e-03
23.990000	-6.125262e-03
23.995000	-5.992272e-03
24.000000	-5.805285e-03
24.005000	-5.610754e-03
24.010000	-5.433466e-03
24.015000	-5.279097e-03
24.020000	-5.143827e-03
24.025000	-5.021395e-03
24.030000	-4.907106e-03
24.035000	-4.795966e-03
24.040000	-4.683327e-03
24.045000	-4.560756e-03
24.050000	-4.414262e-03
24.055000	-4.225330e-03
24.060000	-3.977188e-03
24.065000	-3.664927e-03
24.070000	-3.303164e-03
24.075000	-2.914939e-03
24.080000	-2.522403e-03
24.085000	-2.140511e-03
24.090000	-1.777073e-03
24.095000	-1.433558e-03
24.100000	-1.107163e-03
24.105000	-7.937090e-04
24.110000	-4.901000e-04
24.115000	-1.965332e-04
24.120000	8.027308e-05
24.125000	3.271055e-04
24.130000	5.254723e-04
24.135000	6.582305e-04
24.140000	7.193342e-04
24.145000	7.230219e-04
24.150000	6.928546e-04
24.155000	6.496879e-04
24.160000	6.069200e-04
24.165000	5.708435e-04
24.170000	5.422793e-04
24.175000	5.196354e-04
24.180000	5.007649e-04
24.185000	4.847261e-04
24.190000	4.704803e-04
24.195000	4.576884e-04
24.200000	4.464354e-04
24.205000	4.377146e-04
24.210000	4.328683e-04
24.215000	4.336781e-04
24.220000	4.408256e-04
24.225000	4.529087e-04
24.230000	4.677880e-04
24.235000	4.840259e-04
24.240000	5.006131e-04
24.245000	5.173206e-04
24.250000	5.340518e-04
24.255000	5.510637e-04
24.260000	5.684530e-04
24.265000	5.864903e-04
24.270000	6.052025e-04
24.275000	6.248634e-04
24.280000	6.455295e-04
24.285000	6.676220e-04
24.290000	6.922908e-04
24.295000	7.212278e-04
24.300000	7.551820e-04
24.305000	7.933380e-04
24.310000	8.337448e-04
24.315000	8.743807e-04
24.320000	9.133276e-04
24.325000	9.498891e-04
24.330000	9.842105e-04
24.335000	1.017042e-03
24.340000	1.049159e-03
24.345000	1.081749e-03
24.350000	1.115491e-03
24.355000	1.149828e-03
24.360000	1.181864e-03
24.365000	1.206569e-03
24.370000	1.217720e-03
24.375000	1.210021e-03
24.380000	1.182046e-03
24.385000	1.138967e-03
24.390000	1.089106e-03
24.395000	1.040814e-03
24.400000	1.001084e-03
24.405000	9.752257e-04
24.410000	9.662108e-04
24.415000	9.740295e-04
24.420000	9.944055e-04
24.425000	1.021564e-03
24.430000	1.050902e-03
24.435000	1.079504e-03
24.440000	1.106256e-03
24.445000	1.131359e-03
24.450000	1.155531e-03
24.455000	1.180472e-03
24.460000	1.207933e-03
24.465000	1.239274e-03
24.470000	1.274522e-03
24.475000	1.312391e-03
24.480000	1.350954e-03
24.485000	1.388623e-03
24.490000	1.424084e-03
24.495000	1.456886e-03
24.500000	1.486726e-03
24.505000	1.513503e-03
24.510000	1.537088e-03
24.515000	1.557729e-03
24.520000	1.576064e-03
24.525000	1.593239e-03
24.530000	1.610874e-03
24.535000	1.631014e-03
24.540000	1.655252e-03
24.545000	1.683729e-03
24.550000	1.714193e-03
24.555000	1.743693e-03
24.560000	1.769802e-03
24.565000	1.791192e-03
24.570000	1.807549e-03
24.575000	1.819389e-03
24.580000	1.827589e-03
24.585000	1.833034e-03
24.590000	1.836132e-03
24.595000	1.836507e-03
24.600000	1.832776e-03
24.605000	1.822686e-03
24.610000	1.803616e-03
24.615000	1.773670e-03
24.620000	1.733261e-03
24.625000	1.685990e-03
24.630000	1.636319e-03
24.635000	1.587786e-03
24.640000	1.542452e-03
24.645000	1.501115e-03
24.650000	1.463728e-03
24.655000	1.429901e-03
24.660000	1.399197e-03
24.665000	1.371317e-03
24.670000	1.346037e-03
24.675000	1.323213e-03
24.680000	1.302851e-03
24.685000	1.285150e-03
24.690000	1.270243e-03
24.695000	1.257816e-03
24.700000	1.246900e-03
24.705000	1.236402e-03
24.710000	1.225503e-03
24.715000	1.213708e-03
24.720000	1.200785e-03
24.725000	1.186629e-03
24.730000	1.171194e-03
24.735000	1.154427e-03
24.740000	1.136323e-03
24.745000	1.117034e-03
24.750000	1.096893e-03
24.755000	1.076260e-03
24.760000	1.055377e-03
24.765000	1.034384e-03
24.770000	1.013353e-03
24.775000	9.923310e-04
24.780000	9.713594e-04
24.785000	9.504764e-04
24.790000	9.296796e-04
24.795000	9.088772e-04
24.800000	8.878883e-04
24.805000	8.665353e-04
24.810000	8.447117e-04
24.815000	8.223770e-04
24.820000	7.995427e-04
24.825000	7.762474e-04
24.830000	7.525379e-04
24.835000	7.284599e-04
24.840000	7.040505e-04
24.845000	6.793389e-04
24.850000	6.543465e-04
24.855000	6.290913e-04
24.860000	6.035885e-04
24.865000	5.778572e-04
24.870000	5.519179e-04
24.875000	5.257986e-04
24.880000	4.995292e-04
24.885000	4.731354e-04
24.890000	4.466351e-04
24.895000	4.200398e-04
24.900000	3.933567e-04
24.905000	3.665928e-04
24.910000	3.397535e-04
24.915000	3.128445e-04
24.920000	2.858712e-04
24.925000	2.588395e-04
24.930000	2.317543e-04
24.935000	2.046205e-04
24.940000	1.774425e-04
24.945000	1.502251e-04
24.950000	1.229732e-04
24.955000	9.569193e-05
24.960000	6.838609e-05
24.965000	4.105979e-05
24.970000	1.371649e-05
24.975000	-1.364082e-05
24.980000	-4.100923e-05
24.985000	-6.838571e-05
24.990000	-9.576701e-05
24.995000	-1.231500e-04
25.000000	-1.505317e-04
