0.000000	9.004721e-04
0.005000	9.054497e-04
0.010000	9.107958e-04
0.015000	9.162613e-04
0.020000	9.230104e-04
0.025000	9.308759e-04
0.030000	9.400359e-04
0.035000	9.483104e-04
0.040000	9.551344e-04
0.045000	9.596449e-04
0.050000	9.632669e-04
0.055000	9.689584e-04
0.060000	9.793674e-04
0.065000	9.951849e-04
0.070000	1.016723e-03
0.075000	1.040911e-03
0.080000	1.063798e-03
0.085000	1.081981e-03
0.090000	1.091219e-03
0.095000	1.090972e-03
0.100000	1.087436e-03
0.105000	1.090277e-03
0.110000	1.104297e-03
0.115000	1.131995e-03
0.120000	1.166729e-03
0.125000	1.186846e-03
0.130000	1.176693e-03
0.135000	1.140865e-03
0.140000	1.104695e-03
0.145000	1.065993e-03
0.150000	1.030765e-03
0.155000	1.031224e-03
0.160000	1.094403e-03
0.165000	1.199094e-03
0.170000	1.315867e-03
0.175000	1.432378e-03
0.180000	1.508566e-03
0.185000	1.527907e-03
0.190000	1.505666e-03
0.195000	1.464298e-03
0.200000	1.429602e-03
0.205000	1.423089e-03
0.210000	1.480665e-03
0.215000	1.603772e-03
0.220000	1.776804e-03
0.225000	1.964604e-03
0.230000	2.123948e-03
0.235000	2.205435e-03
0.240000	2.168964e-03
0.245000	2.007374e-03
0.250000	1.747123e-03
0.255000	1.454962e-03
0.260000	1.242114e-03
0.265000	1.206127e-03
0.270000	1.330876e-03
0.275000	1.567482e-03
0.280000	1.826341e-03
0.285000	2.025408e-03
0.290000	2.106109e-03
0.295000	1.997822e-03
0.300000	1.686118e-03
0.305000	1.262237e-03
0.310000	8.494639e-04
0.315000	6.572260e-04
0.320000	8.054968e-04
0.325000	1.297025e-03
0.330000	2.055619e-03
0.335000	2.928313e-03
0.340000	3.721161e-03
0.345000	4.321410e-03
0.350000	4.667402e-03
0.355000	4.745314e-03
0.360000	4.516606e-03
0.365000	3.984548e-03
0.370000	3.185517e-03
0.375000	2.144155e-03
0.380000	1.016581e-03
0.385000	-9.295094e-05
0.390000	-1.110067e-03
0.395000	-1.931381e-03
0.400000	-2.457572e-03
0.405000	-2.610502e-03
0.410000	-2.379676e-03
0.415000	-1.851138e-03
0.420000	-1.081113e-03
0.425000	-7.326485e-05
0.430000	1.131369e-03
0.435000	2.374306e-03
0.440000	3.523812e-03
0.445000	4.432790e-03
0.450000	4.816168e-03
0.455000	4.483035e-03
0.460000	3.394954e-03
0.465000	1.907228e-03
0.470000	4.718115e-04
0.475000	-3.660229e-04
0.480000	-3.816061e-04
0.485000	4.893949e-04
0.490000	1.632308e-03
0.495000	2.730776e-03
0.500000	3.717871e-03
0.505000	4.368287e-03
0.510000	4.353573e-03
0.515000	3.423762e-03
0.520000	1.749502e-03
0.525000	-4.043702e-04
0.530000	-2.982717e-03
0.535000	-5.360815e-03
0.540000	-7.147175e-03
0.545000	-8.099356e-03
0.550000	-7.718410e-03
0.555000	-5.766729e-03
0.560000	-2.584714e-03
0.565000	1.703835e-03
0.570000	6.410398e-03
0.575000	1.075562e-02
0.580000	1.424113e-02
0.585000	1.653300e-02
0.590000	1.724643e-02
0.595000	1.598900e-02
0.600000	1.318943e-02
0.605000	9.546698e-03
0.610000	5.883659e-03
0.615000	3.147595e-03
0.620000	1.560276e-03
0.625000	8.069496e-04
0.630000	7.927346e-04
0.635000	1.274513e-03
0.640000	1.955361e-03
0.645000	2.833056e-03
0.650000	3.776074e-03
0.655000	4.631221e-03
0.660000	5.513720e-03
0.665000	6.610258e-03
0.670000	8.225497e-03
0.675000	1.028387e-02
0.680000	1.253817e-02
0.685000	1.464860e-02
0.690000	1.616515e-02
0.695000	1.699061e-02
0.700000	1.707245e-02
0.705000	1.623742e-02
0.710000	1.438809e-02
0.715000	1.165089e-02
0.720000	8.658853e-03
0.725000	6.139929e-03
0.730000	4.498419e-03
0.735000	3.582002e-03
0.740000	3.077292e-03
0.745000	2.695502e-03
0.750000	2.403616e-03
0.755000	2.464141e-03
0.760000	2.870818e-03
0.765000	3.452197e-03
0.770000	4.034909e-03
0.775000	4.511624e-03
0.780000	4.735056e-03
0.785000	4.758890e-03
0.790000	4.697312e-03
0.795000	4.572015e-03
0.800000	4.436365e-03
0.805000	4.465822e-03
0.810000	4.842622e-03
0.815000	5.812643e-03
0.820000	7.707638e-03
0.825000	1.102531e-02
0.830000	1.577339e-02
0.835000	2.128214e-02
0.840000	2.675069e-02
0.845000	3.112796e-02
0.850000	3.332878e-02
0.855000	3.252276e-02
0.860000	2.749665e-02
0.865000	1.817630e-02
0.870000	4.949663e-03
0.875000	-8.201122e-03
0.880000	-1.711568e-02
0.885000	-2.120240e-02
0.890000	-2.165560e-02
0.895000	-1.907750e-02
0.900000	-1.374020e-02
0.905000	-6.214219e-03
0.910000	3.692809e-03
0.915000	1.469152e-02
0.920000	2.558492e-02
0.925000	3.519774e-02
0.930000	4.210812e-02
0.935000	4.703370e-02
0.940000	4.970422e-02
0.945000	4.926602e-02
0.950000	4.516462e-02
0.955000	3.626010e-02
0.960000	2.125794e-02
0.965000	2.325125e-03
0.970000	-1.456574e-02
0.975000	-2.346633e-02
0.980000	-2.532827e-02
0.985000	-2.270139e-02
0.990000	-1.663193e-02
0.995000	-9.048421e-03
1.000000	-1.167108e-03
1.005000	6.365318e-03
1.010000	1.394631e-02
1.015000	2.088197e-02
1.020000	2.738132e-02
1.025000	3.320354e-02
1.030000	3.737835e-02
1.035000	3.803618e-02
1.040000	3.373366e-02
1.045000	2.558666e-02
1.050000	1.472624e-02
1.055000	2.608693e-03
1.060000	-7.710027e-03
1.065000	-1.498014e-02
1.070000	-1.961161e-02
1.075000	-2.178368e-02
1.080000	-2.038690e-02
1.085000	-1.555574e-02
1.090000	-1.006459e-02
1.095000	-5.401069e-03
1.100000	-1.707412e-03
1.105000	7.563477e-04
1.110000	2.441265e-03
1.115000	4.266910e-03
1.120000	6.868052e-03
1.125000	1.016589e-02
1.130000	1.322142e-02
1.135000	1.473042e-02
1.140000	1.351936e-02
1.145000	1.075266e-02
1.150000	8.355581e-03
1.155000	6.565487e-03
1.160000	5.763628e-03
1.165000	6.764334e-03
1.170000	9.618200e-03
1.175000	1.333963e-02
1.180000	1.706472e-02
1.185000	1.970911e-02
1.190000	1.965069e-02
1.195000	1.606519e-02
1.200000	1.127111e-02
1.205000	6.087591e-03
1.210000	8.361938e-04
1.215000	-2.998997e-03
1.220000	-2.726948e-03
1.225000	3.995591e-03
1.230000	1.559300e-02
1.235000	3.085498e-02
1.240000	4.717474e-02
1.245000	6.003874e-02
1.250000	6.838724e-02
1.255000	7.160046e-02
1.260000	6.826348e-02
1.265000	5.970206e-02
1.270000	4.872428e-02
1.275000	3.696512e-02
1.280000	2.599836e-02
1.285000	1.739152e-02
1.290000	1.072177e-02
1.295000	5.052001e-03
1.300000	8.157381e-04
1.305000	-3.277065e-04
1.310000	2.489724e-03
1.315000	8.354166e-03
1.320000	1.554019e-02
1.325000	2.358521e-02
1.330000	3.153027e-02
1.335000	3.724843e-02
1.340000	4.029153e-02
1.345000	3.920179e-02
1.350000	3.491895e-02
1.355000	3.028155e-02
1.360000	2.581096e-02
1.365000	2.241914e-02
1.370000	2.244418e-02
1.375000	2.678766e-02
1.380000	3.258025e-02
1.385000	3.857856e-02
1.390000	4.423576e-02
1.395000	4.727233e-02
1.400000	4.398909e-02
1.405000	3.238439e-02
1.410000	1.299454e-02
1.415000	-1.227310e-02
1.420000	-3.493099e-02
1.425000	-4.946410e-02
1.430000	-5.390120e-02
1.435000	-5.204222e-02
1.440000	-4.679819e-02
1.445000	-3.847639e-02
1.450000	-2.888039e-02
1.455000	-1.877931e-02
1.460000	-9.332272e-03
1.465000	-6.314233e-04
1.470000	7.325505e-03
1.475000	1.463311e-02
1.480000	2.154613e-02
1.485000	2.793813e-02
1.490000	3.396209e-02
1.495000	3.916992e-02
1.500000	4.360989e-02
1.505000	4.794949e-02
1.510000	5.186255e-02
1.515000	5.400745e-02
1.520000	5.329033e-02
1.525000	5.086358e-02
1.530000	4.841322e-02
1.535000	4.604309e-02
1.540000	4.350481e-02
1.545000	4.117206e-02
1.550000	3.911073e-02
1.555000	3.780578e-02
1.560000	3.842688e-02
1.565000	4.085285e-02
1.570000	4.464109e-02
1.575000	5.036650e-02
1.580000	5.792852e-02
1.585000	6.486553e-02
1.590000	6.789446e-02
1.595000	6.372914e-02
1.600000	5.388438e-02
1.605000	4.255516e-02
1.610000	3.290104e-02
1.615000	2.653736e-02
1.620000	2.366468e-02
1.625000	2.403241e-02
1.630000	2.782714e-02
1.635000	3.309108e-02
1.640000	3.716497e-02
1.645000	3.912943e-02
1.650000	3.756128e-02
1.655000	3.260069e-02
1.660000	2.646818e-02
1.665000	1.963021e-02
1.670000	1.286935e-02
1.675000	6.704397e-03
1.680000	1.471138e-03
1.685000	-1.671303e-03
1.690000	-8.176325e-04
1.695000	3.893538e-03
1.700000	1.131554e-02
1.705000	2.135630e-02
1.710000	3.384800e-02
1.715000	4.768447e-02
1.720000	5.971147e-02
1.725000	6.714653e-02
1.730000	6.784553e-02
1.735000	6.119574e-02
1.740000	4.907097e-02
1.745000	3.417368e-02
1.750000	1.636063e-02
1.755000	-2.707178e-03
1.760000	-2.144569e-02
1.765000	-3.702956e-02
1.770000	-4.753314e-02
1.775000	-5.144447e-02
1.780000	-5.116027e-02
1.785000	-4.547979e-02
1.790000	-3.403149e-02
1.795000	-1.859853e-02
1.800000	-2.229725e-03
1.805000	1.290230e-02
1.810000	2.748401e-02
1.815000	4.203175e-02
1.820000	5.671351e-02
1.825000	7.108481e-02
1.830000	8.437127e-02
1.835000	9.495896e-02
1.840000	1.021466e-01
1.845000	1.043045e-01
1.850000	1.014847e-01
1.855000	9.517570e-02
1.860000	8.672921e-02
1.865000	7.683409e-02
1.870000	6.623566e-02
1.875000	5.575182e-02
1.880000	4.752659e-02
1.885000	4.213747e-02
1.890000	3.987397e-02
1.895000	4.156707e-02
1.900000	4.604597e-02
1.905000	4.982713e-02
1.910000	5.044636e-02
1.915000	4.689204e-02
1.920000	3.972103e-02
1.925000	2.967908e-02
1.930000	1.585996e-02
1.935000	2.899829e-04
1.940000	-1.359807e-02
1.945000	-2.256370e-02
1.950000	-2.437820e-02
1.955000	-1.905227e-02
1.960000	-8.351932e-03
1.965000	5.460213e-03
1.970000	2.062530e-02
1.975000	3.596046e-02
1.980000	4.980218e-02
1.985000	6.104714e-02
1.990000	6.821348e-02
1.995000	6.787299e-02
2.000000	5.824113e-02
2.005000	3.927023e-02
2.010000	1.409108e-02
2.015000	-1.124396e-02
2.020000	-3.307217e-02
2.025000	-4.688466e-02
2.030000	-5.298097e-02
2.035000	-5.319659e-02
2.040000	-4.880732e-02
2.045000	-4.167836e-02
2.050000	-3.375250e-02
2.055000	-2.583252e-02
2.060000	-2.004775e-02
2.065000	-1.729094e-02
2.070000	-1.931918e-02
2.075000	-2.558052e-02
2.080000	-3.393861e-02
2.085000	-4.264670e-02
2.090000	-5.082570e-02
2.095000	-5.699316e-02
2.100000	-6.055876e-02
2.105000	-5.952534e-02
2.110000	-5.328558e-02
2.115000	-4.323648e-02
2.120000	-2.923424e-02
2.125000	-1.222230e-02
2.130000	2.947375e-03
2.135000	1.333931e-02
2.140000	1.940418e-02
2.145000	2.049180e-02
2.150000	1.641439e-02
2.155000	9.174715e-03
2.160000	3.861026e-03
2.165000	3.849073e-03
2.170000	1.041332e-02
2.175000	2.149653e-02
2.180000	3.431702e-02
2.185000	4.809075e-02
2.190000	5.913099e-02
2.195000	6.562254e-02
2.200000	6.686447e-02
2.205000	6.216534e-02
2.210000	5.198784e-02
2.215000	3.765984e-02
2.220000	2.148973e-02
2.225000	6.118028e-03
2.230000	-6.719108e-03
2.235000	-1.630742e-02
2.240000	-2.293286e-02
2.245000	-2.811431e-02
2.250000	-3.056001e-02
2.255000	-2.954197e-02
2.260000	-2.515597e-02
2.265000	-1.651099e-02
2.270000	-8.399883e-04
2.275000	2.096075e-02
2.280000	4.491966e-02
2.285000	6.842781e-02
2.290000	8.487551e-02
2.295000	9.352874e-02
2.300000	9.551336e-02
2.305000	9.291075e-02
2.310000	8.664908e-02
2.315000	7.779419e-02
2.320000	6.686055e-02
2.325000	5.327119e-02
2.330000	3.814889e-02
2.335000	2.181950e-02
2.340000	5.290158e-03
2.345000	-9.210506e-03
2.350000	-2.216663e-02
2.355000	-3.351155e-02
2.360000	-4.289900e-02
2.365000	-4.872094e-02
2.370000	-4.949146e-02
2.375000	-4.456659e-02
2.380000	-3.487108e-02
2.385000	-2.116341e-02
2.390000	-4.429074e-03
2.395000	1.144602e-02
2.400000	2.612406e-02
2.405000	4.209017e-02
2.410000	5.976819e-02
2.415000	7.703889e-02
2.420000	9.133869e-02
2.425000	1.011140e-01
2.430000	1.047060e-01
2.435000	9.941010e-02
2.440000	8.536986e-02
2.445000	6.451253e-02
2.450000	3.977870e-02
2.455000	1.544989e-02
2.460000	-7.917110e-03
2.465000	-2.644928e-02
2.470000	-3.657120e-02
2.475000	-3.463936e-02
2.480000	-2.141911e-02
2.485000	-1.220323e-03
2.490000	2.304147e-02
2.495000	4.941983e-02
2.500000	7.516112e-02
2.505000	9.541411e-02
2.510000	1.104627e-01
2.515000	1.168859e-01
2.520000	1.167877e-01
2.525000	1.119642e-01
2.530000	1.047938e-01
2.535000	9.703645e-02
2.540000	8.794203e-02
2.545000	7.777367e-02
2.550000	6.622383e-02
2.555000	5.308455e-02
2.560000	3.879075e-02
2.565000	2.245858e-02
2.570000	5.073518e-03
2.575000	-1.294479e-02
2.580000	-3.055193e-02
2.585000	-4.636932e-02
2.590000	-5.931392e-02
2.595000	-6.903101e-02
2.600000	-7.391752e-02
2.605000	-7.363159e-02
2.610000	-6.760831e-02
2.615000	-5.485896e-02
2.620000	-3.190664e-02
2.625000	1.221818e-03
2.630000	3.699980e-02
2.635000	6.871824e-02
2.640000	9.171135e-02
2.645000	1.019334e-01
2.650000	9.977649e-02
2.655000	8.603196e-02
2.660000	6.416688e-02
2.665000	3.921962e-02
2.670000	1.816662e-02
2.675000	3.526435e-03
2.680000	-3.608152e-03
2.685000	-7.342670e-03
2.690000	-1.061500e-02
2.695000	-1.404326e-02
2.700000	-1.855251e-02
2.705000	-2.506518e-02
2.710000	-3.500069e-02
2.715000	-5.055736e-02
2.720000	-7.255815e-02
2.725000	-9.969782e-02
2.730000	-1.253748e-01
2.735000	-1.448894e-01
2.740000	-1.528044e-01
2.745000	-1.490316e-01
2.750000	-1.344342e-01
2.755000	-1.139509e-01
2.760000	-9.007616e-02
2.765000	-6.284368e-02
2.770000	-3.530721e-02
2.775000	-1.392372e-02
2.780000	-1.786045e-03
2.785000	2.258149e-03
2.790000	-4.769769e-03
2.795000	-2.451360e-02
2.800000	-5.614152e-02
2.805000	-9.441724e-02
2.810000	-1.262082e-01
2.815000	-1.543070e-01
2.820000	-1.788459e-01
2.825000	-1.948567e-01
2.830000	-2.043100e-01
2.835000	-2.092574e-01
2.840000	-2.113212e-01
2.845000	-2.099340e-01
2.850000	-2.068819e-01
2.855000	-2.032883e-01
2.860000	-1.996463e-01
2.865000	-1.961535e-01
2.870000	-1.935560e-01
2.875000	-1.900914e-01
2.880000	-1.856703e-01
2.885000	-1.806788e-01
2.890000	-1.777665e-01
2.895000	-1.787780e-01
2.900000	-1.835233e-01
2.905000	-1.902837e-01
2.910000	-1.978476e-01
2.915000	-2.075529e-01
2.920000	-2.177788e-01
2.925000	-2.254009e-01
2.930000	-2.304146e-01
2.935000	-2.336875e-01
2.940000	-2.370804e-01
2.945000	-2.410890e-01
2.950000	-2.452289e-01
2.955000	-2.499084e-01
2.960000	-2.562113e-01
2.965000	-2.643219e-01
2.970000	-2.738747e-01
2.975000	-2.827113e-01
2.980000	-2.883379e-01
2.985000	-2.888838e-01
2.990000	-2.832463e-01
2.995000	-2.735380e-01
3.000000	-2.620954e-01
3.005000	-2.491872e-01
3.010000	-2.396786e-01
3.015000	-2.351932e-01
3.020000	-2.374705e-01
3.025000	-2.450337e-01
3.030000	-2.590467e-01
3.035000	-2.818838e-01
3.040000	-3.161774e-01
3.045000	-3.574082e-01
3.050000	-3.939397e-01
3.055000	-4.169233e-01
3.060000	-4.279956e-01
3.065000	-4.267998e-01
3.070000	-4.161496e-01
3.075000	-3.998501e-01
3.080000	-3.791119e-01
3.085000	-3.556471e-01
3.090000	-3.325693e-01
3.095000	-3.112108e-01
3.100000	-2.939595e-01
3.105000	-2.839139e-01
3.110000	-2.811054e-01
3.115000	-2.859202e-01
3.120000	-2.985433e-01
3.125000	-3.198979e-01
3.130000	-3.499944e-01
3.135000	-3.825834e-01
3.140000	-4.130546e-01
3.145000	-4.362241e-01
3.150000	-4.496280e-01
3.155000	-4.523656e-01
3.160000	-4.411259e-01
3.165000	-4.166188e-01
3.170000	-3.788256e-01
3.175000	-3.341872e-01
3.180000	-2.909155e-01
3.185000	-2.481491e-01
3.190000	-2.039122e-01
3.195000	-1.581777e-01
3.200000	-1.127020e-01
3.205000	-7.155330e-02
3.210000	-3.890475e-02
3.215000	-1.412370e-02
3.220000	1.111470e-02
3.225000	3.657889e-02
3.230000	6.280934e-02
3.235000	8.763800e-02
3.240000	1.105393e-01
3.245000	1.325975e-01
3.250000	1.546114e-01
3.255000	1.753986e-01
3.260000	1.943493e-01
3.265000	2.128628e-01
3.270000	2.314329e-01
3.275000	2.486312e-01
3.280000	2.631794e-01
3.285000	2.727206e-01
3.290000	2.752192e-01
3.295000	2.691479e-01
3.300000	2.554874e-01
3.305000	2.347040e-01
3.310000	2.090268e-01
3.315000	1.798271e-01
3.320000	1.464721e-01
3.325000	1.082856e-01
3.330000	6.780513e-02
3.335000	2.707790e-02
3.340000	-1.166750e-02
3.345000	-4.503492e-02
3.350000	-7.400715e-02
3.355000	-9.516987e-02
3.360000	-1.108246e-01
3.365000	-1.207439e-01
3.370000	-1.231684e-01
3.375000	-1.166465e-01
3.380000	-1.035565e-01
3.385000	-8.775780e-02
3.390000	-6.881752e-02
3.395000	-4.997772e-02
3.400000	-3.156957e-02
3.405000	-1.455036e-02
3.410000	2.350555e-03
3.415000	1.665810e-02
3.420000	2.835479e-02
3.425000	3.770839e-02
3.430000	4.285296e-02
3.435000	4.267320e-02
3.440000	3.807514e-02
3.445000	3.013941e-02
3.450000	2.021651e-02
3.455000	1.038701e-02
3.460000	-2.762895e-04
3.465000	-1.222876e-02
3.470000	-2.660664e-02
3.475000	-4.291506e-02
3.480000	-5.893322e-02
3.485000	-7.305081e-02
3.490000	-8.378081e-02
3.495000	-9.132278e-02
3.500000	-9.414024e-02
3.505000	-9.141458e-02
3.510000	-8.430169e-02
3.515000	-7.528327e-02
3.520000	-6.714884e-02
3.525000	-5.886994e-02
3.530000	-5.003856e-02
3.535000	-3.905184e-02
3.540000	-2.509939e-02
3.545000	-6.119712e-03
3.550000	1.681899e-02
3.555000	4.133893e-02
3.560000	6.420323e-02
3.565000	8.470894e-02
3.570000	1.030715e-01
3.575000	1.181837e-01
3.580000	1.315670e-01
3.585000	1.433271e-01
3.590000	1.555907e-01
3.595000	1.660977e-01
3.600000	1.738720e-01
3.605000	1.784388e-01
3.610000	1.789665e-01
3.615000	1.768886e-01
3.620000	1.745428e-01
3.625000	1.724310e-01
3.630000	1.702201e-01
3.635000	1.681303e-01
3.640000	1.663367e-01
3.645000	1.647485e-01
3.650000	1.624629e-01
3.655000	1.584648e-01
3.660000	1.513354e-01
3.665000	1.394198e-01
3.670000	1.217908e-01
3.675000	9.949213e-02
3.680000	7.719147e-02
3.685000	5.718209e-02
3.690000	3.795929e-02
3.695000	1.889293e-02
3.700000	-2.263155e-03
3.705000	-2.627174e-02
3.710000	-5.133143e-02
3.715000	-7.787059e-02
3.720000	-1.053465e-01
3.725000	-1.335789e-01
3.730000	-1.631587e-01
3.735000	-1.923865e-01
3.740000	-2.200671e-01
3.745000	-2.475419e-01
3.750000	-2.725586e-01
3.755000	-2.867501e-01
3.760000	-2.945112e-01
3.765000	-2.982331e-01
3.770000	-2.942810e-01
3.775000	-2.763447e-01
3.780000	-2.408455e-01
3.785000	-1.926075e-01
3.790000	-1.438894e-01
3.795000	-9.626639e-02
3.800000	-4.837099e-02
3.805000	-2.710382e-03
3.810000	3.560402e-02
3.815000	6.233854e-02
3.820000	8.046783e-02
3.825000	9.404883e-02
3.830000	1.042313e-01
3.835000	1.107236e-01
3.840000	1.117450e-01
3.845000	1.077808e-01
3.850000	9.938459e-02
3.855000	8.739081e-02
3.860000	7.284054e-02
3.865000	5.779710e-02
3.870000	4.590876e-02
3.875000	3.761015e-02
3.880000	3.277569e-02
3.885000	3.303390e-02
3.890000	4.110433e-02
3.895000	5.703520e-02
3.900000	8.142840e-02
3.905000	1.131237e-01
3.910000	1.496175e-01
3.915000	1.848894e-01
3.920000	2.194076e-01
3.925000	2.518475e-01
3.930000	2.803068e-01
3.935000	3.050274e-01
3.940000	3.235476e-01
3.945000	3.350285e-01
3.950000	3.365949e-01
3.955000	3.264618e-01
3.960000	3.044872e-01
3.965000	2.703293e-01
3.970000	2.265700e-01
3.975000	1.820684e-01
3.980000	1.442098e-01
3.985000	1.180732e-01
3.990000	1.019083e-01
3.995000	9.488196e-02
4.000000	9.511734e-02
4.005000	1.002872e-01
4.010000	1.071473e-01
4.015000	1.128863e-01
4.020000	1.168722e-01
4.025000	1.175405e-01
4.030000	1.154650e-01
4.035000	1.113896e-01
4.040000	1.060189e-01
4.045000	1.007988e-01
4.050000	9.525956e-02
4.055000	8.897053e-02
4.060000	8.238138e-02
4.065000	7.542796e-02
4.070000	6.819165e-02
4.075000	6.105048e-02
4.080000	5.464840e-02
4.085000	4.971027e-02
4.090000	4.851554e-02
4.095000	5.308269e-02
4.100000	6.179074e-02
4.105000	7.316490e-02
4.110000	8.684744e-02
4.115000	1.005012e-01
4.120000	1.121927e-01
4.125000	1.207355e-01
4.130000	1.254775e-01
4.135000	1.262716e-01
4.140000	1.228705e-01
4.145000	1.168782e-01
4.150000	1.103280e-01
4.155000	1.036772e-01
4.160000	9.623435e-02
4.165000	8.828518e-02
4.170000	8.082997e-02
4.175000	7.470072e-02
4.180000	7.071412e-02
4.185000	6.872135e-02
4.190000	6.828377e-02
4.195000	6.960994e-02
4.200000	7.415865e-02
4.205000	8.410225e-02
4.210000	1.010024e-01
4.215000	1.228631e-01
4.220000	1.478664e-01
4.225000	1.729699e-01
4.230000	1.972398e-01
4.235000	2.207620e-01
4.240000	2.429350e-01
4.245000	2.623693e-01
4.250000	2.763516e-01
4.255000	2.832204e-01
4.260000	2.791103e-01
4.265000	2.614048e-01
4.270000	2.270089e-01
4.275000	1.760948e-01
4.280000	1.236803e-01
4.285000	8.393469e-02
4.290000	5.669176e-02
4.295000	4.483644e-02
4.300000	4.294775e-02
4.305000	4.644432e-02
4.310000	5.763592e-02
4.315000	7.694983e-02
4.320000	1.029338e-01
4.325000	1.308792e-01
4.330000	1.570747e-01
4.335000	1.782587e-01
4.340000	1.924077e-01
4.345000	1.987258e-01
4.350000	1.964772e-01
4.355000	1.851415e-01
4.360000	1.627642e-01
4.365000	1.283248e-01
4.370000	8.674724e-02
4.375000	4.667260e-02
4.380000	1.421924e-02
4.385000	-8.495473e-03
4.390000	-2.065403e-02
4.395000	-2.477042e-02
4.400000	-2.627876e-02
4.405000	-2.611214e-02
4.410000	-2.289441e-02
4.415000	-1.516449e-02
4.420000	-2.891326e-03
4.425000	1.331197e-02
4.430000	3.231007e-02
4.435000	5.426290e-02
4.440000	7.717316e-02
4.445000	1.012154e-01
4.450000	1.258966e-01
4.455000	1.508718e-01
4.460000	1.740483e-01
4.465000	1.943985e-01
4.470000	2.095842e-01
4.475000	2.176377e-01
4.480000	2.178407e-01
4.485000	2.118815e-01
4.490000	1.999428e-01
4.495000	1.839059e-01
4.500000	1.682230e-01
4.505000	1.555730e-01
4.510000	1.469292e-01
4.515000	1.404648e-01
4.520000	1.348398e-01
4.525000	1.295771e-01
4.530000	1.262102e-01
4.535000	1.262783e-01
4.540000	1.290756e-01
4.545000	1.332089e-01
4.550000	1.363074e-01
4.555000	1.359009e-01
4.560000	1.318380e-01
4.565000	1.268272e-01
4.570000	1.219452e-01
4.575000	1.165620e-01
4.580000	1.094847e-01
4.585000	1.004194e-01
4.590000	8.909569e-02
4.595000	7.462405e-02
4.600000	5.763914e-02
4.605000	3.844823e-02
4.610000	1.813435e-02
4.615000	-1.864513e-03
4.620000	-2.002950e-02
4.625000	-3.388042e-02
4.630000	-4.317875e-02
4.635000	-4.896393e-02
4.640000	-5.231780e-02
4.645000	-5.535510e-02
4.650000	-5.941730e-02
4.655000	-6.532056e-02
4.660000	-7.288046e-02
4.665000	-8.134954e-02
4.670000	-8.980013e-02
4.675000	-9.760778e-02
4.680000	-1.046721e-01
4.685000	-1.112309e-01
4.690000	-1.163717e-01
4.695000	-1.182862e-01
4.700000	-1.157500e-01
4.705000	-1.097823e-01
4.710000	-1.029236e-01
4.715000	-9.597950e-02
4.720000	-8.834773e-02
4.725000	-8.115010e-02
4.730000	-7.494297e-02
4.735000	-6.886042e-02
4.740000	-6.237907e-02
4.745000	-5.540201e-02
4.750000	-4.792723e-02
4.755000	-4.086722e-02
4.760000	-3.417841e-02
4.765000	-2.815316e-02
4.770000	-2.262884e-02
4.775000	-1.709984e-02
4.780000	-1.124849e-02
4.785000	-6.163907e-03
4.790000	-3.928288e-03
4.795000	-5.553209e-03
4.800000	-1.047613e-02
4.805000	-1.567780e-02
4.810000	-1.769669e-02
4.815000	-1.474373e-02
4.820000	-6.913792e-03
4.825000	3.269602e-03
4.830000	1.388313e-02
4.835000	2.567579e-02
4.840000	3.853717e-02
4.845000	5.144504e-02
4.850000	6.490400e-02
4.855000	7.974142e-02
4.860000	9.538060e-02
4.865000	1.105928e-01
4.870000	1.239819e-01
4.875000	1.351214e-01
4.880000	1.443808e-01
4.885000	1.524324e-01
4.890000	1.609964e-01
4.895000	1.702076e-01
4.900000	1.801712e-01
4.905000	1.898142e-01
4.910000	1.983700e-01
4.915000	2.046272e-01
4.920000	2.079558e-01
4.925000	2.078033e-01
4.930000	2.045538e-01
4.935000	1.993204e-01
4.940000	1.924906e-01
4.945000	1.829979e-01
4.950000	1.692303e-01
4.955000	1.517737e-01
4.960000	1.307227e-01
4.965000	1.080976e-01
4.970000	8.612746e-02
4.975000	6.682688e-02
4.980000	5.087164e-02
4.985000	3.830004e-02
4.990000	2.923253e-02
4.995000	2.321134e-02
5.000000	2.009375e-02
5.005000	1.866963e-02
5.010000	1.892571e-02
5.015000	2.072970e-02
5.020000	2.413750e-02
5.025000	2.957100e-02
5.030000	3.680663e-02
5.035000	4.484015e-02
5.040000	5.196161e-02
5.045000	5.599510e-02
5.050000	5.587824e-02
5.055000	5.086909e-02
5.060000	4.300150e-02
5.065000	3.284403e-02
5.070000	1.993129e-02
5.075000	3.909182e-03
5.080000	-1.551502e-02
5.085000	-3.847735e-02
5.090000	-6.252846e-02
5.095000	-8.340417e-02
5.100000	-1.008961e-01
5.105000	-1.155682e-01
5.110000	-1.287724e-01
5.115000	-1.414611e-01
5.120000	-1.539199e-01
5.125000	-1.642937e-01
5.130000	-1.714586e-01
5.135000	-1.745128e-01
5.140000	-1.736888e-01
5.145000	-1.700679e-01
5.150000	-1.668535e-01
5.155000	-1.663454e-01
5.160000	-1.685758e-01
5.165000	-1.733222e-01
5.170000	-1.813477e-01
5.175000	-1.938611e-01
5.180000	-2.109718e-01
5.185000	-2.292038e-01
5.190000	-2.430373e-01
5.195000	-2.480942e-01
5.200000	-2.414315e-01
5.205000	-2.223247e-01
5.210000	-1.942093e-01
5.215000	-1.602127e-01
5.220000	-1.240006e-01
5.225000	-8.748932e-02
5.230000	-5.624387e-02
5.235000	-2.695144e-02
5.240000	-1.367183e-03
5.245000	2.358865e-02
5.250000	4.621578e-02
5.255000	6.472585e-02
5.260000	7.971129e-02
5.265000	9.007970e-02
5.270000	9.585822e-02
5.275000	9.590543e-02
5.280000	9.095331e-02
5.285000	8.211966e-02
5.290000	7.015585e-02
5.295000	5.375643e-02
5.300000	3.512560e-02
5.305000	1.593294e-02
5.310000	-5.020521e-03
5.315000	-2.506858e-02
5.320000	-4.280490e-02
5.325000	-5.840622e-02
5.330000	-6.894713e-02
5.335000	-7.537440e-02
5.340000	-7.675622e-02
5.345000	-7.222906e-02
5.350000	-6.382837e-02
5.355000	-5.250880e-02
5.360000	-3.750592e-02
5.365000	-1.880527e-02
5.370000	1.253247e-03
5.375000	2.359494e-02
5.380000	4.751804e-02
5.385000	7.154091e-02
5.390000	9.360474e-02
5.395000	1.129169e-01
5.400000	1.285457e-01
5.405000	1.395267e-01
5.410000	1.439534e-01
5.415000	1.407202e-01
5.420000	1.310689e-01
5.425000	1.160742e-01
5.430000	9.763382e-02
5.435000	7.605593e-02
5.440000	5.387566e-02
5.445000	3.188104e-02
5.450000	1.154529e-02
5.455000	-7.795813e-03
5.460000	-2.838849e-02
5.465000	-4.996924e-02
5.470000	-7.363364e-02
5.475000	-9.865569e-02
5.480000	-1.253350e-01
5.485000	-1.550929e-01
5.490000	-1.857449e-01
5.495000	-2.125464e-01
5.500000	-2.317258e-01
5.505000	-2.433917e-01
5.510000	-2.482557e-01
5.515000	-2.498616e-01
5.520000	-2.477522e-01
5.525000	-2.406022e-01
5.530000	-2.290008e-01
5.535000	-2.168012e-01
5.540000	-2.045911e-01
5.545000	-1.919426e-01
5.550000	-1.796586e-01
5.555000	-1.662334e-01
5.560000	-1.511624e-01
5.565000	-1.344026e-01
5.570000	-1.172399e-01
5.575000	-9.748105e-02
5.580000	-7.467506e-02
5.585000	-4.959118e-02
5.590000	-2.257333e-02
5.595000	4.760599e-03
5.600000	3.103068e-02
5.605000	5.466371e-02
5.610000	7.565173e-02
5.615000	9.358084e-02
5.620000	1.086614e-01
5.625000	1.189180e-01
5.630000	1.251732e-01
5.635000	1.280907e-01
5.640000	1.299204e-01
5.645000	1.314397e-01
5.650000	1.332856e-01
5.655000	1.363649e-01
5.660000	1.417283e-01
5.665000	1.496428e-01
5.670000	1.588259e-01
5.675000	1.670047e-01
5.680000	1.726444e-01
5.685000	1.751080e-01
5.690000	1.751863e-01
5.695000	1.719641e-01
5.700000	1.629777e-01
5.705000	1.460297e-01
5.710000	1.214037e-01
5.715000	8.922767e-02
5.720000	5.484278e-02
5.725000	2.095995e-02
5.730000	-9.972161e-03
5.735000	-3.878914e-02
5.740000	-6.470242e-02
5.745000	-8.724620e-02
5.750000	-1.078457e-01
5.755000	-1.280644e-01
5.760000	-1.491376e-01
5.765000	-1.702563e-01
5.770000	-1.910401e-01
5.775000	-2.117882e-01
5.780000	-2.288148e-01
5.785000	-2.441533e-01
5.790000	-2.629395e-01
5.795000	-2.842538e-01
5.800000	-3.068046e-01
5.805000	-3.243302e-01
5.810000	-3.337174e-01
5.815000	-3.313298e-01
5.820000	-3.192442e-01
5.825000	-3.017864e-01
5.830000	-2.800537e-01
5.835000	-2.544432e-01
5.840000	-2.308344e-01
5.845000	-2.081739e-01
5.850000	-1.837086e-01
5.855000	-1.633169e-01
5.860000	-1.469249e-01
5.865000	-1.360009e-01
5.870000	-1.293581e-01
5.875000	-1.280048e-01
5.880000	-1.316611e-01
5.885000	-1.371740e-01
5.890000	-1.431423e-01
5.895000	-1.499195e-01
5.900000	-1.579336e-01
5.905000	-1.667470e-01
5.910000	-1.760770e-01
5.915000	-1.849946e-01
5.920000	-1.940179e-01
5.925000	-2.044140e-01
5.930000	-2.163013e-01
5.935000	-2.291484e-01
5.940000	-2.418771e-01
5.945000	-2.534457e-01
5.950000	-2.616482e-01
5.955000	-2.667976e-01
5.960000	-2.697907e-01
5.965000	-2.699908e-01
5.970000	-2.658266e-01
5.975000	-2.566298e-01
5.980000	-2.414913e-01
5.985000	-2.224023e-01
5.990000	-1.996020e-01
5.995000	-1.743220e-01
6.000000	-1.493492e-01
6.005000	-1.248957e-01
6.010000	-1.030112e-01
6.015000	-8.499208e-02
6.020000	-6.983581e-02
6.025000	-5.721228e-02
6.030000	-4.479707e-02
6.035000	-3.282996e-02
6.040000	-2.104972e-02
6.045000	-1.073099e-02
6.050000	-1.485459e-03
6.055000	7.841971e-03
6.060000	1.686213e-02
6.065000	2.450892e-02
6.070000	2.960971e-02
6.075000	3.230571e-02
6.080000	3.263581e-02
6.085000	2.956953e-02
6.090000	2.255530e-02
6.095000	1.239102e-02
6.100000	9.819475e-04
6.105000	-1.130416e-02
6.110000	-2.200397e-02
6.115000	-3.100578e-02
6.120000	-4.007560e-02
6.125000	-4.913269e-02
6.130000	-5.793953e-02
6.135000	-6.515350e-02
6.140000	-6.835066e-02
6.145000	-6.640466e-02
6.150000	-6.228592e-02
6.155000	-6.059240e-02
6.160000	-6.291309e-02
6.165000	-6.817747e-02
6.170000	-7.598128e-02
6.175000	-8.703348e-02
6.180000	-1.017041e-01
6.185000	-1.206796e-01
6.190000	-1.430213e-01
6.195000	-1.679940e-01
6.200000	-1.911387e-01
6.205000	-2.097306e-01
6.210000	-2.218012e-01
6.215000	-2.276493e-01
6.220000	-2.324987e-01
6.225000	-2.360218e-01
6.230000	-2.365158e-01
6.235000	-2.347302e-01
6.240000	-2.319148e-01
6.245000	-2.300481e-01
6.250000	-2.297627e-01
6.255000	-2.285244e-01
6.260000	-2.229783e-01
6.265000	-2.123522e-01
6.270000	-1.980754e-01
6.275000	-1.786076e-01
6.280000	-1.553581e-01
6.285000	-1.297942e-01
6.290000	-1.034019e-01
6.295000	-7.675122e-02
6.300000	-4.949782e-02
6.305000	-2.231228e-02
6.310000	6.654268e-03
6.315000	3.585479e-02
6.320000	6.497414e-02
6.325000	9.430774e-02
6.330000	1.234610e-01
6.335000	1.525360e-01
6.340000	1.823338e-01
6.345000	2.122868e-01
6.350000	2.416803e-01
6.355000	2.696836e-01
6.360000	2.951926e-01
6.365000	3.179451e-01
6.370000	3.390293e-01
6.375000	3.576800e-01
6.380000	3.734906e-01
6.385000	3.857011e-01
6.390000	3.961248e-01
6.395000	4.042177e-01
6.400000	4.095758e-01
6.405000	4.119127e-01
6.410000	4.130753e-01
6.415000	4.143086e-01
6.420000	4.158916e-01
6.425000	4.181109e-01
6.430000	4.206194e-01
6.435000	4.224702e-01
6.440000	4.218002e-01
6.445000	4.169586e-01
6.450000	4.068875e-01
6.455000	3.916525e-01
6.460000	3.702714e-01
6.465000	3.416558e-01
6.470000	3.084724e-01
6.475000	2.698845e-01
6.480000	2.288797e-01
6.485000	1.895868e-01
6.490000	1.549210e-01
6.495000	1.271806e-01
6.500000	1.050467e-01
6.505000	8.547833e-02
6.510000	6.768079e-02
6.515000	5.108753e-02
6.520000	3.358781e-02
6.525000	1.512259e-02
6.530000	-3.964453e-03
6.535000	-2.421855e-02
6.540000	-4.465428e-02
6.545000	-6.536059e-02
6.550000	-8.620253e-02
6.555000	-1.056892e-01
6.560000	-1.243740e-01
6.565000	-1.416412e-01
6.570000	-1.572892e-01
6.575000	-1.720146e-01
6.580000	-1.848702e-01
6.585000	-1.961285e-01
6.590000	-2.067913e-01
6.595000	-2.158693e-01
6.600000	-2.227683e-01
6.605000	-2.280416e-01
6.610000	-2.317695e-01
6.615000	-2.339323e-01
6.620000	-2.351683e-01
6.625000	-2.352061e-01
6.630000	-2.322116e-01
6.635000	-2.247032e-01
6.640000	-2.108898e-01
6.645000	-1.886147e-01
6.650000	-1.556300e-01
6.655000	-1.164031e-01
6.660000	-7.046000e-02
6.665000	-1.756751e-02
6.670000	4.248117e-02
6.675000	1.052082e-01
6.680000	1.635715e-01
6.685000	2.137414e-01
6.690000	2.629939e-01
6.695000	3.117177e-01
6.700000	3.466455e-01
6.705000	3.579251e-01
6.710000	3.583278e-01
6.715000	3.497740e-01
6.720000	3.349147e-01
6.725000	3.155216e-01
6.730000	2.918374e-01
6.735000	2.632343e-01
6.740000	2.359461e-01
6.745000	2.188139e-01
6.750000	2.147356e-01
6.755000	2.249362e-01
6.760000	2.428505e-01
6.765000	2.606425e-01
6.770000	2.700917e-01
6.775000	2.662000e-01
6.780000	2.448490e-01
6.785000	2.075505e-01
6.790000	1.532229e-01
6.795000	8.537099e-02
6.800000	1.456544e-02
6.805000	-4.918873e-02
6.810000	-1.035653e-01
6.815000	-1.528877e-01
6.820000	-1.925872e-01
6.825000	-2.207356e-01
6.830000	-2.407708e-01
6.835000	-2.577934e-01
6.840000	-2.707239e-01
6.845000	-2.803113e-01
6.850000	-2.848920e-01
6.855000	-2.844972e-01
6.860000	-2.797491e-01
6.865000	-2.718038e-01
6.870000	-2.619160e-01
6.875000	-2.497445e-01
6.880000	-2.382376e-01
6.885000	-2.276929e-01
6.890000	-2.165966e-01
6.895000	-2.060470e-01
6.900000	-1.978739e-01
6.905000	-1.913565e-01
6.910000	-1.847353e-01
6.915000	-1.774179e-01
6.920000	-1.709714e-01
6.925000	-1.666051e-01
6.930000	-1.645695e-01
6.935000	-1.654117e-01
6.940000	-1.693117e-01
6.945000	-1.748440e-01
6.950000	-1.799009e-01
6.955000	-1.848782e-01
6.960000	-1.890255e-01
6.965000	-1.903248e-01
6.970000	-1.881853e-01
6.975000	-1.828399e-01
6.980000	-1.748262e-01
6.985000	-1.623611e-01
6.990000	-1.432145e-01
6.995000	-1.177609e-01
7.000000	-8.935593e-02
7.005000	-5.883570e-02
7.010000	-2.739944e-02
7.015000	6.123618e-03
7.020000	3.985011e-02
7.025000	7.180918e-02
7.030000	1.013031e-01
7.035000	1.296830e-01
7.040000	1.581027e-01
7.045000	1.860767e-01
7.050000	2.130094e-01
7.055000	2.368844e-01
7.060000	2.599130e-01
7.065000	2.814189e-01
7.070000	3.046260e-01
7.075000	3.272834e-01
7.080000	3.524424e-01
7.085000	3.782248e-01
7.090000	4.051074e-01
7.095000	4.309794e-01
7.100000	4.589439e-01
7.105000	4.855732e-01
7.110000	5.108032e-01
7.115000	5.326847e-01
7.120000	5.499877e-01
7.125000	5.624891e-01
7.130000	5.702187e-01
7.135000	5.712087e-01
7.140000	5.661763e-01
7.145000	5.562751e-01
7.150000	5.420128e-01
7.155000	5.235928e-01
7.160000	4.997766e-01
7.165000	4.732610e-01
7.170000	4.460217e-01
7.175000	4.146353e-01
7.180000	3.798534e-01
7.185000	3.454757e-01
7.190000	3.154021e-01
7.195000	2.897601e-01
7.200000	2.658677e-01
7.205000	2.423553e-01
7.210000	2.206128e-01
7.215000	2.005203e-01
7.220000	1.817276e-01
7.225000	1.638260e-01
7.230000	1.450997e-01
7.235000	1.255016e-01
7.240000	1.058141e-01
7.245000	8.641533e-02
7.250000	6.746495e-02
7.255000	4.861306e-02
7.260000	2.988433e-02
7.265000	1.192229e-02
7.270000	-5.228484e-03
7.275000	-2.088014e-02
7.280000	-3.561957e-02
7.285000	-5.009196e-02
7.290000	-6.367512e-02
7.295000	-7.629860e-02
7.300000	-8.859245e-02
7.305000	-9.950026e-02
7.310000	-1.087234e-01
7.315000	-1.155326e-01
7.320000	-1.203177e-01
7.325000	-1.233481e-01
7.330000	-1.247367e-01
7.335000	-1.237644e-01
7.340000	-1.192750e-01
7.345000	-1.102353e-01
7.350000	-9.720686e-02
7.355000	-8.239462e-02
7.360000	-6.734369e-02
7.365000	-5.245446e-02
7.370000	-3.802768e-02
7.375000	-2.404634e-02
7.380000	-1.017651e-02
7.385000	4.364594e-03
7.390000	1.818874e-02
7.395000	3.146120e-02
7.400000	4.312978e-02
7.405000	5.285207e-02
7.410000	6.038150e-02
7.415000	6.516529e-02
7.420000	6.737955e-02
7.425000	6.631519e-02
7.430000	6.056737e-02
7.435000	4.946323e-02
7.440000	3.378758e-02
7.445000	1.459402e-02
7.450000	-3.936715e-03
7.455000	-2.006009e-02
7.460000	-3.426170e-02
7.465000	-4.601258e-02
7.470000	-5.646417e-02
7.475000	-6.570020e-02
7.480000	-7.389940e-02
7.485000	-8.148101e-02
7.490000	-8.785058e-02
7.495000	-9.326134e-02
7.500000	-9.860570e-02
7.505000	-1.053714e-01
7.510000	-1.147587e-01
7.515000	-1.272163e-01
7.520000	-1.402299e-01
7.525000	-1.501537e-01
7.530000	-1.532635e-01
7.535000	-1.488645e-01
7.540000	-1.395113e-01
7.545000	-1.276879e-01
7.550000	-1.139192e-01
7.555000	-9.877264e-02
7.560000	-8.424141e-02
7.565000	-7.042922e-02
7.570000	-5.817357e-02
7.575000	-4.792719e-02
7.580000	-4.305473e-02
7.585000	-4.387370e-02
7.590000	-4.865164e-02
7.595000	-5.621215e-02
7.600000	-6.610969e-02
7.605000	-7.905014e-02
7.610000	-9.290740e-02
7.615000	-1.060213e-01
7.620000	-1.171967e-01
7.625000	-1.269436e-01
7.630000	-1.346715e-01
7.635000	-1.408113e-01
7.640000	-1.460991e-01
7.645000	-1.506511e-01
7.650000	-1.543220e-01
7.655000	-1.568700e-01
7.660000	-1.585323e-01
7.665000	-1.589812e-01
7.670000	-1.570549e-01
7.675000	-1.524111e-01
7.680000	-1.454923e-01
7.685000	-1.368029e-01
7.690000	-1.262637e-01
7.695000	-1.141466e-01
7.700000	-1.009831e-01
7.705000	-8.763205e-02
7.710000	-7.503607e-02
7.715000	-6.257575e-02
7.720000	-4.912358e-02
7.725000	-3.322966e-02
7.730000	-1.534810e-02
7.735000	4.991264e-03
7.740000	2.647177e-02
7.745000	4.881368e-02
7.750000	7.125117e-02
7.755000	9.310848e-02
7.760000	1.138938e-01
7.765000	1.342502e-01
7.770000	1.528451e-01
7.775000	1.686126e-01
7.780000	1.810729e-01
7.785000	1.895459e-01
7.790000	1.947601e-01
7.795000	1.974825e-01
7.800000	1.985039e-01
7.805000	1.978222e-01
7.810000	1.957141e-01
7.815000	1.925858e-01
7.820000	1.887148e-01
7.825000	1.850839e-01
7.830000	1.824853e-01
7.835000	1.808323e-01
7.840000	1.797876e-01
7.845000	1.790969e-01
7.850000	1.780999e-01
7.855000	1.761647e-01
7.860000	1.719562e-01
7.865000	1.637920e-01
7.870000	1.504446e-01
7.875000	1.327196e-01
7.880000	1.116541e-01
7.885000	8.912209e-02
7.890000	6.530075e-02
7.895000	4.192509e-02
7.900000	1.894599e-02
7.905000	-5.653454e-03
7.910000	-3.227950e-02
7.915000	-5.865021e-02
7.920000	-8.471863e-02
7.925000	-1.109988e-01
7.930000	-1.343108e-01
7.935000	-1.539842e-01
7.940000	-1.716798e-01
7.945000	-1.858786e-01
7.950000	-1.972959e-01
7.955000	-2.062076e-01
7.960000	-2.131005e-01
7.965000	-2.185658e-01
7.970000	-2.226173e-01
7.975000	-2.258898e-01
7.980000	-2.278527e-01
7.985000	-2.288574e-01
7.990000	-2.293865e-01
7.995000	-2.295149e-01
8.000000	-2.292811e-01
8.005000	-2.284241e-01
8.010000	-2.265725e-01
8.015000	-2.235861e-01
8.020000	-2.194614e-01
8.025000	-2.145823e-01
8.030000	-2.078160e-01
8.035000	-1.981026e-01
8.040000	-1.857126e-01
8.045000	-1.705926e-01
8.050000	-1.520224e-01
8.055000	-1.311739e-01
8.060000	-1.075187e-01
8.065000	-8.157552e-02
8.070000	-5.453271e-02
8.075000	-2.901839e-02
8.080000	-6.013515e-03
8.085000	1.446588e-02
8.090000	3.325133e-02
8.095000	4.945669e-02
8.100000	6.260777e-02
8.105000	7.320190e-02
8.110000	8.096119e-02
8.115000	8.570360e-02
8.120000	8.654037e-02
8.125000	8.431717e-02
8.130000	8.048450e-02
8.135000	7.633994e-02
8.140000	7.216062e-02
8.145000	6.805221e-02
8.150000	6.428008e-02
8.155000	6.071329e-02
8.160000	5.780532e-02
8.165000	5.687682e-02
8.170000	5.849928e-02
8.175000	6.129246e-02
8.180000	6.312891e-02
8.185000	6.275555e-02
8.190000	6.018856e-02
8.195000	5.549771e-02
8.200000	4.786803e-02
8.205000	3.635518e-02
8.210000	2.200475e-02
8.215000	3.852139e-03
8.220000	-1.630830e-02
8.225000	-3.710131e-02
8.230000	-5.907918e-02
8.235000	-8.150012e-02
8.240000	-1.043715e-01
8.245000	-1.276449e-01
8.250000	-1.503622e-01
8.255000	-1.707749e-01
8.260000	-1.887078e-01
8.265000	-2.048043e-01
8.270000	-2.181738e-01
8.275000	-2.299775e-01
8.280000	-2.380339e-01
8.285000	-2.422376e-01
8.290000	-2.424077e-01
8.295000	-2.367743e-01
8.300000	-2.238485e-01
8.305000	-2.026235e-01
8.310000	-1.765979e-01
8.315000	-1.495058e-01
8.320000	-1.230512e-01
8.325000	-9.765555e-02
8.330000	-7.365120e-02
8.335000	-5.067980e-02
8.340000	-2.760438e-02
8.345000	-5.388172e-03
8.350000	1.377478e-02
8.355000	2.860702e-02
8.360000	3.930131e-02
8.365000	4.608967e-02
8.370000	4.879657e-02
8.375000	4.814001e-02
8.380000	4.438573e-02
8.385000	3.783497e-02
8.390000	2.919026e-02
8.395000	2.061108e-02
8.400000	1.412382e-02
8.405000	1.081507e-02
8.410000	9.817819e-03
8.415000	1.000772e-02
8.420000	1.094526e-02
8.425000	1.238509e-02
8.430000	1.394207e-02
8.435000	1.483283e-02
8.440000	1.446319e-02
8.445000	1.275624e-02
8.450000	9.491225e-03
8.455000	4.901740e-03
8.460000	-7.914030e-04
8.465000	-7.157728e-03
8.470000	-1.388840e-02
8.475000	-2.034834e-02
8.480000	-2.634481e-02
8.485000	-3.132681e-02
8.490000	-3.510896e-02
8.495000	-3.778623e-02
8.500000	-3.907082e-02
8.505000	-3.814893e-02
8.510000	-3.365757e-02
8.515000	-2.443970e-02
8.520000	-1.012169e-02
8.525000	6.534196e-03
8.530000	2.251056e-02
8.535000	3.798256e-02
8.540000	5.357147e-02
8.545000	6.972114e-02
8.550000	8.661488e-02
8.555000	1.038858e-01
8.560000	1.200404e-01
8.565000	1.323962e-01
8.570000	1.384243e-01
8.575000	1.389034e-01
8.580000	1.342971e-01
8.585000	1.239935e-01
8.590000	1.088856e-01
8.595000	9.307592e-02
8.600000	7.789232e-02
8.605000	6.270206e-02
8.610000	4.724450e-02
8.615000	3.151841e-02
8.620000	1.559458e-02
8.625000	-5.262080e-04
8.630000	-1.688652e-02
8.635000	-3.332326e-02
8.640000	-4.922392e-02
8.645000	-6.347060e-02
8.650000	-7.518881e-02
8.655000	-8.538775e-02
8.660000	-9.668478e-02
8.665000	-1.087401e-01
8.670000	-1.206890e-01
8.675000	-1.324477e-01
8.680000	-1.440362e-01
8.685000	-1.555115e-01
8.690000	-1.669695e-01
8.695000	-1.785404e-01
8.700000	-1.903859e-01
8.705000	-2.024981e-01
8.710000	-2.144572e-01
8.715000	-2.251712e-01
8.720000	-2.332336e-01
8.725000	-2.382575e-01
8.730000	-2.418036e-01
8.735000	-2.441686e-01
8.740000	-2.450200e-01
8.745000	-2.436988e-01
8.750000	-2.398532e-01
8.755000	-2.333254e-01
8.760000	-2.223488e-01
8.765000	-2.059018e-01
8.770000	-1.855411e-01
8.775000	-1.627839e-01
8.780000	-1.408919e-01
8.785000	-1.180717e-01
8.790000	-9.365192e-02
8.795000	-6.922034e-02
8.800000	-4.493555e-02
8.805000	-2.062887e-02
8.810000	4.127382e-03
8.815000	2.970379e-02
8.820000	5.580719e-02
8.825000	8.057515e-02
8.830000	1.004439e-01
8.835000	1.120524e-01
8.840000	1.172704e-01
8.845000	1.214787e-01
8.850000	1.250429e-01
8.855000	1.277265e-01
8.860000	1.293348e-01
8.865000	1.297040e-01
8.870000	1.291246e-01
8.875000	1.279163e-01
8.880000	1.265569e-01
8.885000	1.250630e-01
8.890000	1.232367e-01
8.895000	1.208132e-01
8.900000	1.178544e-01
8.905000	1.147152e-01
8.910000	1.117885e-01
8.915000	1.088589e-01
8.920000	1.052193e-01
8.925000	1.001261e-01
8.930000	9.292888e-02
8.935000	8.348225e-02
8.940000	7.272660e-02
8.945000	6.068248e-02
8.950000	4.847486e-02
8.955000	3.622132e-02
8.960000	2.363657e-02
8.965000	1.112249e-02
8.970000	-1.574778e-04
8.975000	-8.536371e-03
8.980000	-1.340939e-02
8.985000	-1.580333e-02
8.990000	-1.564568e-02
8.995000	-1.240856e-02
9.000000	-6.249205e-03
9.005000	2.642201e-03
9.010000	1.380125e-02
9.015000	2.566752e-02
9.020000	3.747980e-02
9.025000	4.959469e-02
9.030000	6.182280e-02
9.035000	7.304543e-02
9.040000	8.143913e-02
9.045000	8.583898e-02
9.050000	8.675399e-02
9.055000	8.519170e-02
9.060000	8.153589e-02
9.065000	7.546068e-02
9.070000	6.705190e-02
9.075000	5.672566e-02
9.080000	4.541284e-02
9.085000	3.393038e-02
9.090000	2.227334e-02
9.095000	1.042247e-02
9.100000	-1.062869e-03
9.105000	-1.093177e-02
9.110000	-1.801741e-02
9.115000	-2.270399e-02
9.120000	-2.586083e-02
9.125000	-2.749097e-02
9.130000	-2.784238e-02
9.135000	-2.717988e-02
9.140000	-2.530807e-02
9.145000	-2.216275e-02
9.150000	-1.846947e-02
9.155000	-1.486598e-02
9.160000	-1.186855e-02
9.165000	-9.215240e-03
9.170000	-6.987932e-03
9.175000	-5.246901e-03
9.180000	-3.980705e-03
9.185000	-3.200852e-03
9.190000	-2.798407e-03
9.195000	-2.284454e-03
9.200000	-1.898456e-03
9.205000	-1.245572e-03
9.210000	-2.391920e-04
9.215000	1.331540e-03
9.220000	4.005618e-03
9.225000	8.281397e-03
9.230000	1.436520e-02
9.235000	2.210923e-02
9.240000	3.115736e-02
9.245000	4.130405e-02
9.250000	5.160910e-02
9.255000	6.143952e-02
9.260000	7.078377e-02
9.265000	7.979245e-02
9.270000	8.844471e-02
9.275000	9.580751e-02
9.280000	1.019041e-01
9.285000	1.068304e-01
9.290000	1.105587e-01
9.295000	1.132467e-01
9.300000	1.148666e-01
9.305000	1.151655e-01
9.310000	1.139136e-01
9.315000	1.110755e-01
9.320000	1.059970e-01
9.325000	9.792673e-02
9.330000	8.666078e-02
9.335000	7.355317e-02
9.340000	6.041881e-02
9.345000	4.760799e-02
9.350000	3.464731e-02
9.355000	2.121038e-02
9.360000	7.361137e-03
9.365000	-6.179765e-03
9.370000	-1.797180e-02
9.375000	-2.648492e-02
9.380000	-3.190098e-02
9.385000	-3.631500e-02
9.390000	-4.050422e-02
9.395000	-4.367615e-02
9.400000	-4.554725e-02
9.405000	-4.622437e-02
9.410000	-4.623581e-02
9.415000	-4.589031e-02
9.420000	-4.506389e-02
9.425000	-4.381001e-02
9.430000	-4.206391e-02
9.435000	-3.947709e-02
9.440000	-3.573969e-02
9.445000	-3.046774e-02
9.450000	-2.360098e-02
9.455000	-1.552533e-02
9.460000	-6.826174e-03
9.465000	1.878589e-03
9.470000	1.064467e-02
9.475000	1.999374e-02
9.480000	2.990531e-02
9.485000	3.990449e-02
9.490000	4.952629e-02
9.495000	5.806059e-02
9.500000	6.472223e-02
9.505000	6.941670e-02
9.510000	7.214814e-02
9.515000	7.255971e-02
9.520000	7.063815e-02
9.525000	6.591104e-02
9.530000	5.833790e-02
9.535000	4.804447e-02
9.540000	3.562958e-02
9.545000	2.293612e-02
9.550000	1.039823e-02
9.555000	-1.645700e-03
9.560000	-1.205292e-02
9.565000	-1.971946e-02
9.570000	-2.497276e-02
9.575000	-2.781562e-02
9.580000	-2.875118e-02
9.585000	-2.805773e-02
9.590000	-2.545636e-02
9.595000	-2.091831e-02
9.600000	-1.537874e-02
9.605000	-9.228952e-03
9.610000	-2.600887e-03
9.615000	4.386789e-03
9.620000	1.182212e-02
9.625000	1.912310e-02
9.630000	2.595811e-02
9.635000	3.187661e-02
9.640000	3.675948e-02
9.645000	4.016013e-02
9.650000	4.173006e-02
9.655000	4.132401e-02
9.660000	3.898634e-02
9.665000	3.445850e-02
9.670000	2.762113e-02
9.675000	1.835276e-02
9.680000	6.870110e-03
9.685000	-5.138131e-03
9.690000	-1.681839e-02
9.695000	-2.852973e-02
9.700000	-4.057661e-02
9.705000	-5.296511e-02
9.710000	-6.520394e-02
9.715000	-7.619830e-02
9.720000	-8.464498e-02
9.725000	-9.038966e-02
9.730000	-9.434863e-02
9.735000	-9.618554e-02
9.740000	-9.590697e-02
9.745000	-9.370477e-02
9.750000	-8.944678e-02
9.755000	-8.205434e-02
9.760000	-7.057090e-02
9.765000	-5.545646e-02
9.770000	-3.657633e-02
9.775000	-1.519502e-02
9.780000	6.038991e-03
9.785000	2.619421e-02
9.790000	4.544224e-02
9.795000	6.238773e-02
9.800000	7.812060e-02
9.805000	9.394325e-02
9.810000	1.092756e-01
9.815000	1.223070e-01
9.820000	1.335857e-01
9.825000	1.414483e-01
9.830000	1.456749e-01
9.835000	1.479664e-01
9.840000	1.483058e-01
9.845000	1.465102e-01
9.850000	1.426299e-01
9.855000	1.365659e-01
9.860000	1.283306e-01
9.865000	1.187187e-01
9.870000	1.083070e-01
9.875000	9.816058e-02
9.880000	8.812800e-02
9.885000	7.677048e-02
9.890000	6.373550e-02
9.895000	4.902349e-02
9.900000	3.441844e-02
9.905000	2.017811e-02
9.910000	5.839564e-03
9.915000	-8.831023e-03
9.920000	-2.387888e-02
9.925000	-3.860193e-02
9.930000	-5.152265e-02
9.935000	-6.082136e-02
9.940000	-6.626222e-02
9.945000	-6.858190e-02
9.950000	-6.782056e-02
9.955000	-6.324443e-02
9.960000	-5.452669e-02
9.965000	-4.304415e-02
9.970000	-3.112979e-02
9.975000	-1.929986e-02
9.980000	-7.146133e-03
9.985000	5.436380e-03
9.990000	1.771790e-02
9.995000	2.809417e-02
10.000000	3.488519e-02
10.005000	3.846888e-02
10.010000	4.034011e-02
10.015000	4.086881e-02
10.020000	4.010477e-02
10.025000	3.863223e-02
10.030000	3.669321e-02
10.035000	3.393679e-02
10.040000	3.007895e-02
10.045000	2.500198e-02
10.050000	1.926440e-02
10.055000	1.369932e-02
10.060000	7.533344e-03
10.065000	1.100725e-03
10.070000	-4.667264e-03
10.075000	-9.234249e-03
10.080000	-1.289841e-02
10.085000	-1.673214e-02
10.090000	-2.151731e-02
10.095000	-2.823538e-02
10.100000	-3.702373e-02
10.105000	-4.735264e-02
10.110000	-5.726380e-02
10.115000	-6.456239e-02
10.120000	-6.936772e-02
10.125000	-7.296617e-02
10.130000	-7.601918e-02
10.135000	-7.884024e-02
10.140000	-8.154090e-02
10.145000	-8.401015e-02
10.150000	-8.651306e-02
10.155000	-8.907926e-02
10.160000	-9.134028e-02
10.165000	-9.305308e-02
10.170000	-9.400966e-02
10.175000	-9.351062e-02
10.180000	-9.134993e-02
10.185000	-8.779622e-02
10.190000	-8.287212e-02
10.195000	-7.698882e-02
10.200000	-7.002909e-02
10.205000	-6.173298e-02
10.210000	-5.228023e-02
10.215000	-4.245884e-02
10.220000	-3.292646e-02
10.225000	-2.332852e-02
10.230000	-1.355200e-02
10.235000	-3.655862e-03
10.240000	6.057427e-03
10.245000	1.501794e-02
10.250000	2.256694e-02
10.255000	2.875102e-02
10.260000	3.445550e-02
10.265000	3.933466e-02
10.270000	4.285801e-02
10.275000	4.490949e-02
10.280000	4.532792e-02
10.285000	4.446608e-02
10.290000	4.211867e-02
10.295000	3.846222e-02
10.300000	3.351892e-02
10.305000	2.746303e-02
10.310000	2.095552e-02
10.315000	1.502776e-02
10.320000	1.027623e-02
10.325000	6.607030e-03
10.330000	3.591399e-03
10.335000	1.517442e-03
10.340000	4.284886e-04
10.345000	5.257771e-05
10.350000	3.142285e-04
10.355000	9.243974e-04
10.360000	1.569829e-03
10.365000	1.861413e-03
10.370000	2.050464e-03
10.375000	2.833240e-03
10.380000	4.080605e-03
10.385000	5.403985e-03
10.390000	6.637295e-03
10.395000	7.627411e-03
10.400000	8.253723e-03
10.405000	8.403467e-03
10.410000	8.102634e-03
10.415000	7.328305e-03
10.420000	6.046165e-03
10.425000	4.465129e-03
10.430000	2.648896e-03
10.435000	5.373804e-04
10.440000	-1.754931e-03
10.445000	-4.058165e-03
10.450000	-6.437274e-03
10.455000	-8.695119e-03
10.460000	-1.067172e-02
10.465000	-1.257729e-02
10.470000	-1.432403e-02
10.475000	-1.565823e-02
10.480000	-1.657126e-02
10.485000	-1.720896e-02
10.490000	-1.760285e-02
10.495000	-1.811392e-02
10.500000	-1.901023e-02
10.505000	-2.023087e-02
10.510000	-2.173511e-02
10.515000	-2.341443e-02
10.520000	-2.519084e-02
10.525000	-2.669918e-02
10.530000	-2.789307e-02
10.535000	-2.901245e-02
10.540000	-3.039365e-02
10.545000	-3.210277e-02
10.550000	-3.382326e-02
10.555000	-3.534108e-02
10.560000	-3.638516e-02
10.565000	-3.673159e-02
10.570000	-3.607795e-02
10.575000	-3.393449e-02
10.580000	-3.003447e-02
10.585000	-2.441551e-02
10.590000	-1.745184e-02
10.595000	-1.005519e-02
10.600000	-2.551728e-03
10.605000	5.341693e-03
10.610000	1.289129e-02
10.615000	1.956236e-02
10.620000	2.490397e-02
10.625000	2.905964e-02
10.630000	3.209000e-02
10.635000	3.400970e-02
10.640000	3.462761e-02
10.645000	3.371981e-02
10.650000	3.079653e-02
10.655000	2.560996e-02
10.660000	1.815356e-02
10.665000	9.667071e-03
10.670000	1.492044e-03
10.675000	-6.199619e-03
10.680000	-1.327688e-02
10.685000	-1.919484e-02
10.690000	-2.393664e-02
10.695000	-2.723694e-02
10.700000	-2.909445e-02
10.705000	-2.926434e-02
10.710000	-2.794647e-02
10.715000	-2.563452e-02
10.720000	-2.232764e-02
10.725000	-1.811402e-02
10.730000	-1.370145e-02
10.735000	-9.485458e-03
10.740000	-5.432222e-03
10.745000	-1.750392e-03
10.750000	9.635034e-04
10.755000	2.747856e-03
10.760000	4.015371e-03
10.765000	5.068101e-03
10.770000	5.773602e-03
10.775000	5.928081e-03
10.780000	5.074419e-03
10.785000	3.334677e-03
10.790000	7.566008e-04
10.795000	-2.900389e-03
10.800000	-7.382308e-03
10.805000	-1.249022e-02
10.810000	-1.800337e-02
10.815000	-2.324918e-02
10.820000	-2.771799e-02
10.825000	-3.105554e-02
10.830000	-3.317805e-02
10.835000	-3.436325e-02
10.840000	-3.507133e-02
10.845000	-3.528943e-02
10.850000	-3.496164e-02
10.855000	-3.414465e-02
10.860000	-3.293688e-02
10.865000	-3.164245e-02
10.870000	-3.016077e-02
10.875000	-2.840308e-02
10.880000	-2.667751e-02
10.885000	-2.538473e-02
10.890000	-2.475518e-02
10.895000	-2.503965e-02
10.900000	-2.635109e-02
10.905000	-2.854229e-02
10.910000	-3.182843e-02
10.915000	-3.631162e-02
10.920000	-4.191428e-02
10.925000	-4.841911e-02
10.930000	-5.572061e-02
10.935000	-6.361528e-02
10.940000	-7.174990e-02
10.945000	-7.875291e-02
10.950000	-8.442462e-02
10.955000	-8.884896e-02
10.960000	-9.213714e-02
10.965000	-9.378168e-02
10.970000	-9.378740e-02
10.975000	-9.218441e-02
10.980000	-8.899703e-02
10.985000	-8.405063e-02
10.990000	-7.737001e-02
10.995000	-6.950419e-02
11.000000	-6.118880e-02
11.005000	-5.222634e-02
11.010000	-4.340363e-02
11.015000	-3.544995e-02
11.020000	-2.763386e-02
11.025000	-1.881916e-02
11.030000	-9.631640e-03
11.035000	-5.053607e-04
11.040000	7.955056e-03
11.045000	1.499679e-02
11.050000	2.116934e-02
11.055000	2.629561e-02
11.060000	3.041645e-02
11.065000	3.375952e-02
11.070000	3.660655e-02
11.075000	3.894607e-02
11.080000	4.085517e-02
11.085000	4.217374e-02
11.090000	4.313521e-02
11.095000	4.372239e-02
11.100000	4.389972e-02
11.105000	4.387835e-02
11.110000	4.353421e-02
11.115000	4.259958e-02
11.120000	4.114375e-02
11.125000	3.922792e-02
11.130000	3.688525e-02
11.135000	3.399836e-02
11.140000	3.015570e-02
11.145000	2.458874e-02
11.150000	1.674612e-02
11.155000	6.341878e-03
11.160000	-5.369165e-03
11.165000	-1.638501e-02
11.170000	-2.727471e-02
11.175000	-3.834081e-02
11.180000	-4.922192e-02
11.185000	-5.925186e-02
11.190000	-6.770527e-02
11.195000	-7.369858e-02
11.200000	-7.790771e-02
11.205000	-8.081171e-02
11.210000	-8.221345e-02
11.215000	-8.153073e-02
11.220000	-7.799105e-02
11.225000	-7.115298e-02
11.230000	-6.108965e-02
11.235000	-4.938452e-02
11.240000	-3.800291e-02
11.245000	-2.693483e-02
11.250000	-1.564874e-02
11.255000	-3.945787e-03
11.260000	8.073570e-03
11.265000	1.975837e-02
11.270000	2.997886e-02
11.275000	3.764181e-02
11.280000	4.310604e-02
11.285000	4.763435e-02
11.290000	5.129772e-02
11.295000	5.355405e-02
11.300000	5.433118e-02
11.305000	5.342678e-02
11.310000	5.090471e-02
11.315000	4.681971e-02
11.320000	4.162267e-02
11.325000	3.604705e-02
11.330000	3.123183e-02
11.335000	2.720154e-02
11.340000	2.365984e-02
11.345000	2.055099e-02
11.350000	1.772377e-02
11.355000	1.527947e-02
11.360000	1.326481e-02
11.365000	1.181455e-02
11.370000	1.097408e-02
11.375000	1.075934e-02
11.380000	1.140334e-02
11.385000	1.273274e-02
11.390000	1.460816e-02
11.395000	1.707608e-02
11.400000	2.052034e-02
11.405000	2.528015e-02
11.410000	3.116608e-02
11.415000	3.781491e-02
11.420000	4.514479e-02
11.425000	5.304211e-02
11.430000	6.194391e-02
11.435000	7.124840e-02
11.440000	8.035411e-02
11.445000	8.926868e-02
11.450000	9.745005e-02
11.455000	1.040793e-01
11.460000	1.091988e-01
11.465000	1.131238e-01
11.470000	1.160414e-01
11.475000	1.176978e-01
11.480000	1.181388e-01
11.485000	1.176470e-01
11.490000	1.161536e-01
11.495000	1.135652e-01
11.500000	1.098081e-01
11.505000	1.050999e-01
11.510000	9.949486e-02
11.515000	9.367154e-02
11.520000	8.840161e-02
11.525000	8.380443e-02
11.530000	8.012594e-02
11.535000	7.712953e-02
11.540000	7.432060e-02
11.545000	7.166888e-02
11.550000	6.926155e-02
11.555000	6.714999e-02
11.560000	6.524408e-02
11.565000	6.360917e-02
11.570000	6.239785e-02
11.575000	6.148146e-02
11.580000	6.074760e-02
11.585000	6.009201e-02
11.590000	5.942833e-02
11.595000	5.866042e-02
11.600000	5.798931e-02
11.605000	5.732493e-02
11.610000	5.655261e-02
11.615000	5.565948e-02
11.620000	5.460658e-02
11.625000	5.349669e-02
11.630000	5.228992e-02
11.635000	5.101819e-02
11.640000	4.976556e-02
11.645000	4.838058e-02
11.650000	4.647351e-02
11.655000	4.364419e-02
11.660000	3.992434e-02
11.665000	3.594873e-02
11.670000	3.223851e-02
11.675000	2.851478e-02
11.680000	2.444386e-02
11.685000	1.983323e-02
11.690000	1.473565e-02
11.695000	9.683278e-03
11.700000	4.703309e-03
11.705000	-2.278080e-04
11.710000	-5.331038e-03
11.715000	-1.070506e-02
11.720000	-1.615087e-02
11.725000	-2.196166e-02
11.730000	-2.794441e-02
11.735000	-3.352390e-02
11.740000	-3.877041e-02
11.745000	-4.404779e-02
11.750000	-4.918657e-02
11.755000	-5.354231e-02
11.760000	-5.680767e-02
11.765000	-5.905184e-02
11.770000	-6.035629e-02
11.775000	-6.087398e-02
11.780000	-6.083966e-02
11.785000	-6.029893e-02
11.790000	-5.894401e-02
11.795000	-5.702791e-02
11.800000	-5.485294e-02
11.805000	-5.248272e-02
11.810000	-4.993341e-02
11.815000	-4.715135e-02
11.820000	-4.434976e-02
11.825000	-4.166873e-02
11.830000	-3.927210e-02
11.835000	-3.735921e-02
11.840000	-3.545255e-02
11.845000	-3.344353e-02
11.850000	-3.156079e-02
11.855000	-2.988920e-02
11.860000	-2.826418e-02
11.865000	-2.657280e-02
11.870000	-2.463729e-02
11.875000	-2.224471e-02
11.880000	-1.949652e-02
11.885000	-1.695445e-02
11.890000	-1.498386e-02
11.895000	-1.383083e-02
11.900000	-1.346038e-02
11.905000	-1.375271e-02
11.910000	-1.467823e-02
11.915000	-1.617988e-02
11.920000	-1.801853e-02
11.925000	-2.021701e-02
11.930000	-2.257846e-02
11.935000	-2.498496e-02
11.940000	-2.742832e-02
11.945000	-2.968638e-02
11.950000	-3.152096e-02
11.955000	-3.296858e-02
11.960000	-3.386371e-02
11.965000	-3.397790e-02
11.970000	-3.333219e-02
11.975000	-3.196161e-02
11.980000	-2.996946e-02
11.985000	-2.736271e-02
11.990000	-2.420999e-02
11.995000	-2.082334e-02
12.000000	-1.767209e-02
12.005000	-1.489566e-02
12.010000	-1.266363e-02
12.015000	-1.118516e-02
12.020000	-1.014037e-02
12.025000	-8.947841e-03
12.030000	-7.692997e-03
12.035000	-6.326754e-03
12.040000	-4.830323e-03
12.045000	-3.296439e-03
12.050000	-1.866233e-03
12.055000	-6.547727e-04
12.060000	6.523662e-04
12.065000	2.141864e-03
12.070000	3.755670e-03
12.075000	5.388651e-03
12.080000	6.808634e-03
12.085000	7.795927e-03
12.090000	8.240348e-03
12.095000	8.159781e-03
12.100000	7.811276e-03
12.105000	7.292411e-03
12.110000	6.331079e-03
12.115000	5.113597e-03
12.120000	3.731681e-03
12.125000	2.216276e-03
12.130000	3.671209e-04
12.135000	-1.724950e-03
12.140000	-3.795668e-03
12.145000	-6.241876e-03
12.150000	-9.222761e-03
12.155000	-1.277277e-02
12.160000	-1.667292e-02
12.165000	-2.037685e-02
12.170000	-2.371085e-02
12.175000	-2.644342e-02
12.180000	-2.871223e-02
12.185000	-3.047210e-02
12.190000	-3.152093e-02
12.195000	-3.169322e-02
12.200000	-3.091092e-02
12.205000	-2.938009e-02
12.210000	-2.728178e-02
12.215000	-2.446146e-02
12.220000	-2.080934e-02
12.225000	-1.645755e-02
12.230000	-1.171784e-02
12.235000	-6.801456e-03
12.240000	-2.066828e-03
12.245000	2.427890e-03
12.250000	6.501165e-03
12.255000	1.019529e-02
12.260000	1.378684e-02
12.265000	1.746294e-02
12.270000	2.094362e-02
12.275000	2.422691e-02
12.280000	2.734356e-02
12.285000	3.016528e-02
12.290000	3.257241e-02
12.295000	3.446457e-02
12.300000	3.619629e-02
12.305000	3.744388e-02
12.310000	3.828735e-02
12.315000	3.887827e-02
12.320000	3.906890e-02
12.325000	3.846217e-02
12.330000	3.735392e-02
12.335000	3.592455e-02
12.340000	3.408754e-02
12.345000	3.194336e-02
12.350000	2.939628e-02
12.355000	2.647853e-02
12.360000	2.355852e-02
12.365000	2.057485e-02
12.370000	1.788627e-02
12.375000	1.580199e-02
12.380000	1.425433e-02
12.385000	1.318994e-02
12.390000	1.258508e-02
12.395000	1.230897e-02
12.400000	1.238977e-02
12.405000	1.309759e-02
12.410000	1.450218e-02
12.415000	1.662937e-02
12.420000	1.928760e-02
12.425000	2.218728e-02
12.430000	2.537003e-02
12.435000	2.868854e-02
12.440000	3.203275e-02
12.445000	3.546771e-02
12.450000	3.895078e-02
12.455000	4.224878e-02
12.460000	4.538140e-02
12.465000	4.820770e-02
12.470000	5.079414e-02
12.475000	5.286817e-02
12.480000	5.433220e-02
12.485000	5.532132e-02
12.490000	5.580112e-02
12.495000	5.559442e-02
12.500000	5.450785e-02
12.505000	5.229992e-02
12.510000	4.899163e-02
12.515000	4.434629e-02
12.520000	3.843713e-02
12.525000	3.201932e-02
12.530000	2.627552e-02
12.535000	2.073098e-02
12.540000	1.518602e-02
12.545000	9.695291e-03
12.550000	4.756954e-03
12.555000	6.936823e-04
12.560000	-2.459679e-03
12.565000	-4.959108e-03
12.570000	-6.754184e-03
12.575000	-7.643955e-03
12.580000	-8.063476e-03
12.585000	-8.254949e-03
12.590000	-8.271348e-03
12.595000	-7.805882e-03
12.600000	-7.080815e-03
12.605000	-6.219757e-03
12.610000	-5.441164e-03
12.615000	-4.807819e-03
12.620000	-4.439644e-03
12.625000	-4.111130e-03
12.630000	-3.925797e-03
12.635000	-3.499287e-03
12.640000	-2.856605e-03
12.645000	-2.652144e-03
12.650000	-3.376077e-03
12.655000	-5.097613e-03
12.660000	-7.581160e-03
12.665000	-1.065907e-02
12.670000	-1.446568e-02
12.675000	-1.898419e-02
12.680000	-2.399034e-02
12.685000	-2.937712e-02
12.690000	-3.495847e-02
12.695000	-4.029605e-02
12.700000	-4.527051e-02
12.705000	-4.951401e-02
12.710000	-5.264880e-02
12.715000	-5.488428e-02
12.720000	-5.637493e-02
12.725000	-5.710988e-02
12.730000	-5.722669e-02
12.735000	-5.669722e-02
12.740000	-5.578101e-02
12.745000	-5.486412e-02
12.750000	-5.427472e-02
12.755000	-5.396157e-02
12.760000	-5.374567e-02
12.765000	-5.341694e-02
12.770000	-5.257897e-02
12.775000	-5.138854e-02
12.780000	-4.985783e-02
12.785000	-4.765576e-02
12.790000	-4.474528e-02
12.795000	-4.087516e-02
12.800000	-3.601139e-02
12.805000	-3.045993e-02
12.810000	-2.430360e-02
12.815000	-1.781959e-02
12.820000	-1.133469e-02
12.825000	-5.334041e-03
12.830000	-2.690929e-04
12.835000	3.558295e-03
12.840000	5.941708e-03
12.845000	6.849512e-03
12.850000	6.413499e-03
12.855000	4.429532e-03
12.860000	1.052329e-03
12.865000	-3.425589e-03
12.870000	-8.057612e-03
12.875000	-1.189204e-02
12.880000	-1.510270e-02
12.885000	-1.818362e-02
12.890000	-2.127611e-02
12.895000	-2.453830e-02
12.900000	-2.791082e-02
12.905000	-3.142884e-02
12.910000	-3.491764e-02
12.915000	-3.831968e-02
12.920000	-4.160655e-02
12.925000	-4.465629e-02
12.930000	-4.737003e-02
12.935000	-4.943347e-02
12.940000	-5.083038e-02
12.945000	-5.125810e-02
12.950000	-5.052848e-02
12.955000	-4.887008e-02
12.960000	-4.665979e-02
12.965000	-4.397519e-02
12.970000	-4.135701e-02
12.975000	-3.906332e-02
12.980000	-3.718568e-02
12.985000	-3.603312e-02
12.990000	-3.533580e-02
12.995000	-3.512236e-02
13.000000	-3.532419e-02
13.005000	-3.568996e-02
13.010000	-3.648766e-02
13.015000	-3.762051e-02
13.020000	-3.884395e-02
13.025000	-3.981684e-02
13.030000	-4.036392e-02
13.035000	-4.064408e-02
13.040000	-4.112277e-02
13.045000	-4.202780e-02
13.050000	-4.310317e-02
13.055000	-4.407737e-02
13.060000	-4.477282e-02
13.065000	-4.541759e-02
13.070000	-4.603528e-02
13.075000	-4.668066e-02
13.080000	-4.721520e-02
13.085000	-4.761989e-02
13.090000	-4.769859e-02
13.095000	-4.746320e-02
13.100000	-4.693768e-02
13.105000	-4.612361e-02
13.110000	-4.506648e-02
13.115000	-4.397568e-02
13.120000	-4.285104e-02
13.125000	-4.186879e-02
13.130000	-4.071150e-02
13.135000	-3.906138e-02
13.140000	-3.742043e-02
13.145000	-3.592120e-02
13.150000	-3.459129e-02
13.155000	-3.313619e-02
13.160000	-3.103109e-02
13.165000	-2.784244e-02
13.170000	-2.362209e-02
13.175000	-1.873725e-02
13.180000	-1.329127e-02
13.185000	-7.446355e-03
13.190000	-1.110022e-03
13.195000	6.039840e-03
13.200000	1.382576e-02
13.205000	2.148764e-02
13.210000	2.813205e-02
13.215000	3.404804e-02
13.220000	3.884284e-02
13.225000	4.227496e-02
13.230000	4.432623e-02
13.235000	4.492676e-02
13.240000	4.383327e-02
13.245000	4.069349e-02
13.250000	3.566510e-02
13.255000	2.911099e-02
13.260000	2.192495e-02
13.265000	1.529776e-02
13.270000	1.029810e-02
13.275000	6.774732e-03
13.280000	4.371062e-03
13.285000	2.961526e-03
13.290000	2.774578e-03
13.295000	4.185756e-03
13.300000	7.215371e-03
13.305000	1.196707e-02
13.310000	1.824359e-02
13.315000	2.564273e-02
13.320000	3.363069e-02
13.325000	4.204296e-02
13.330000	5.014609e-02
13.335000	5.794749e-02
13.340000	6.463274e-02
13.345000	6.960524e-02
13.350000	7.308881e-02
13.355000	7.536859e-02
13.360000	7.652414e-02
13.365000	7.639684e-02
13.370000	7.490016e-02
13.375000	7.228749e-02
13.380000	6.861882e-02
13.385000	6.391072e-02
13.390000	5.847761e-02
13.395000	5.235685e-02
13.400000	4.589096e-02
13.405000	3.994745e-02
13.410000	3.485192e-02
13.415000	3.055588e-02
13.420000	2.689052e-02
13.425000	2.382527e-02
13.430000	2.163638e-02
13.435000	2.015731e-02
13.440000	1.927658e-02
13.445000	1.922243e-02
13.450000	2.004018e-02
13.455000	2.135708e-02
13.460000	2.289844e-02
13.465000	2.436843e-02
13.470000	2.561577e-02
13.475000	2.642185e-02
13.480000	2.669167e-02
13.485000	2.626001e-02
13.490000	2.507204e-02
13.495000	2.300978e-02
13.500000	2.004250e-02
13.505000	1.636930e-02
13.510000	1.216658e-02
13.515000	7.610231e-03
13.520000	2.871920e-03
13.525000	-1.196240e-03
13.530000	-4.558123e-03
13.535000	-7.576897e-03
13.540000	-1.038741e-02
13.545000	-1.315494e-02
13.550000	-1.548384e-02
13.555000	-1.734571e-02
13.560000	-1.903247e-02
13.565000	-2.027328e-02
13.570000	-2.103026e-02
13.575000	-2.144497e-02
13.580000	-2.132812e-02
13.585000	-2.053083e-02
13.590000	-1.917508e-02
13.595000	-1.736134e-02
13.600000	-1.531714e-02
13.605000	-1.304990e-02
13.610000	-1.091937e-02
13.615000	-9.204263e-03
13.620000	-8.054426e-03
13.625000	-7.596393e-03
13.630000	-7.980690e-03
13.635000	-9.145379e-03
13.640000	-1.078981e-02
13.645000	-1.310169e-02
13.650000	-1.632080e-02
13.655000	-2.007163e-02
13.660000	-2.346278e-02
13.665000	-2.566643e-02
13.670000	-2.658125e-02
13.675000	-2.644869e-02
13.680000	-2.524914e-02
13.685000	-2.266515e-02
13.690000	-1.841911e-02
13.695000	-1.257722e-02
13.700000	-5.983787e-03
13.705000	1.279466e-03
13.710000	8.888603e-03
13.715000	1.704734e-02
13.720000	2.512384e-02
13.725000	3.188626e-02
13.730000	3.703315e-02
13.735000	4.127950e-02
13.740000	4.421979e-02
13.745000	4.582620e-02
13.750000	4.625560e-02
13.755000	4.552433e-02
13.760000	4.389178e-02
13.765000	4.155802e-02
13.770000	3.876611e-02
13.775000	3.572015e-02
13.780000	3.277895e-02
13.785000	3.025777e-02
13.790000	2.842734e-02
13.795000	2.697304e-02
13.800000	2.592015e-02
13.805000	2.522590e-02
13.810000	2.498011e-02
13.815000	2.507712e-02
13.820000	2.524231e-02
13.825000	2.527081e-02
13.830000	2.476253e-02
13.835000	2.368757e-02
13.840000	2.189931e-02
13.845000	1.962128e-02
13.850000	1.693039e-02
13.855000	1.325075e-02
13.860000	8.159420e-03
13.865000	2.391902e-03
13.870000	-3.583015e-03
13.875000	-9.473331e-03
13.880000	-1.548053e-02
13.885000	-2.203400e-02
13.890000	-2.895941e-02
13.895000	-3.578470e-02
13.900000	-4.142946e-02
13.905000	-4.548866e-02
13.910000	-4.830387e-02
13.915000	-4.995681e-02
13.920000	-5.066724e-02
13.925000	-5.048434e-02
13.930000	-4.951105e-02
13.935000	-4.797953e-02
13.940000	-4.594700e-02
13.945000	-4.317909e-02
13.950000	-3.974224e-02
13.955000	-3.564560e-02
13.960000	-3.113367e-02
13.965000	-2.628213e-02
13.970000	-2.116656e-02
13.975000	-1.574105e-02
13.980000	-9.892886e-03
13.985000	-3.268913e-03
13.990000	3.630533e-03
13.995000	1.031902e-02
14.000000	1.640423e-02
14.005000	2.152377e-02
14.010000	2.530252e-02
14.015000	2.786004e-02
14.020000	2.962780e-02
14.025000	3.102287e-02
14.030000	3.214464e-02
14.035000	3.293787e-02
14.040000	3.334904e-02
14.045000	3.369605e-02
14.050000	3.440434e-02
14.055000	3.528028e-02
14.060000	3.656832e-02
14.065000	3.786757e-02
14.070000	3.881036e-02
14.075000	3.929914e-02
14.080000	3.940206e-02
14.085000	3.889704e-02
14.090000	3.784433e-02
14.095000	3.624023e-02
14.100000	3.425041e-02
14.105000	3.209647e-02
14.110000	2.961906e-02
14.115000	2.687103e-02
14.120000	2.388921e-02
14.125000	2.049503e-02
14.130000	1.686649e-02
14.135000	1.336004e-02
14.140000	9.971062e-03
14.145000	6.329184e-03
14.150000	2.080569e-03
14.155000	-2.696634e-03
14.160000	-7.418526e-03
14.165000	-1.137148e-02
14.170000	-1.418123e-02
14.175000	-1.588824e-02
14.180000	-1.681374e-02
14.185000	-1.718948e-02
14.190000	-1.678312e-02
14.195000	-1.569637e-02
14.200000	-1.407063e-02
14.205000	-1.200840e-02
14.210000	-9.792231e-03
14.215000	-7.785302e-03
14.220000	-6.328858e-03
14.225000	-5.330463e-03
14.230000	-4.742228e-03
14.235000	-4.535696e-03
14.240000	-4.608333e-03
14.245000	-5.104160e-03
14.250000	-6.250961e-03
14.255000	-7.721942e-03
14.260000	-9.211014e-03
14.265000	-1.052108e-02
14.270000	-1.132501e-02
14.275000	-1.170957e-02
14.280000	-1.158035e-02
14.285000	-1.106328e-02
14.290000	-1.035155e-02
14.295000	-9.463707e-03
14.300000	-8.658197e-03
14.305000	-7.927854e-03
14.310000	-7.191151e-03
14.315000	-6.316574e-03
14.320000	-5.278519e-03
14.325000	-4.161863e-03
14.330000	-3.150288e-03
14.335000	-2.309735e-03
14.340000	-1.601791e-03
14.345000	-9.869145e-04
14.350000	-4.228909e-04
14.355000	1.827353e-04
14.360000	9.608184e-04
14.365000	1.680370e-03
14.370000	1.990515e-03
14.375000	1.888605e-03
14.380000	1.667963e-03
14.385000	1.194857e-03
14.390000	4.373516e-05
14.395000	-2.040091e-03
14.400000	-4.751378e-03
14.405000	-7.657228e-03
14.410000	-1.002557e-02
14.415000	-1.184132e-02
14.420000	-1.309553e-02
14.425000	-1.360271e-02
14.430000	-1.349278e-02
14.435000	-1.300429e-02
14.440000	-1.212190e-02
14.445000	-1.053276e-02
14.450000	-8.438456e-03
14.455000	-5.970023e-03
14.460000	-3.068889e-03
14.465000	2.298512e-05
14.470000	2.886299e-03
14.475000	5.426253e-03
14.480000	7.575988e-03
14.485000	9.092611e-03
14.490000	9.994345e-03
14.495000	1.049810e-02
14.500000	1.053919e-02
14.505000	1.013400e-02
14.510000	9.127844e-03
14.515000	7.681920e-03
14.520000	6.112405e-03
14.525000	4.827257e-03
14.530000	3.887697e-03
14.535000	3.147124e-03
14.540000	2.432779e-03
14.545000	1.556618e-03
14.550000	6.172253e-04
14.555000	-4.007535e-04
14.560000	-1.562472e-03
14.565000	-2.843877e-03
14.570000	-4.311647e-03
14.575000	-6.100038e-03
14.580000	-8.139333e-03
14.585000	-1.018876e-02
14.590000	-1.213407e-02
14.595000	-1.398124e-02
14.600000	-1.556304e-02
14.605000	-1.705025e-02
14.610000	-1.859773e-02
14.615000	-2.021365e-02
14.620000	-2.173584e-02
14.625000	-2.282474e-02
14.630000	-2.377567e-02
14.635000	-2.450997e-02
14.640000	-2.488179e-02
14.645000	-2.463876e-02
14.650000	-2.395268e-02
14.655000	-2.319599e-02
14.660000	-2.229805e-02
14.665000	-2.083892e-02
14.670000	-1.870824e-02
14.675000	-1.620715e-02
14.680000	-1.355498e-02
14.685000	-1.087223e-02
14.690000	-8.655594e-03
14.695000	-6.691041e-03
14.700000	-4.955144e-03
14.705000	-3.672537e-03
14.710000	-2.722945e-03
14.715000	-2.070639e-03
14.720000	-1.691084e-03
14.725000	-1.527272e-03
14.730000	-1.266481e-03
14.735000	-4.382352e-04
14.740000	8.521261e-04
14.745000	2.140313e-03
14.750000	2.962445e-03
14.755000	3.113987e-03
14.760000	3.041300e-03
14.765000	2.923290e-03
14.770000	2.409776e-03
14.775000	1.256707e-03
14.780000	-3.028200e-04
14.785000	-2.274532e-03
14.790000	-4.692201e-03
14.795000	-7.202205e-03
14.800000	-9.474857e-03
14.805000	-1.154344e-02
14.810000	-1.371928e-02
14.815000	-1.625300e-02
14.820000	-1.863611e-02
14.825000	-2.076852e-02
14.830000	-2.304545e-02
14.835000	-2.592852e-02
14.840000	-2.955639e-02
14.845000	-3.361527e-02
14.850000	-3.806251e-02
14.855000	-4.247357e-02
14.860000	-4.681566e-02
14.865000	-5.081346e-02
14.870000	-5.414383e-02
14.875000	-5.652087e-02
14.880000	-5.768890e-02
14.885000	-5.787199e-02
14.890000	-5.739091e-02
14.895000	-5.633552e-02
14.900000	-5.486659e-02
14.905000	-5.276634e-02
14.910000	-5.006802e-02
14.915000	-4.678205e-02
14.920000	-4.313553e-02
14.925000	-3.914453e-02
14.930000	-3.477908e-02
14.935000	-3.007265e-02
14.940000	-2.546488e-02
14.945000	-2.141222e-02
14.950000	-1.774630e-02
14.955000	-1.434486e-02
14.960000	-1.095236e-02
14.965000	-7.727174e-03
14.970000	-5.031549e-03
14.975000	-3.062173e-03
14.980000	-1.763371e-03
14.985000	-9.191475e-04
14.990000	-4.709352e-04
14.995000	-1.535548e-04
15.000000	4.951331e-04
15.005000	1.302166e-03
15.010000	2.266062e-03
15.015000	3.542706e-03
15.020000	5.256673e-03
15.025000	7.506249e-03
15.030000	1.026142e-02
15.035000	1.334361e-02
15.040000	1.601943e-02
15.045000	1.836373e-02
15.050000	2.051747e-02
15.055000	2.239691e-02
15.060000	2.411777e-02
15.065000	2.539482e-02
15.070000	2.624955e-02
15.075000	2.672396e-02
15.080000	2.662524e-02
15.085000	2.601773e-02
15.090000	2.492235e-02
15.095000	2.354153e-02
15.100000	2.175813e-02
15.105000	1.952950e-02
15.110000	1.702111e-02
15.115000	1.441060e-02
15.120000	1.152769e-02
15.125000	8.426628e-03
15.130000	5.362086e-03
15.135000	2.918229e-03
15.140000	1.053428e-03
15.145000	-2.863057e-04
15.150000	-1.204670e-03
15.155000	-1.967749e-03
15.160000	-2.391919e-03
15.165000	-2.255124e-03
15.170000	-1.686642e-03
15.175000	-7.060173e-04
15.180000	2.916271e-04
15.185000	1.206080e-03
15.190000	1.990850e-03
15.195000	2.426224e-03
15.200000	2.686768e-03
15.205000	2.403945e-03
15.210000	1.616027e-03
15.215000	6.911545e-04
15.220000	-3.531279e-04
15.225000	-1.526007e-03
15.230000	-2.821094e-03
15.235000	-4.033736e-03
15.240000	-4.994746e-03
15.245000	-5.842518e-03
15.250000	-6.762392e-03
15.255000	-7.634540e-03
15.260000	-8.223450e-03
15.265000	-8.580723e-03
15.270000	-8.546687e-03
15.275000	-7.905427e-03
15.280000	-7.080391e-03
15.285000	-6.186007e-03
15.290000	-5.247195e-03
15.295000	-4.258688e-03
15.300000	-2.928742e-03
15.305000	-1.365496e-03
15.310000	1.238859e-04
15.315000	1.660352e-03
15.320000	3.379425e-03
15.325000	5.132494e-03
15.330000	6.873447e-03
15.335000	8.574725e-03
15.340000	1.039237e-02
15.345000	1.249376e-02
15.350000	1.489364e-02
15.355000	1.753276e-02
15.360000	2.029850e-02
15.365000	2.316611e-02
15.370000	2.637108e-02
15.375000	3.013685e-02
15.380000	3.406825e-02
15.385000	3.781273e-02
15.390000	4.134875e-02
15.395000	4.436778e-02
15.400000	4.652769e-02
15.405000	4.795028e-02
15.410000	4.878754e-02
15.415000	4.891740e-02
15.420000	4.830987e-02
15.425000	4.719063e-02
15.430000	4.584923e-02
15.435000	4.418929e-02
15.440000	4.208722e-02
15.445000	3.970493e-02
15.450000	3.720952e-02
15.455000	3.469188e-02
15.460000	3.195984e-02
15.465000	2.879488e-02
15.470000	2.522612e-02
15.475000	2.137581e-02
15.480000	1.752144e-02
15.485000	1.402292e-02
15.490000	1.106411e-02
15.495000	8.369722e-03
15.500000	6.221944e-03
15.505000	4.618954e-03
15.510000	3.410924e-03
15.515000	2.563548e-03
15.520000	2.123996e-03
15.525000	2.282947e-03
15.530000	2.886786e-03
15.535000	3.763188e-03
15.540000	4.766855e-03
15.545000	5.955161e-03
15.550000	7.136019e-03
15.555000	8.392170e-03
15.560000	9.852994e-03
15.565000	1.144377e-02
15.570000	1.300299e-02
15.575000	1.453295e-02
15.580000	1.594741e-02
15.585000	1.713070e-02
15.590000	1.801129e-02
15.595000	1.839230e-02
15.600000	1.818623e-02
15.605000	1.739162e-02
15.610000	1.586229e-02
15.615000	1.390425e-02
15.620000	1.176080e-02
15.625000	9.528634e-03
15.630000	7.387818e-03
15.635000	5.665846e-03
15.640000	4.516722e-03
15.645000	3.947067e-03
15.650000	3.524690e-03
15.655000	3.288706e-03
15.660000	3.176912e-03
15.665000	3.253880e-03
15.670000	3.631209e-03
15.675000	4.526601e-03
15.680000	5.819336e-03
15.685000	7.406516e-03
15.690000	9.373118e-03
15.695000	1.168604e-02
15.700000	1.427666e-02
15.705000	1.688096e-02
15.710000	1.956370e-02
15.715000	2.238964e-02
15.720000	2.562701e-02
15.725000	2.950065e-02
15.730000	3.335986e-02
15.735000	3.674185e-02
15.740000	3.966058e-02
15.745000	4.170475e-02
15.750000	4.256654e-02
15.755000	4.206221e-02
15.760000	4.065847e-02
15.765000	3.844292e-02
15.770000	3.567554e-02
15.775000	3.266387e-02
15.780000	2.973225e-02
15.785000	2.686833e-02
15.790000	2.426073e-02
15.795000	2.156919e-02
15.800000	1.880035e-02
15.805000	1.588959e-02
15.810000	1.285183e-02
15.815000	9.615460e-03
15.820000	6.224711e-03
15.825000	2.699132e-03
15.830000	-7.097354e-04
15.835000	-3.926965e-03
15.840000	-6.733480e-03
15.845000	-8.796563e-03
15.850000	-1.014696e-02
15.855000	-1.091442e-02
15.860000	-1.151703e-02
15.865000	-1.180254e-02
15.870000	-1.155084e-02
15.875000	-1.038853e-02
15.880000	-8.632843e-03
15.885000	-6.591578e-03
15.890000	-4.428555e-03
15.895000	-2.445554e-03
15.900000	-6.544720e-04
15.905000	9.631634e-04
15.910000	2.256539e-03
15.915000	3.454016e-03
15.920000	4.494197e-03
15.925000	5.366961e-03
15.930000	6.125662e-03
15.935000	6.699880e-03
15.940000	7.066320e-03
15.945000	6.940516e-03
15.950000	6.459736e-03
15.955000	5.549465e-03
15.960000	4.311408e-03
15.965000	2.558748e-03
15.970000	2.959204e-04
15.975000	-2.308495e-03
15.980000	-4.886206e-03
15.985000	-7.306785e-03
15.990000	-9.522850e-03
15.995000	-1.154064e-02
16.000000	-1.368989e-02
16.005000	-1.628380e-02
16.010000	-1.918562e-02
16.015000	-2.225158e-02
16.020000	-2.542329e-02
16.025000	-2.845810e-02
16.030000	-3.092059e-02
16.035000	-3.306510e-02
16.040000	-3.512424e-02
16.045000	-3.718191e-02
16.050000	-3.919104e-02
16.055000	-4.110514e-02
16.060000	-4.282715e-02
16.065000	-4.429578e-02
16.070000	-4.529291e-02
16.075000	-4.574212e-02
16.080000	-4.586957e-02
16.085000	-4.560315e-02
16.090000	-4.519759e-02
16.095000	-4.461403e-02
16.100000	-4.362766e-02
16.105000	-4.242032e-02
16.110000	-4.115412e-02
16.115000	-3.989629e-02
16.120000	-3.859691e-02
16.125000	-3.717524e-02
16.130000	-3.562810e-02
16.135000	-3.388369e-02
16.140000	-3.187850e-02
16.145000	-2.963150e-02
16.150000	-2.739460e-02
16.155000	-2.529983e-02
16.160000	-2.306354e-02
16.165000	-2.053945e-02
16.170000	-1.782459e-02
16.175000	-1.488824e-02
16.180000	-1.185266e-02
16.185000	-9.215583e-03
16.190000	-7.145422e-03
16.195000	-5.502402e-03
16.200000	-4.596139e-03
16.205000	-4.501464e-03
16.210000	-5.137033e-03
16.215000	-6.360375e-03
16.220000	-8.060326e-03
16.225000	-1.008043e-02
16.230000	-1.246509e-02
16.235000	-1.472861e-02
16.240000	-1.662643e-02
16.245000	-1.839187e-02
16.250000	-2.022568e-02
16.255000	-2.182635e-02
16.260000	-2.299362e-02
16.265000	-2.370806e-02
16.270000	-2.355781e-02
16.275000	-2.266208e-02
16.280000	-2.150098e-02
16.285000	-1.983997e-02
16.290000	-1.782364e-02
16.295000	-1.554630e-02
16.300000	-1.299239e-02
16.305000	-1.042958e-02
16.310000	-7.916176e-03
16.315000	-5.546915e-03
16.320000	-3.485045e-03
16.325000	-1.820867e-03
16.330000	-7.815405e-04
16.335000	-2.479502e-04
16.340000	-1.545234e-04
16.345000	-6.064710e-04
16.350000	-1.623670e-03
16.355000	-3.214032e-03
16.360000	-5.478781e-03
16.365000	-7.945117e-03
16.370000	-1.011501e-02
16.375000	-1.185895e-02
16.380000	-1.340527e-02
16.385000	-1.474676e-02
16.390000	-1.595203e-02
16.395000	-1.693555e-02
16.400000	-1.749639e-02
16.405000	-1.765841e-02
16.410000	-1.759456e-02
16.415000	-1.705944e-02
16.420000	-1.568922e-02
16.425000	-1.368518e-02
16.430000	-1.135655e-02
16.435000	-8.763729e-03
16.440000	-6.189279e-03
16.445000	-3.768667e-03
16.450000	-1.701951e-03
16.455000	-1.976991e-04
16.460000	9.047397e-04
16.465000	1.569685e-03
16.470000	1.784359e-03
16.475000	1.715314e-03
16.480000	1.452766e-03
16.485000	8.815677e-04
16.490000	1.277981e-04
16.495000	-9.191417e-04
16.500000	-2.249195e-03
16.505000	-3.816452e-03
16.510000	-5.504583e-03
16.515000	-7.393539e-03
16.520000	-9.456107e-03
16.525000	-1.138211e-02
16.530000	-1.283673e-02
16.535000	-1.382766e-02
16.540000	-1.496568e-02
16.545000	-1.609380e-02
16.550000	-1.708247e-02
16.555000	-1.783224e-02
16.560000	-1.833446e-02
16.565000	-1.860099e-02
16.570000	-1.852689e-02
16.575000	-1.847642e-02
16.580000	-1.859725e-02
16.585000	-1.898535e-02
16.590000	-1.968634e-02
16.595000	-2.050169e-02
16.600000	-2.139155e-02
16.605000	-2.229525e-02
16.610000	-2.318742e-02
16.615000	-2.391316e-02
16.620000	-2.419662e-02
16.625000	-2.409562e-02
16.630000	-2.361254e-02
16.635000	-2.241813e-02
16.640000	-2.060989e-02
16.645000	-1.833896e-02
16.650000	-1.564339e-02
16.655000	-1.279696e-02
16.660000	-9.669377e-03
16.665000	-5.936138e-03
16.670000	-1.989720e-03
16.675000	1.916522e-03
16.680000	5.635362e-03
16.685000	8.853590e-03
16.690000	1.137414e-02
16.695000	1.351299e-02
16.700000	1.505557e-02
16.705000	1.581523e-02
16.710000	1.591801e-02
16.715000	1.563911e-02
16.720000	1.474764e-02
16.725000	1.342134e-02
16.730000	1.203069e-02
16.735000	1.048860e-02
16.740000	8.850374e-03
16.745000	7.010466e-03
16.750000	4.796115e-03
16.755000	2.721239e-03
16.760000	9.580904e-04
16.765000	-4.483392e-05
16.770000	-1.941508e-04
16.775000	4.126156e-04
16.780000	1.707858e-03
16.785000	3.496889e-03
16.790000	5.759295e-03
16.795000	8.472000e-03
16.800000	1.139972e-02
16.805000	1.432589e-02
16.810000	1.691111e-02
16.815000	1.942864e-02
16.820000	2.193819e-02
16.825000	2.417616e-02
16.830000	2.594233e-02
16.835000	2.722476e-02
16.840000	2.829005e-02
16.845000	2.914609e-02
16.850000	2.965223e-02
16.855000	2.963886e-02
16.860000	2.905878e-02
16.865000	2.834366e-02
16.870000	2.774340e-02
16.875000	2.741384e-02
16.880000	2.739438e-02
16.885000	2.767846e-02
16.890000	2.799316e-02
16.895000	2.829788e-02
16.900000	2.889478e-02
16.905000	2.959409e-02
16.910000	3.032691e-02
16.915000	3.113500e-02
16.920000	3.206309e-02
16.925000	3.281021e-02
16.930000	3.340494e-02
16.935000	3.398649e-02
16.940000	3.418932e-02
16.945000	3.393254e-02
16.950000	3.325894e-02
16.955000	3.241595e-02
16.960000	3.138660e-02
16.965000	2.985025e-02
16.970000	2.793668e-02
16.975000	2.573872e-02
16.980000	2.330944e-02
16.985000	2.092699e-02
16.990000	1.894095e-02
16.995000	1.732855e-02
17.000000	1.592286e-02
17.005000	1.463263e-02
17.010000	1.356348e-02
17.015000	1.266652e-02
17.020000	1.197432e-02
17.025000	1.176525e-02
17.030000	1.234672e-02
17.035000	1.325170e-02
17.040000	1.389353e-02
17.045000	1.435688e-02
17.050000	1.473118e-02
17.055000	1.480756e-02
17.060000	1.476478e-02
17.065000	1.479398e-02
17.070000	1.484432e-02
17.075000	1.485852e-02
17.080000	1.481804e-02
17.085000	1.476497e-02
17.090000	1.481952e-02
17.095000	1.515358e-02
17.100000	1.584215e-02
17.105000	1.661907e-02
17.110000	1.732489e-02
17.115000	1.803158e-02
17.120000	1.889984e-02
17.125000	1.989415e-02
17.130000	2.085768e-02
17.135000	2.160790e-02
17.140000	2.221788e-02
17.145000	2.254425e-02
17.150000	2.202851e-02
17.155000	2.062676e-02
17.160000	1.851393e-02
17.165000	1.588071e-02
17.170000	1.284837e-02
17.175000	9.667358e-03
17.180000	6.253430e-03
17.185000	2.172916e-03
17.190000	-2.135007e-03
17.195000	-6.694664e-03
17.200000	-1.141650e-02
17.205000	-1.596064e-02
17.210000	-2.046526e-02
17.215000	-2.482897e-02
17.220000	-2.870640e-02
17.225000	-3.207825e-02
17.230000	-3.481323e-02
17.235000	-3.656515e-02
17.240000	-3.749497e-02
17.245000	-3.783888e-02
17.250000	-3.794015e-02
17.255000	-3.797990e-02
17.260000	-3.764738e-02
17.265000	-3.670153e-02
17.270000	-3.535581e-02
17.275000	-3.380160e-02
17.280000	-3.217314e-02
17.285000	-3.044562e-02
17.290000	-2.844393e-02
17.295000	-2.610635e-02
17.300000	-2.373129e-02
17.305000	-2.157083e-02
17.310000	-1.935208e-02
17.315000	-1.683280e-02
17.320000	-1.431005e-02
17.325000	-1.182565e-02
17.330000	-9.298782e-03
17.335000	-6.832439e-03
17.340000	-4.526685e-03
17.345000	-2.395794e-03
17.350000	-5.102995e-04
17.355000	8.443443e-04
17.360000	1.609062e-03
17.365000	1.962869e-03
17.370000	1.956503e-03
17.375000	1.898949e-03
17.380000	1.789593e-03
17.385000	1.409571e-03
17.390000	6.055514e-04
17.395000	-2.898950e-04
17.400000	-1.147962e-03
17.405000	-1.959500e-03
17.410000	-2.501257e-03
17.415000	-2.462511e-03
17.420000	-2.036983e-03
17.425000	-1.155016e-03
17.430000	1.664103e-04
17.435000	1.891312e-03
17.440000	4.010917e-03
17.445000	6.471553e-03
17.450000	8.892905e-03
17.455000	1.098359e-02
17.460000	1.276401e-02
17.465000	1.416452e-02
17.470000	1.500095e-02
17.475000	1.540967e-02
17.480000	1.523369e-02
17.485000	1.450941e-02
17.490000	1.367338e-02
17.495000	1.279003e-02
17.500000	1.168642e-02
17.505000	1.028737e-02
17.510000	8.691624e-03
17.515000	6.742052e-03
17.520000	4.543352e-03
17.525000	2.560783e-03
17.530000	9.324352e-04
17.535000	-8.026905e-04
17.540000	-2.575531e-03
17.545000	-4.443072e-03
17.550000	-6.510302e-03
17.555000	-8.605514e-03
17.560000	-1.033434e-02
17.565000	-1.164596e-02
17.570000	-1.241470e-02
17.575000	-1.297174e-02
17.580000	-1.345425e-02
17.585000	-1.362632e-02
17.590000	-1.343683e-02
17.595000	-1.318805e-02
17.600000	-1.297032e-02
17.605000	-1.251506e-02
17.610000	-1.200956e-02
17.615000	-1.185622e-02
17.620000	-1.176703e-02
17.625000	-1.176048e-02
17.630000	-1.151531e-02
17.635000	-1.097287e-02
17.640000	-1.018371e-02
17.645000	-8.921189e-03
17.650000	-7.559646e-03
17.655000	-6.266115e-03
17.660000	-4.610660e-03
17.665000	-2.158094e-03
17.670000	5.785111e-04
17.675000	3.441120e-03
17.680000	6.751068e-03
17.685000	1.023648e-02
17.690000	1.349872e-02
17.695000	1.636882e-02
17.700000	1.922671e-02
17.705000	2.183548e-02
17.710000	2.403443e-02
17.715000	2.581578e-02
17.720000	2.720383e-02
17.725000	2.817130e-02
17.730000	2.873350e-02
17.735000	2.891720e-02
17.740000	2.902028e-02
17.745000	2.893425e-02
17.750000	2.825074e-02
17.755000	2.683837e-02
17.760000	2.522372e-02
17.765000	2.385966e-02
17.770000	2.286382e-02
17.775000	2.211883e-02
17.780000	2.160306e-02
17.785000	2.147542e-02
17.790000	2.148074e-02
17.795000	2.153560e-02
17.800000	2.179512e-02
17.805000	2.226038e-02
17.810000	2.260963e-02
17.815000	2.290556e-02
17.820000	2.339501e-02
17.825000	2.364096e-02
17.830000	2.359053e-02
17.835000	2.347846e-02
17.840000	2.318519e-02
17.845000	2.263617e-02
17.850000	2.195536e-02
17.855000	2.079055e-02
17.860000	1.917102e-02
17.865000	1.728604e-02
17.870000	1.532478e-02
17.875000	1.368169e-02
17.880000	1.243645e-02
17.885000	1.123398e-02
17.890000	9.614695e-03
17.895000	7.724171e-03
17.900000	5.764562e-03
17.905000	3.797804e-03
17.910000	1.890177e-03
17.915000	4.182934e-05
17.920000	-1.665903e-03
17.925000	-3.201505e-03
17.930000	-4.527426e-03
17.935000	-5.648455e-03
17.940000	-6.339201e-03
17.945000	-6.717274e-03
17.950000	-6.824169e-03
17.955000	-6.715584e-03
17.960000	-6.354092e-03
17.965000	-5.797846e-03
17.970000	-5.225482e-03
17.975000	-5.002948e-03
17.980000	-5.277501e-03
17.985000	-5.873589e-03
17.990000	-6.791301e-03
17.995000	-8.160621e-03
18.000000	-9.852329e-03
18.005000	-1.171446e-02
18.010000	-1.383166e-02
18.015000	-1.624889e-02
18.020000	-1.880672e-02
18.025000	-2.085233e-02
18.030000	-2.202806e-02
18.035000	-2.250519e-02
18.040000	-2.246403e-02
18.045000	-2.205298e-02
18.050000	-2.145202e-02
18.055000	-2.050360e-02
18.060000	-1.893333e-02
18.065000	-1.712853e-02
18.070000	-1.516566e-02
18.075000	-1.299186e-02
18.080000	-1.085356e-02
18.085000	-8.823746e-03
18.090000	-6.974016e-03
18.095000	-5.482658e-03
18.100000	-3.988502e-03
18.105000	-2.561678e-03
18.110000	-1.304880e-03
18.115000	-1.537394e-04
18.120000	8.047927e-04
18.125000	1.326184e-03
18.130000	1.517133e-03
18.135000	1.566016e-03
18.140000	1.493145e-03
18.145000	1.055372e-03
18.150000	2.794581e-05
18.155000	-1.770238e-03
18.160000	-3.759729e-03
18.165000	-5.520179e-03
18.170000	-6.771277e-03
18.175000	-7.450836e-03
18.180000	-7.587400e-03
18.185000	-7.222668e-03
18.190000	-6.131175e-03
18.195000	-4.034549e-03
18.200000	-1.121088e-03
18.205000	2.314157e-03
18.210000	6.095484e-03
18.215000	9.662540e-03
18.220000	1.290863e-02
18.225000	1.569211e-02
18.230000	1.799656e-02
18.235000	1.998650e-02
18.240000	2.153150e-02
18.245000	2.254333e-02
18.250000	2.255244e-02
18.255000	2.169802e-02
18.260000	2.030016e-02
18.265000	1.860307e-02
18.270000	1.685667e-02
18.275000	1.506350e-02
18.280000	1.306693e-02
18.285000	1.110434e-02
18.290000	9.023867e-03
18.295000	7.024172e-03
18.300000	5.257428e-03
18.305000	3.864695e-03
18.310000	2.760931e-03
18.315000	1.920666e-03
18.320000	1.415328e-03
18.325000	1.251031e-03
18.330000	1.461290e-03
18.335000	1.850104e-03
18.340000	2.244345e-03
18.345000	2.487692e-03
18.350000	2.785614e-03
18.355000	3.087325e-03
18.360000	2.922686e-03
18.365000	2.400223e-03
18.370000	2.192333e-03
18.375000	2.277612e-03
18.380000	2.147407e-03
18.385000	1.648431e-03
18.390000	8.359944e-04
18.395000	-3.904020e-04
18.400000	-2.044085e-03
18.405000	-3.864397e-03
18.410000	-5.864701e-03
18.415000	-8.224448e-03
18.420000	-1.086042e-02
18.425000	-1.367162e-02
18.430000	-1.672846e-02
18.435000	-1.990197e-02
18.440000	-2.312155e-02
18.445000	-2.637665e-02
18.450000	-2.963257e-02
18.455000	-3.259803e-02
18.460000	-3.528844e-02
18.465000	-3.777757e-02
18.470000	-3.977747e-02
18.475000	-4.141222e-02
18.480000	-4.244973e-02
18.485000	-4.287493e-02
18.490000	-4.270674e-02
18.495000	-4.203426e-02
18.500000	-4.121023e-02
18.505000	-4.026177e-02
18.510000	-3.922363e-02
18.515000	-3.798966e-02
18.520000	-3.609457e-02
18.525000	-3.321544e-02
18.530000	-2.953851e-02
18.535000	-2.530329e-02
18.540000	-2.104992e-02
18.545000	-1.682167e-02
18.550000	-1.251885e-02
18.555000	-8.468466e-03
18.560000	-4.562714e-03
18.565000	-1.087482e-03
18.570000	1.416420e-03
18.575000	3.033843e-03
18.580000	4.232192e-03
18.585000	4.930094e-03
18.590000	5.094461e-03
18.595000	4.879873e-03
18.600000	4.439253e-03
18.605000	4.131918e-03
18.610000	3.795255e-03
18.615000	3.390375e-03
18.620000	3.047298e-03
18.625000	2.868825e-03
18.630000	2.895434e-03
18.635000	3.193465e-03
18.640000	3.764024e-03
18.645000	4.226445e-03
18.650000	4.246422e-03
18.655000	3.502406e-03
18.660000	2.604295e-03
18.665000	1.717505e-03
18.670000	7.106593e-04
18.675000	-4.142583e-04
18.680000	-1.648598e-03
18.685000	-3.033900e-03
18.690000	-4.599728e-03
18.695000	-5.975280e-03
18.700000	-7.167650e-03
18.705000	-8.188284e-03
18.710000	-8.868563e-03
18.715000	-9.295204e-03
18.720000	-9.506510e-03
18.725000	-9.551778e-03
18.730000	-9.546524e-03
18.735000	-9.382230e-03
18.740000	-9.021335e-03
18.745000	-8.718956e-03
18.750000	-9.068024e-03
18.755000	-1.021320e-02
18.760000	-1.151717e-02
18.765000	-1.275076e-02
18.770000	-1.398719e-02
18.775000	-1.540746e-02
18.780000	-1.714106e-02
18.785000	-1.920297e-02
18.790000	-2.159357e-02
18.795000	-2.401911e-02
18.800000	-2.623123e-02
18.805000	-2.842187e-02
18.810000	-3.066743e-02
18.815000	-3.263671e-02
18.820000	-3.419364e-02
18.825000	-3.530593e-02
18.830000	-3.605048e-02
18.835000	-3.628396e-02
18.840000	-3.573668e-02
18.845000	-3.473660e-02
18.850000	-3.369930e-02
18.855000	-3.254748e-02
18.860000	-3.129260e-02
18.865000	-2.982998e-02
18.870000	-2.775716e-02
18.875000	-2.501375e-02
18.880000	-2.200295e-02
18.885000	-1.883361e-02
18.890000	-1.573439e-02
18.895000	-1.280955e-02
18.900000	-1.029618e-02
18.905000	-8.315286e-03
18.910000	-6.557313e-03
18.915000	-4.981279e-03
18.920000	-3.772858e-03
18.925000	-2.745397e-03
18.930000	-1.847805e-03
18.935000	-1.054257e-03
18.940000	-3.526458e-04
18.945000	4.481186e-04
18.950000	1.352662e-03
18.955000	2.318450e-03
18.960000	3.364590e-03
18.965000	4.426259e-03
18.970000	5.556712e-03
18.975000	6.644101e-03
18.980000	7.538542e-03
18.985000	8.166621e-03
18.990000	8.285738e-03
18.995000	7.779641e-03
19.000000	6.690605e-03
19.005000	4.912347e-03
19.010000	2.631133e-03
19.015000	2.642652e-06
19.020000	-2.796479e-03
19.025000	-5.284491e-03
19.030000	-7.067401e-03
19.035000	-8.031326e-03
19.040000	-8.289480e-03
19.045000	-7.830555e-03
19.050000	-6.674877e-03
19.055000	-4.845428e-03
19.060000	-2.320431e-03
19.065000	8.163689e-04
19.070000	4.230495e-03
19.075000	7.812380e-03
19.080000	1.176156e-02
19.085000	1.597616e-02
19.090000	2.033154e-02
19.095000	2.451405e-02
19.100000	2.862111e-02
19.105000	3.235425e-02
19.110000	3.547199e-02
19.115000	3.764645e-02
19.120000	3.922838e-02
19.125000	4.036137e-02
19.130000	4.100188e-02
19.135000	4.123425e-02
19.140000	4.116913e-02
19.145000	4.072077e-02
19.150000	3.966349e-02
19.155000	3.789627e-02
19.160000	3.581861e-02
19.165000	3.382148e-02
19.170000	3.197218e-02
19.175000	3.061697e-02
19.180000	2.962690e-02
19.185000	2.862641e-02
19.190000	2.758908e-02
19.195000	2.686895e-02
19.200000	2.640395e-02
19.205000	2.623046e-02
19.210000	2.624228e-02
19.215000	2.627704e-02
19.220000	2.648453e-02
19.225000	2.697480e-02
19.230000	2.771849e-02
19.235000	2.868063e-02
19.240000	2.977569e-02
19.245000	3.065564e-02
19.250000	3.143601e-02
19.255000	3.205653e-02
19.260000	3.267507e-02
19.265000	3.340064e-02
19.270000	3.448519e-02
19.275000	3.579520e-02
19.280000	3.710462e-02
19.285000	3.822310e-02
19.290000	3.900786e-02
19.295000	3.931508e-02
19.300000	3.957803e-02
19.305000	3.985996e-02
19.310000	3.968433e-02
19.315000	3.940281e-02
19.320000	3.897707e-02
19.325000	3.823121e-02
19.330000	3.705943e-02
19.335000	3.571219e-02
19.340000	3.431680e-02
19.345000	3.280295e-02
19.350000	3.106186e-02
19.355000	2.901353e-02
19.360000	2.667888e-02
19.365000	2.396033e-02
19.370000	2.119003e-02
19.375000	1.874790e-02
19.380000	1.708865e-02
19.385000	1.608061e-02
19.390000	1.537869e-02
19.395000	1.475513e-02
19.400000	1.439722e-02
19.405000	1.433061e-02
19.410000	1.456207e-02
19.415000	1.522475e-02
19.420000	1.620491e-02
19.425000	1.722476e-02
19.430000	1.821597e-02
19.435000	1.930120e-02
19.440000	2.049770e-02
19.445000	2.149283e-02
19.450000	2.224552e-02
19.455000	2.276907e-02
19.460000	2.298476e-02
19.465000	2.311405e-02
19.470000	2.324462e-02
19.475000	2.315043e-02
19.480000	2.304440e-02
19.485000	2.286929e-02
19.490000	2.233500e-02
19.495000	2.137633e-02
19.500000	2.014756e-02
19.505000	1.868444e-02
19.510000	1.708880e-02
19.515000	1.521984e-02
19.520000	1.305395e-02
19.525000	1.098140e-02
19.530000	9.173288e-03
19.535000	7.652625e-03
19.540000	6.184774e-03
19.545000	4.582985e-03
19.550000	2.750406e-03
19.555000	8.844278e-04
19.560000	-1.093801e-03
19.565000	-3.162221e-03
19.570000	-5.132982e-03
19.575000	-7.099109e-03
19.580000	-9.209458e-03
19.585000	-1.110153e-02
19.590000	-1.256970e-02
19.595000	-1.389237e-02
19.600000	-1.521811e-02
19.605000	-1.637659e-02
19.610000	-1.726845e-02
19.615000	-1.781569e-02
19.620000	-1.816298e-02
19.625000	-1.809396e-02
19.630000	-1.763765e-02
19.635000	-1.667273e-02
19.640000	-1.537118e-02
19.645000	-1.383578e-02
19.650000	-1.234956e-02
19.655000	-1.110368e-02
19.660000	-1.027167e-02
19.665000	-9.896827e-03
19.670000	-9.735198e-03
19.675000	-9.762021e-03
19.680000	-1.003938e-02
19.685000	-1.097253e-02
19.690000	-1.230249e-02
19.695000	-1.409557e-02
19.700000	-1.638794e-02
19.705000	-1.865908e-02
19.710000	-2.074353e-02
19.715000	-2.269019e-02
19.720000	-2.423549e-02
19.725000	-2.544902e-02
19.730000	-2.626727e-02
19.735000	-2.649468e-02
19.740000	-2.606710e-02
19.745000	-2.539222e-02
19.750000	-2.481688e-02
19.755000	-2.396805e-02
19.760000	-2.271126e-02
19.765000	-2.084616e-02
19.770000	-1.822549e-02
19.775000	-1.508719e-02
19.780000	-1.147402e-02
19.785000	-7.617082e-03
19.790000	-3.621696e-03
19.795000	3.399125e-04
19.800000	4.117203e-03
19.805000	7.660771e-03
19.810000	1.084503e-02
19.815000	1.336183e-02
19.820000	1.538565e-02
19.825000	1.682637e-02
19.830000	1.780328e-02
19.835000	1.841483e-02
19.840000	1.858362e-02
19.845000	1.850767e-02
19.850000	1.817097e-02
19.855000	1.749389e-02
19.860000	1.663379e-02
19.865000	1.546736e-02
19.870000	1.455730e-02
19.875000	1.404322e-02
19.880000	1.370776e-02
19.885000	1.344947e-02
19.890000	1.321154e-02
19.895000	1.258382e-02
19.900000	1.161919e-02
19.905000	1.049583e-02
19.910000	9.079374e-03
19.915000	7.446475e-03
19.920000	5.652686e-03
19.925000	3.684065e-03
19.930000	1.548078e-03
19.935000	-7.054770e-04
19.940000	-2.924141e-03
19.945000	-4.459026e-03
19.950000	-5.210659e-03
19.955000	-5.328430e-03
19.960000	-4.893010e-03
19.965000	-3.692924e-03
19.970000	-1.875381e-03
19.975000	2.449340e-04
19.980000	2.573327e-03
19.985000	4.964377e-03
19.990000	7.190910e-03
19.995000	9.180047e-03
20.000000	1.084901e-02
20.005000	1.202733e-02
20.010000	1.272145e-02
20.015000	1.297247e-02
20.020000	1.277987e-02
20.025000	1.238008e-02
20.030000	1.231254e-02
20.035000	1.247244e-02
20.040000	1.238342e-02
20.045000	1.181069e-02
20.050000	1.074802e-02
20.055000	9.555379e-03
20.060000	8.132920e-03
20.065000	6.485054e-03
20.070000	4.866054e-03
20.075000	3.464581e-03
20.080000	2.302479e-03
20.085000	1.323057e-03
20.090000	5.541231e-04
20.095000	1.640741e-04
20.100000	-4.868403e-05
20.105000	-5.877088e-05
20.110000	1.205704e-04
20.115000	1.388559e-04
20.120000	-9.901267e-05
20.125000	-5.515011e-04
20.130000	-1.151170e-03
20.135000	-1.768882e-03
20.140000	-2.428773e-03
20.145000	-3.026152e-03
20.150000	-3.815231e-03
20.155000	-4.815723e-03
20.160000	-5.726124e-03
20.165000	-6.042908e-03
20.170000	-6.061340e-03
20.175000	-5.978770e-03
20.180000	-5.688193e-03
20.185000	-5.350941e-03
20.190000	-4.927534e-03
20.195000	-4.854579e-03
20.200000	-5.386247e-03
20.205000	-6.211726e-03
20.210000	-7.156793e-03
20.215000	-8.407717e-03
20.220000	-9.746199e-03
20.225000	-1.117136e-02
20.230000	-1.252035e-02
20.235000	-1.339413e-02
20.240000	-1.400277e-02
20.245000	-1.469859e-02
20.250000	-1.559610e-02
20.255000	-1.639177e-02
20.260000	-1.687188e-02
20.265000	-1.677585e-02
20.270000	-1.617424e-02
20.275000	-1.524802e-02
20.280000	-1.418245e-02
20.285000	-1.311216e-02
20.290000	-1.199675e-02
20.295000	-1.093652e-02
20.300000	-1.019034e-02
20.305000	-9.777763e-03
20.310000	-9.681846e-03
20.315000	-9.918109e-03
20.320000	-1.037726e-02
20.325000	-1.096355e-02
20.330000	-1.170906e-02
20.335000	-1.239079e-02
20.340000	-1.310031e-02
20.345000	-1.394302e-02
20.350000	-1.501894e-02
20.355000	-1.647761e-02
20.360000	-1.841936e-02
20.365000	-2.065300e-02
20.370000	-2.276034e-02
20.375000	-2.429920e-02
20.380000	-2.532410e-02
20.385000	-2.604080e-02
20.390000	-2.664050e-02
20.395000	-2.704406e-02
20.400000	-2.705404e-02
20.405000	-2.662788e-02
20.410000	-2.604985e-02
20.415000	-2.539548e-02
20.420000	-2.470793e-02
20.425000	-2.395605e-02
20.430000	-2.321660e-02
20.435000	-2.250949e-02
20.440000	-2.181947e-02
20.445000	-2.128350e-02
20.450000	-2.087330e-02
20.455000	-2.064177e-02
20.460000	-2.042318e-02
20.465000	-2.017251e-02
20.470000	-1.984762e-02
20.475000	-1.942970e-02
20.480000	-1.898276e-02
20.485000	-1.857639e-02
20.490000	-1.804042e-02
20.495000	-1.746780e-02
20.500000	-1.711656e-02
20.505000	-1.701447e-02
20.510000	-1.715927e-02
20.515000	-1.779855e-02
20.520000	-1.868465e-02
20.525000	-1.959182e-02
20.530000	-2.028406e-02
20.535000	-2.090025e-02
20.540000	-2.164226e-02
20.545000	-2.246971e-02
20.550000	-2.321604e-02
20.555000	-2.385706e-02
20.560000	-2.440683e-02
20.565000	-2.461322e-02
20.570000	-2.463861e-02
20.575000	-2.438748e-02
20.580000	-2.399947e-02
20.585000	-2.333022e-02
20.590000	-2.248632e-02
20.595000	-2.145536e-02
20.600000	-2.030011e-02
20.605000	-1.883832e-02
20.610000	-1.715726e-02
20.615000	-1.535503e-02
20.620000	-1.347784e-02
20.625000	-1.173276e-02
20.630000	-9.813352e-03
20.635000	-7.569338e-03
20.640000	-5.112564e-03
20.645000	-2.709984e-03
20.650000	-8.235470e-04
20.655000	3.104725e-04
20.660000	9.037923e-04
20.665000	1.372509e-03
20.670000	1.773424e-03
20.675000	2.103595e-03
20.680000	2.244543e-03
20.685000	1.574781e-03
20.690000	1.230782e-04
20.695000	-1.510220e-03
20.700000	-3.104354e-03
20.705000	-4.543130e-03
20.710000	-5.916377e-03
20.715000	-7.185027e-03
20.720000	-8.265284e-03
20.725000	-9.215387e-03
20.730000	-1.004932e-02
20.735000	-1.055427e-02
20.740000	-1.086843e-02
20.745000	-1.142455e-02
20.750000	-1.233723e-02
20.755000	-1.327475e-02
20.760000	-1.404334e-02
20.765000	-1.451527e-02
20.770000	-1.474016e-02
20.775000	-1.472532e-02
20.780000	-1.462848e-02
20.785000	-1.439537e-02
20.790000	-1.383997e-02
20.795000	-1.304576e-02
20.800000	-1.207998e-02
20.805000	-1.106850e-02
20.810000	-1.008823e-02
20.815000	-8.928047e-03
20.820000	-7.630023e-03
20.825000	-6.266545e-03
20.830000	-5.105170e-03
20.835000	-4.149531e-03
20.840000	-3.332782e-03
20.845000	-2.693248e-03
20.850000	-2.482778e-03
20.855000	-2.966233e-03
20.860000	-4.042432e-03
20.865000	-5.446477e-03
20.870000	-7.131498e-03
20.875000	-8.788963e-03
20.880000	-1.021190e-02
20.885000	-1.162716e-02
20.890000	-1.324653e-02
20.895000	-1.490906e-02
20.900000	-1.650926e-02
20.905000	-1.791767e-02
20.910000	-1.895551e-02
20.915000	-1.952250e-02
20.920000	-1.972670e-02
20.925000	-1.962961e-02
20.930000	-1.929276e-02
20.935000	-1.859792e-02
20.940000	-1.764266e-02
20.945000	-1.628543e-02
20.950000	-1.462446e-02
20.955000	-1.265622e-02
20.960000	-1.033144e-02
20.965000	-7.781429e-03
20.970000	-4.882467e-03
20.975000	-1.589121e-03
20.980000	2.062045e-03
20.985000	5.700912e-03
20.990000	9.194434e-03
20.995000	1.240005e-02
21.000000	1.519342e-02
21.005000	1.777110e-02
21.010000	2.021727e-02
21.015000	2.223102e-02
21.020000	2.368790e-02
21.025000	2.509973e-02
21.030000	2.690647e-02
21.035000	2.897419e-02
21.040000	3.083804e-02
21.045000	3.245607e-02
21.050000	3.387019e-02
21.055000	3.507185e-02
21.060000	3.625781e-02
21.065000	3.731675e-02
21.070000	3.805088e-02
21.075000	3.858339e-02
21.080000	3.884693e-02
21.085000	3.887964e-02
21.090000	3.849467e-02
21.095000	3.781490e-02
21.100000	3.670272e-02
21.105000	3.522956e-02
21.110000	3.335555e-02
21.115000	3.123069e-02
21.120000	2.897925e-02
21.125000	2.670898e-02
21.130000	2.479730e-02
21.135000	2.310894e-02
21.140000	2.174365e-02
21.145000	2.078723e-02
21.150000	2.005236e-02
21.155000	1.903732e-02
21.160000	1.764571e-02
21.165000	1.625913e-02
21.170000	1.489454e-02
21.175000	1.345587e-02
21.180000	1.170743e-02
21.185000	9.481687e-03
21.190000	7.017437e-03
21.195000	4.374701e-03
21.200000	1.796868e-03
21.205000	-7.324621e-04
21.210000	-3.111383e-03
21.215000	-4.961238e-03
21.220000	-6.271811e-03
21.225000	-7.020795e-03
21.230000	-6.985812e-03
21.235000	-6.214940e-03
21.240000	-4.827399e-03
21.245000	-2.984494e-03
21.250000	-1.400098e-03
21.255000	-9.509145e-05
21.260000	1.034911e-03
21.265000	2.195007e-03
21.270000	3.354951e-03
21.275000	4.395784e-03
21.280000	5.342823e-03
21.285000	6.220483e-03
21.290000	7.176762e-03
21.295000	8.121558e-03
21.300000	9.101139e-03
21.305000	1.007290e-02
21.310000	1.098896e-02
21.315000	1.183714e-02
21.320000	1.228131e-02
21.325000	1.225839e-02
21.330000	1.166072e-02
21.335000	1.039062e-02
21.340000	8.475865e-03
21.345000	6.049394e-03
21.350000	3.248745e-03
21.355000	1.692988e-04
21.360000	-3.101435e-03
21.365000	-5.996552e-03
21.370000	-7.979661e-03
21.375000	-9.092704e-03
21.380000	-9.313435e-03
21.385000	-8.766820e-03
21.390000	-7.710661e-03
21.395000	-6.388651e-03
21.400000	-4.951969e-03
21.405000	-3.635498e-03
21.410000	-2.330798e-03
21.415000	-1.217499e-03
21.420000	-6.455333e-04
21.425000	-5.574467e-04
21.430000	-9.033284e-04
21.435000	-1.361223e-03
21.440000	-1.807248e-03
21.445000	-2.842157e-03
21.450000	-4.578096e-03
21.455000	-6.571190e-03
21.460000	-8.593899e-03
21.465000	-1.067046e-02
21.470000	-1.282716e-02
21.475000	-1.490518e-02
21.480000	-1.692293e-02
21.485000	-1.866252e-02
21.490000	-1.993546e-02
21.495000	-2.083822e-02
21.500000	-2.141838e-02
21.505000	-2.178565e-02
21.510000	-2.192850e-02
21.515000	-2.196979e-02
21.520000	-2.180343e-02
21.525000	-2.120357e-02
21.530000	-2.020422e-02
21.535000	-1.915693e-02
21.540000	-1.811364e-02
21.545000	-1.707103e-02
21.550000	-1.594958e-02
21.555000	-1.466832e-02
21.560000	-1.319074e-02
21.565000	-1.204703e-02
21.570000	-1.087926e-02
21.575000	-9.517982e-03
21.580000	-8.047960e-03
21.585000	-6.523122e-03
21.590000	-5.043536e-03
21.595000	-3.625444e-03
21.600000	-2.421819e-03
21.605000	-1.481944e-03
21.610000	-8.317490e-04
21.615000	-3.289648e-04
21.620000	2.455344e-04
21.625000	8.019767e-04
21.630000	1.418967e-03
21.635000	2.377203e-03
21.640000	3.803454e-03
21.645000	5.372150e-03
21.650000	6.573390e-03
21.655000	7.526525e-03
21.660000	8.565268e-03
21.665000	9.715161e-03
21.670000	1.071778e-02
21.675000	1.136900e-02
21.680000	1.192480e-02
21.685000	1.212694e-02
21.690000	1.198081e-02
21.695000	1.153152e-02
21.700000	1.058592e-02
21.705000	8.986076e-03
21.710000	6.735649e-03
21.715000	3.894387e-03
21.720000	8.686269e-04
21.725000	-2.371435e-03
21.730000	-5.556837e-03
21.735000	-8.356313e-03
21.740000	-1.086561e-02
21.745000	-1.346488e-02
21.750000	-1.607332e-02
21.755000	-1.839403e-02
21.760000	-2.020357e-02
21.765000	-2.154481e-02
21.770000	-2.246906e-02
21.775000	-2.304760e-02
21.780000	-2.322842e-02
21.785000	-2.288469e-02
21.790000	-2.230908e-02
21.795000	-2.171204e-02
21.800000	-2.094111e-02
21.805000	-2.007156e-02
21.810000	-1.906617e-02
21.815000	-1.812714e-02
21.820000	-1.728602e-02
21.825000	-1.650221e-02
21.830000	-1.596949e-02
21.835000	-1.555315e-02
21.840000	-1.547026e-02
21.845000	-1.552475e-02
21.850000	-1.571749e-02
21.855000	-1.619227e-02
21.860000	-1.691204e-02
21.865000	-1.792333e-02
21.870000	-1.896679e-02
21.875000	-1.956407e-02
21.880000	-1.976039e-02
21.885000	-1.972767e-02
21.890000	-1.985785e-02
21.895000	-2.015246e-02
21.900000	-2.072527e-02
21.905000	-2.142567e-02
21.910000	-2.196514e-02
21.915000	-2.228900e-02
21.920000	-2.259085e-02
21.925000	-2.268980e-02
21.930000	-2.230523e-02
21.935000	-2.188269e-02
21.940000	-2.165151e-02
21.945000	-2.106868e-02
21.950000	-2.011559e-02
21.955000	-1.873737e-02
21.960000	-1.690153e-02
21.965000	-1.476095e-02
21.970000	-1.222317e-02
21.975000	-9.459314e-03
21.980000	-6.746874e-03
21.985000	-4.099132e-03
21.990000	-1.185615e-03
21.995000	1.916852e-03
22.000000	4.732612e-03
22.005000	7.326202e-03
22.010000	9.315519e-03
22.015000	1.069975e-02
22.020000	1.181145e-02
22.025000	1.303433e-02
22.030000	1.449000e-02
22.035000	1.603669e-02
22.040000	1.763915e-02
22.045000	1.906577e-02
22.050000	2.018252e-02
22.055000	2.128872e-02
22.060000	2.224129e-02
22.065000	2.300372e-02
22.070000	2.362226e-02
22.075000	2.404661e-02
22.080000	2.431534e-02
22.085000	2.450267e-02
22.090000	2.451345e-02
22.095000	2.450355e-02
22.100000	2.452924e-02
22.105000	2.456813e-02
22.110000	2.464993e-02
22.115000	2.475506e-02
22.120000	2.483066e-02
22.125000	2.483847e-02
22.130000	2.507285e-02
22.135000	2.521407e-02
22.140000	2.536450e-02
22.145000	2.554577e-02
22.150000	2.572413e-02
22.155000	2.566662e-02
22.160000	2.539703e-02
22.165000	2.493139e-02
22.170000	2.439295e-02
22.175000	2.370893e-02
22.180000	2.264757e-02
22.185000	2.131030e-02
22.190000	1.977418e-02
22.195000	1.792666e-02
22.200000	1.573587e-02
22.205000	1.352651e-02
22.210000	1.164966e-02
22.215000	9.974621e-03
22.220000	8.876142e-03
22.225000	8.156773e-03
22.230000	7.651210e-03
22.235000	7.747870e-03
22.240000	8.489770e-03
22.245000	9.351068e-03
22.250000	1.006614e-02
22.255000	1.072997e-02
22.260000	1.149182e-02
22.265000	1.231355e-02
22.270000	1.323074e-02
22.275000	1.407584e-02
22.280000	1.478151e-02
22.285000	1.552391e-02
22.290000	1.622190e-02
22.295000	1.673311e-02
22.300000	1.711448e-02
22.305000	1.725167e-02
22.310000	1.745213e-02
22.315000	1.755118e-02
22.320000	1.730808e-02
22.325000	1.672345e-02
22.330000	1.605197e-02
22.335000	1.520065e-02
22.340000	1.400639e-02
22.345000	1.235883e-02
22.350000	1.033521e-02
22.355000	8.057956e-03
22.360000	5.524567e-03
22.365000	2.970919e-03
22.370000	6.878476e-04
22.375000	-1.093986e-03
22.380000	-2.127447e-03
22.385000	-2.475924e-03
22.390000	-2.362213e-03
22.395000	-1.915093e-03
22.400000	-1.215183e-03
22.405000	-3.703570e-05
22.410000	1.464257e-03
22.415000	3.232838e-03
22.420000	5.287206e-03
22.425000	7.455231e-03
22.430000	9.557776e-03
22.435000	1.149336e-02
22.440000	1.315459e-02
22.445000	1.443214e-02
22.450000	1.529401e-02
22.455000	1.566670e-02
22.460000	1.570594e-02
22.465000	1.560521e-02
22.470000	1.535901e-02
22.475000	1.480118e-02
22.480000	1.400146e-02
22.485000	1.308468e-02
22.490000	1.201738e-02
22.495000	1.103471e-02
22.500000	1.023034e-02
22.505000	9.516085e-03
22.510000	8.675326e-03
22.515000	7.651672e-03
22.520000	6.837102e-03
22.525000	6.686557e-03
22.530000	7.495517e-03
22.535000	8.938414e-03
22.540000	1.064349e-02
22.545000	1.241842e-02
22.550000	1.418369e-02
22.555000	1.605005e-02
22.560000	1.832756e-02
22.565000	2.048277e-02
22.570000	2.228445e-02
22.575000	2.388215e-02
22.580000	2.506022e-02
22.585000	2.577771e-02
22.590000	2.611450e-02
22.595000	2.608100e-02
22.600000	2.575832e-02
22.605000	2.539784e-02
22.610000	2.501991e-02
22.615000	2.450239e-02
22.620000	2.381956e-02
22.625000	2.328256e-02
22.630000	2.292756e-02
22.635000	2.295633e-02
22.640000	2.331229e-02
22.645000	2.378597e-02
22.650000	2.405818e-02
22.655000	2.402760e-02
22.660000	2.398549e-02
22.665000	2.399844e-02
22.670000	2.404802e-02
22.675000	2.423786e-02
22.680000	2.427084e-02
22.685000	2.385706e-02
22.690000	2.318591e-02
22.695000	2.219909e-02
22.700000	2.100114e-02
22.705000	1.958298e-02
22.710000	1.811998e-02
22.715000	1.648585e-02
22.720000	1.484951e-02
22.725000	1.339239e-02
22.730000	1.227467e-02
22.735000	1.156392e-02
22.740000	1.108643e-02
22.745000	1.071515e-02
22.750000	1.005795e-02
22.755000	9.128709e-03
22.760000	8.150627e-03
22.765000	7.427464e-03
22.770000	6.980910e-03
22.775000	6.567592e-03
22.780000	6.200733e-03
22.785000	5.831901e-03
22.790000	5.384792e-03
22.795000	4.747165e-03
22.800000	3.955720e-03
22.805000	3.230794e-03
22.810000	2.461246e-03
22.815000	1.543612e-03
22.820000	5.827252e-04
22.825000	-4.196694e-04
22.830000	-1.535830e-03
22.835000	-2.925736e-03
22.840000	-4.602128e-03
22.845000	-6.362168e-03
22.850000	-8.119237e-03
22.855000	-9.971648e-03
22.860000	-1.189585e-02
22.865000	-1.390777e-02
22.870000	-1.593721e-02
22.875000	-1.748764e-02
22.880000	-1.839498e-02
22.885000	-1.890850e-02
22.890000	-1.913696e-02
22.895000	-1.909877e-02
22.900000	-1.889858e-02
22.905000	-1.838624e-02
22.910000	-1.762735e-02
22.915000	-1.666654e-02
22.920000	-1.555352e-02
22.925000	-1.438009e-02
22.930000	-1.337718e-02
22.935000	-1.249586e-02
22.940000	-1.197991e-02
22.945000	-1.173029e-02
22.950000	-1.174839e-02
22.955000	-1.175820e-02
22.960000	-1.173354e-02
22.965000	-1.172213e-02
22.970000	-1.167241e-02
22.975000	-1.151234e-02
22.980000	-1.118308e-02
22.985000	-1.081410e-02
22.990000	-1.065302e-02
22.995000	-1.045548e-02
23.000000	-1.028351e-02
23.005000	-1.015150e-02
23.010000	-1.014076e-02
23.015000	-1.024445e-02
23.020000	-1.047570e-02
23.025000	-1.058154e-02
23.030000	-1.049972e-02
23.035000	-1.046689e-02
23.040000	-1.056384e-02
23.045000	-1.084650e-02
23.050000	-1.125831e-02
23.055000	-1.158397e-02
23.060000	-1.188077e-02
23.065000	-1.236108e-02
23.070000	-1.287147e-02
23.075000	-1.329551e-02
23.080000	-1.372554e-02
23.085000	-1.368617e-02
23.090000	-1.328141e-02
23.095000	-1.278680e-02
23.100000	-1.237406e-02
23.105000	-1.189372e-02
23.110000	-1.124806e-02
23.115000	-1.053398e-02
23.120000	-9.753471e-03
23.125000	-9.157460e-03
23.130000	-8.643843e-03
23.135000	-8.185827e-03
23.140000	-7.742367e-03
23.145000	-7.343417e-03
23.150000	-7.332674e-03
23.155000	-7.603423e-03
23.160000	-7.864808e-03
23.165000	-7.805831e-03
23.170000	-7.336895e-03
23.175000	-6.654631e-03
23.180000	-5.764890e-03
23.185000	-4.680278e-03
23.190000	-3.290728e-03
23.195000	-1.708267e-03
23.200000	-7.578509e-05
23.205000	1.806551e-03
23.210000	3.786062e-03
23.215000	5.708722e-03
23.220000	7.516579e-03
23.225000	9.066077e-03
23.230000	1.025999e-02
23.235000	1.105857e-02
23.240000	1.159832e-02
23.245000	1.152031e-02
23.250000	1.088222e-02
23.255000	9.719923e-03
23.260000	8.373631e-03
23.265000	7.024875e-03
23.270000	5.928768e-03
23.275000	5.143956e-03
23.280000	4.556798e-03
23.285000	4.163008e-03
23.290000	4.103415e-03
23.295000	4.052183e-03
23.300000	3.986763e-03
23.305000	4.044264e-03
23.310000	4.030076e-03
23.315000	4.021979e-03
23.320000	4.051765e-03
23.325000	4.082980e-03
23.330000	4.041254e-03
23.335000	3.833497e-03
23.340000	3.422205e-03
23.345000	2.991698e-03
23.350000	2.804407e-03
23.355000	2.407252e-03
23.360000	1.694014e-03
23.365000	9.456346e-04
23.370000	3.839668e-05
23.375000	-7.333328e-04
23.380000	-1.157603e-03
23.385000	-1.442434e-03
23.390000	-1.805029e-03
23.395000	-2.360163e-03
23.400000	-2.785297e-03
23.405000	-3.249475e-03
23.410000	-3.708148e-03
23.415000	-4.003121e-03
23.420000	-4.046699e-03
23.425000	-3.864005e-03
23.430000	-3.693474e-03
23.435000	-3.636060e-03
23.440000	-3.638719e-03
23.445000	-3.754019e-03
23.450000	-3.838605e-03
23.455000	-3.865795e-03
23.460000	-4.172308e-03
23.465000	-4.686347e-03
23.470000	-5.473159e-03
23.475000	-6.094591e-03
23.480000	-6.567840e-03
23.485000	-7.149846e-03
23.490000	-7.824734e-03
23.495000	-8.425792e-03
23.500000	-8.854970e-03
23.505000	-9.158174e-03
23.510000	-9.495307e-03
23.515000	-9.939483e-03
23.520000	-1.058126e-02
23.525000	-1.103778e-02
23.530000	-1.109196e-02
23.535000	-1.091904e-02
23.540000	-1.074447e-02
23.545000	-1.069621e-02
23.550000	-1.087311e-02
23.555000	-1.111907e-02
23.560000	-1.127289e-02
23.565000	-1.148420e-02
23.570000	-1.159759e-02
23.575000	-1.155019e-02
23.580000	-1.153986e-02
23.585000	-1.156893e-02
23.590000	-1.157550e-02
23.595000	-1.147559e-02
23.600000	-1.118746e-02
23.605000	-1.073171e-02
23.610000	-1.015162e-02
23.615000	-9.304725e-03
23.620000	-8.152580e-03
23.625000	-6.825506e-03
23.630000	-5.298086e-03
23.635000	-3.544524e-03
23.640000	-1.912287e-03
23.645000	-5.430065e-04
23.650000	5.181770e-04
23.655000	8.561700e-04
23.660000	3.698709e-04
23.665000	-7.128023e-04
23.670000	-2.022132e-03
23.675000	-3.525137e-03
23.680000	-5.565335e-03
23.685000	-8.169176e-03
23.690000	-1.108659e-02
23.695000	-1.390364e-02
23.700000	-1.664928e-02
23.705000	-1.907785e-02
23.710000	-2.112342e-02
23.715000	-2.277771e-02
23.720000	-2.399698e-02
23.725000	-2.457138e-02
23.730000	-2.437802e-02
23.735000	-2.329573e-02
23.740000	-2.152786e-02
23.745000	-1.935660e-02
23.750000	-1.693338e-02
23.755000	-1.440455e-02
23.760000	-1.208984e-02
23.765000	-9.752146e-03
23.770000	-7.575079e-03
23.775000	-5.679033e-03
23.780000	-4.165082e-03
23.785000	-3.138655e-03
23.790000	-2.758043e-03
23.795000	-3.195557e-03
23.800000	-4.106969e-03
23.805000	-5.350674e-03
23.810000	-6.824746e-03
23.815000	-8.453584e-03
23.820000	-1.013518e-02
23.825000	-1.163139e-02
23.830000	-1.294533e-02
23.835000	-1.374108e-02
23.840000	-1.391927e-02
23.845000	-1.328503e-02
23.850000	-1.196212e-02
23.855000	-1.062797e-02
23.860000	-9.588314e-03
23.865000	-8.710589e-03
23.870000	-7.376338e-03
23.875000	-4.858942e-03
23.880000	-1.789007e-03
23.885000	1.032730e-03
23.890000	3.287147e-03
23.895000	4.984886e-03
23.900000	6.199467e-03
23.905000	7.106046e-03
23.910000	7.602943e-03
23.915000	7.374816e-03
23.920000	6.339647e-03
23.925000	4.534812e-03
23.930000	2.159523e-03
23.935000	-1.021563e-03
23.940000	-4.738839e-03
23.945000	-8.483795e-03
23.950000	-1.189561e-02
23.955000	-1.473528e-02
23.960000	-1.691778e-02
23.965000	-1.853548e-02
23.970000	-1.946145e-02
23.975000	-1.972171e-02
23.980000	-1.925254e-02
23.985000	-1.783104e-02
23.990000	-1.538377e-02
23.995000	-1.191194e-02
24.000000	-7.537843e-03
24.005000	-3.264510e-03
24.010000	7.648463e-04
24.015000	4.476403e-03
24.020000	7.503650e-03
24.025000	1.004974e-02
24.030000	1.238514e-02
24.035000	1.439905e-02
24.040000	1.566801e-02
24.045000	1.619069e-02
24.050000	1.607353e-02
24.055000	1.557668e-02
24.060000	1.494783e-02
24.065000	1.420628e-02
24.070000	1.345615e-02
24.075000	1.263178e-02
24.080000	1.185956e-02
24.085000	1.095218e-02
24.090000	9.863585e-03
24.095000	8.682317e-03
24.100000	7.451857e-03
24.105000	6.355574e-03
24.110000	5.322906e-03
24.115000	4.206616e-03
24.120000	2.937933e-03
24.125000	1.539304e-03
24.130000	-7.759793e-05
24.135000	-1.916011e-03
24.140000	-3.670223e-03
24.145000	-5.268982e-03
24.150000	-6.978534e-03
24.155000	-8.981653e-03
24.160000	-1.112512e-02
24.165000	-1.301368e-02
24.170000	-1.446688e-02
24.175000	-1.534147e-02
24.180000	-1.580144e-02
24.185000	-1.595092e-02
24.190000	-1.585138e-02
24.195000	-1.552674e-02
24.200000	-1.519385e-02
24.205000	-1.469265e-02
24.210000	-1.398755e-02
24.215000	-1.349885e-02
24.220000	-1.329446e-02
24.225000	-1.336367e-02
24.230000	-1.339104e-02
24.235000	-1.334588e-02
24.240000	-1.328376e-02
24.245000	-1.324458e-02
24.250000	-1.328153e-02
24.255000	-1.341953e-02
24.260000	-1.359829e-02
24.265000	-1.359097e-02
24.270000	-1.311440e-02
24.275000	-1.232036e-02
24.280000	-1.118875e-02
24.285000	-9.930350e-03
24.290000	-8.463604e-03
24.295000	-6.808309e-03
24.300000	-5.093382e-03
24.305000	-3.416053e-03
24.310000	-1.947993e-03
24.315000	-8.515104e-04
24.320000	-1.656043e-04
24.325000	1.901771e-04
24.330000	9.453757e-05
24.335000	-3.047465e-04
24.340000	-1.072029e-03
24.345000	-2.003460e-03
24.350000	-3.002029e-03
24.355000	-4.077259e-03
24.360000	-5.240040e-03
24.365000	-6.236585e-03
24.370000	-6.846823e-03
24.375000	-6.920913e-03
24.380000	-6.578023e-03
24.385000	-6.115225e-03
24.390000	-5.477792e-03
24.395000	-4.863385e-03
24.400000	-4.107027e-03
24.405000	-3.257804e-03
24.410000	-2.417734e-03
24.415000	-1.610608e-03
24.420000	-9.531647e-04
24.425000	-4.551837e-04
24.430000	3.616176e-05
24.435000	5.097185e-04
24.440000	9.897458e-04
24.445000	1.324396e-03
24.450000	1.442834e-03
24.455000	1.606074e-03
24.460000	1.665546e-03
24.465000	1.738446e-03
24.470000	1.621259e-03
24.475000	1.045971e-03
24.480000	3.102918e-04
24.485000	-4.695674e-04
24.490000	-1.447447e-03
24.495000	-2.639217e-03
24.500000	-4.017304e-03
24.505000	-5.705272e-03
24.510000	-7.554370e-03
24.515000	-9.533266e-03
24.520000	-1.154711e-02
24.525000	-1.332802e-02
24.530000	-1.464336e-02
24.535000	-1.563163e-02
24.540000	-1.645219e-02
24.545000	-1.725382e-02
24.550000	-1.791232e-02
24.555000	-1.860370e-02
24.560000	-1.932011e-02
24.565000	-1.987607e-02
24.570000	-2.027484e-02
24.575000	-2.071741e-02
24.580000	-2.086805e-02
24.585000	-2.090510e-02
24.590000	-2.101699e-02
24.595000	-2.099003e-02
24.600000	-2.054360e-02
24.605000	-1.974643e-02
24.610000	-1.879801e-02
24.615000	-1.765759e-02
24.620000	-1.649969e-02
24.625000	-1.524456e-02
24.630000	-1.380007e-02
24.635000	-1.191964e-02
24.640000	-9.767493e-03
24.645000	-7.512374e-03
24.650000	-5.355012e-03
24.655000	-3.430918e-03
24.660000	-1.557448e-03
24.665000	5.014393e-04
24.670000	2.965178e-03
24.675000	5.479995e-03
24.680000	7.786242e-03
24.685000	9.823215e-03
24.690000	1.176245e-02
24.695000	1.311796e-02
24.700000	1.405287e-02
24.705000	1.491326e-02
24.710000	1.577127e-02
24.715000	1.623484e-02
24.720000	1.627752e-02
24.725000	1.595091e-02
24.730000	1.547468e-02
24.735000	1.511664e-02
24.740000	1.484115e-02
24.745000	1.446612e-02
24.750000	1.357280e-02
24.755000	1.233576e-02
24.760000	1.091436e-02
24.765000	9.409925e-03
24.770000	7.962884e-03
24.775000	6.795511e-03
24.780000	5.760070e-03
24.785000	4.834407e-03
24.790000	4.051033e-03
24.795000	3.093530e-03
24.800000	2.129755e-03
24.805000	1.510003e-03
24.810000	1.125813e-03
24.815000	8.111259e-04
24.820000	4.784488e-04
24.825000	6.178027e-05
24.830000	-3.098731e-04
24.835000	-5.787881e-04
24.840000	-6.274000e-04
24.845000	-6.079915e-04
24.850000	-7.442706e-04
24.855000	-1.001732e-03
24.860000	-1.635243e-03
24.865000	-2.502956e-03
24.870000	-3.246767e-03
24.875000	-3.768583e-03
24.880000	-3.919566e-03
24.885000	-3.843481e-03
24.890000	-3.535246e-03
24.895000	-3.255842e-03
24.900000	-2.880771e-03
24.905000	-2.227474e-03
24.910000	-1.231836e-03
24.915000	2.674672e-04
24.920000	1.980029e-03
24.925000	3.935478e-03
24.930000	6.141435e-03
24.935000	8.503520e-03
24.940000	1.078056e-02
24.945000	1.294928e-02
24.950000	1.535255e-02
24.955000	1.779552e-02
24.960000	1.973189e-02
24.965000	2.147285e-02
24.970000	2.302725e-02
24.975000	2.417466e-02
24.980000	2.481032e-02
24.985000	2.501604e-02
24.990000	2.491361e-02
24.995000	2.451077e-02
25.000000	2.370717e-02
25.005000	2.259685e-02
25.010000	2.124939e-02
25.015000	1.971137e-02
25.020000	1.814011e-02
25.025000	1.683519e-02
25.030000	1.599833e-02
25.035000	1.575142e-02
25.040000	1.588224e-02
25.045000	1.598797e-02
25.050000	1.601038e-02
25.055000	1.580884e-02
25.060000	1.554180e-02
25.065000	1.533079e-02
25.070000	1.509696e-02
25.075000	1.470773e-02
25.080000	1.408568e-02
25.085000	1.311486e-02
25.090000	1.211747e-02
25.095000	1.114442e-02
25.100000	1.002740e-02
25.105000	8.893772e-03
25.110000	7.863530e-03
25.115000	6.891783e-03
25.120000	6.044896e-03
25.125000	5.230814e-03
25.130000	4.437745e-03
25.135000	3.829804e-03
25.140000	3.567777e-03
25.145000	3.696012e-03
25.150000	3.776144e-03
25.155000	3.563008e-03
25.160000	3.056908e-03
25.165000	2.811956e-03
25.170000	2.848824e-03
25.175000	2.953144e-03
25.180000	3.192197e-03
25.185000	3.578041e-03
25.190000	3.935337e-03
25.195000	4.253574e-03
25.200000	4.664288e-03
25.205000	5.168669e-03
25.210000	5.721168e-03
25.215000	6.243878e-03
25.220000	6.842175e-03
25.225000	7.559741e-03
25.230000	8.666072e-03
25.235000	1.002134e-02
25.240000	1.140434e-02
25.245000	1.263998e-02
25.250000	1.349664e-02
25.255000	1.399842e-02
25.260000	1.426660e-02
25.265000	1.451119e-02
25.270000	1.484071e-02
25.275000	1.508159e-02
25.280000	1.527328e-02
25.285000	1.536126e-02
25.290000	1.561692e-02
25.295000	1.608740e-02
25.300000	1.649197e-02
25.305000	1.681462e-02
25.310000	1.726588e-02
25.315000	1.760381e-02
25.320000	1.793477e-02
25.325000	1.839525e-02
25.330000	1.848842e-02
25.335000	1.813754e-02
25.340000	1.745248e-02
25.345000	1.680772e-02
25.350000	1.608129e-02
25.355000	1.522388e-02
25.360000	1.419645e-02
25.365000	1.313147e-02
25.370000	1.229942e-02
25.375000	1.187337e-02
25.380000	1.196193e-02
25.385000	1.239451e-02
25.390000	1.290270e-02
25.395000	1.359787e-02
25.400000	1.459747e-02
25.405000	1.579347e-02
25.410000	1.706066e-02
25.415000	1.832572e-02
25.420000	1.963233e-02
25.425000	2.099294e-02
25.430000	2.232505e-02
25.435000	2.342877e-02
25.440000	2.431097e-02
25.445000	2.492031e-02
25.450000	2.520391e-02
25.455000	2.519823e-02
25.460000	2.484053e-02
25.465000	2.415263e-02
25.470000	2.329199e-02
25.475000	2.227626e-02
25.480000	2.101629e-02
25.485000	1.960119e-02
25.490000	1.805870e-02
25.495000	1.648189e-02
25.500000	1.503961e-02
25.505000	1.356167e-02
25.510000	1.190752e-02
25.515000	1.002926e-02
25.520000	8.041171e-03
25.525000	6.280405e-03
25.530000	5.138713e-03
25.535000	4.443442e-03
25.540000	3.834843e-03
25.545000	3.082104e-03
25.550000	2.440950e-03
25.555000	1.944899e-03
25.560000	1.797601e-03
25.565000	1.855942e-03
25.570000	1.848323e-03
25.575000	1.761801e-03
25.580000	1.593212e-03
25.585000	1.205045e-03
25.590000	6.728514e-04
25.595000	1.281895e-04
25.600000	-4.205053e-04
25.605000	-1.122555e-03
25.610000	-1.942053e-03
25.615000	-2.956822e-03
25.620000	-3.908107e-03
25.625000	-4.753842e-03
25.630000	-5.443782e-03
25.635000	-5.957717e-03
25.640000	-6.170339e-03
25.645000	-6.382985e-03
25.650000	-7.057216e-03
25.655000	-8.086969e-03
25.660000	-9.280733e-03
25.665000	-1.058152e-02
25.670000	-1.177335e-02
25.675000	-1.293841e-02
25.680000	-1.420786e-02
25.685000	-1.521739e-02
25.690000	-1.602304e-02
25.695000	-1.660928e-02
25.700000	-1.685376e-02
25.705000	-1.685119e-02
25.710000	-1.665555e-02
25.715000	-1.634589e-02
25.720000	-1.610675e-02
25.725000	-1.582345e-02
25.730000	-1.535397e-02
25.735000	-1.468537e-02
25.740000	-1.389069e-02
25.745000	-1.331127e-02
25.750000	-1.300174e-02
25.755000	-1.281663e-02
25.760000	-1.260459e-02
25.765000	-1.216710e-02
25.770000	-1.154782e-02
25.775000	-1.010380e-02
25.780000	-9.288950e-03
25.785000	-8.510257e-03
25.790000	-7.459391e-03
25.795000	-6.407140e-03
25.800000	-5.517175e-03
25.805000	-4.590631e-03
25.810000	-3.675391e-03
25.815000	-2.833081e-03
25.820000	-2.055996e-03
25.825000	-1.565641e-03
25.830000	-1.242563e-03
25.835000	-7.893556e-04
25.840000	-5.716101e-04
25.845000	-5.799813e-04
25.850000	-5.742689e-04
25.855000	-6.433429e-04
25.860000	-9.252528e-04
25.865000	-1.427357e-03
25.870000	-1.863957e-03
25.875000	-2.048086e-03
25.880000	-2.290344e-03
25.885000	-2.472802e-03
25.890000	-2.691232e-03
25.895000	-2.856346e-03
25.900000	-2.941075e-03
25.905000	-3.178479e-03
25.910000	-3.498414e-03
25.915000	-3.593256e-03
25.920000	-3.541928e-03
25.925000	-3.499361e-03
25.930000	-3.255536e-03
25.935000	-2.698174e-03
25.940000	-1.923539e-03
25.945000	-9.707948e-04
25.950000	7.909497e-05
25.955000	1.149186e-03
25.960000	2.119986e-03
25.965000	3.072493e-03
25.970000	4.081527e-03
25.975000	4.880867e-03
25.980000	5.320891e-03
25.985000	5.450554e-03
25.990000	5.522390e-03
25.995000	5.459961e-03
26.000000	5.297127e-03
26.005000	4.888770e-03
26.010000	4.231871e-03
26.015000	3.492981e-03
26.020000	2.638203e-03
26.025000	1.756035e-03
26.030000	9.007542e-04
26.035000	4.954190e-05
26.040000	-1.066090e-03
26.045000	-2.590581e-03
26.050000	-4.618159e-03
26.055000	-6.778665e-03
26.060000	-9.104546e-03
26.065000	-1.124192e-02
26.070000	-1.305991e-02
26.075000	-1.487103e-02
26.080000	-1.671600e-02
26.085000	-1.847822e-02
26.090000	-1.998017e-02
26.095000	-2.116253e-02
26.100000	-2.199748e-02
26.105000	-2.251710e-02
26.110000	-2.271508e-02
26.115000	-2.259449e-02
26.120000	-2.236291e-02
26.125000	-2.206745e-02
26.130000	-2.127386e-02
26.135000	-2.001098e-02
26.140000	-1.855731e-02
26.145000	-1.694791e-02
26.150000	-1.537064e-02
26.155000	-1.403947e-02
26.160000	-1.279412e-02
26.165000	-1.132905e-02
26.170000	-9.638599e-03
26.175000	-7.977416e-03
26.180000	-6.440051e-03
26.185000	-5.051580e-03
26.190000	-3.906042e-03
26.195000	-3.127044e-03
26.200000	-2.617956e-03
26.205000	-2.340845e-03
26.210000	-2.235049e-03
26.215000	-2.516428e-03
26.220000	-3.061934e-03
26.225000	-3.855173e-03
26.230000	-4.720987e-03
26.235000	-5.341776e-03
26.240000	-5.726009e-03
26.245000	-6.129436e-03
26.250000	-6.768490e-03
26.255000	-7.553677e-03
26.260000	-8.145051e-03
26.265000	-8.382388e-03
26.270000	-8.174573e-03
26.275000	-7.617496e-03
26.280000	-7.109799e-03
26.285000	-6.320287e-03
26.290000	-5.284929e-03
26.295000	-4.287872e-03
26.300000	-3.162735e-03
26.305000	-1.962970e-03
26.310000	-6.549663e-04
26.315000	5.343692e-04
26.320000	1.580862e-03
26.325000	2.415646e-03
26.330000	2.990731e-03
26.335000	3.198303e-03
26.340000	3.000503e-03
26.345000	2.584707e-03
26.350000	1.967023e-03
26.355000	9.865558e-04
26.360000	-1.605898e-04
26.365000	-1.583189e-03
26.370000	-2.936655e-03
26.375000	-3.600487e-03
26.380000	-3.713377e-03
26.385000	-3.533582e-03
26.390000	-3.107706e-03
26.395000	-2.540820e-03
26.400000	-1.709539e-03
26.405000	-7.338711e-04
26.410000	3.203384e-04
26.415000	1.329503e-03
26.420000	2.344087e-03
26.425000	3.288832e-03
26.430000	4.015895e-03
26.435000	4.832947e-03
26.440000	5.698108e-03
26.445000	6.260502e-03
26.450000	6.556426e-03
26.455000	6.637731e-03
26.460000	6.571418e-03
26.465000	6.493622e-03
26.470000	6.248061e-03
26.475000	5.647472e-03
26.480000	4.838542e-03
26.485000	4.048582e-03
26.490000	3.280148e-03
26.495000	2.550625e-03
26.500000	1.937401e-03
26.505000	1.478828e-03
26.510000	9.851484e-04
26.515000	5.285587e-04
26.520000	1.911891e-04
26.525000	1.461843e-04
26.530000	6.603507e-04
26.535000	1.582728e-03
26.540000	2.458459e-03
26.545000	3.095517e-03
26.550000	3.629949e-03
26.555000	4.075874e-03
26.560000	4.607042e-03
26.565000	5.107089e-03
26.570000	5.483545e-03
26.575000	5.713261e-03
26.580000	5.794081e-03
26.585000	5.883802e-03
26.590000	6.079348e-03
26.595000	6.417040e-03
26.600000	6.650584e-03
26.605000	6.662171e-03
26.610000	6.488322e-03
26.615000	6.171053e-03
26.620000	5.748017e-03
26.625000	5.445730e-03
26.630000	5.310822e-03
26.635000	5.152834e-03
26.640000	5.068251e-03
26.645000	5.029026e-03
26.650000	4.761371e-03
26.655000	4.156907e-03
26.660000	3.361093e-03
26.665000	2.611786e-03
26.670000	2.112447e-03
26.675000	1.584433e-03
26.680000	1.030354e-03
26.685000	4.855064e-04
26.690000	1.451549e-04
26.695000	-1.823210e-05
26.700000	-3.170215e-04
26.705000	-6.087702e-04
26.710000	-4.900466e-04
26.715000	-2.262139e-04
26.720000	5.385119e-05
26.725000	5.799207e-04
26.730000	1.455207e-03
26.735000	2.596352e-03
26.740000	3.827759e-03
26.745000	4.755563e-03
26.750000	5.202919e-03
26.755000	5.402947e-03
26.760000	5.348650e-03
26.765000	5.134159e-03
26.770000	4.688232e-03
26.775000	4.005009e-03
26.780000	3.191635e-03
26.785000	2.199961e-03
26.790000	1.153689e-03
26.795000	1.387029e-04
26.800000	-7.474134e-04
26.805000	-1.513566e-03
26.810000	-2.097990e-03
26.815000	-2.509411e-03
26.820000	-2.801073e-03
26.825000	-2.864316e-03
26.830000	-2.713297e-03
26.835000	-2.401310e-03
26.840000	-1.889056e-03
26.845000	-1.371166e-03
26.850000	-6.815169e-04
26.855000	2.651080e-04
26.860000	1.237275e-03
26.865000	2.085032e-03
26.870000	2.985839e-03
26.875000	4.100548e-03
26.880000	5.212096e-03
26.885000	6.130917e-03
26.890000	6.605230e-03
26.895000	6.757889e-03
26.900000	6.614658e-03
26.905000	6.123863e-03
26.910000	5.498851e-03
26.915000	4.786926e-03
26.920000	4.016580e-03
26.925000	3.293757e-03
26.930000	2.658550e-03
26.935000	2.102493e-03
26.940000	1.640598e-03
26.945000	1.271696e-03
26.950000	9.070599e-04
26.955000	5.843074e-04
26.960000	2.096043e-04
26.965000	-1.289924e-04
26.970000	-5.744170e-04
26.975000	-9.182978e-04
26.980000	-1.140269e-03
26.985000	-1.242689e-03
26.990000	-1.412843e-03
26.995000	-1.566511e-03
27.000000	-1.604274e-03
27.005000	-1.534582e-03
27.010000	-1.385240e-03
27.015000	-1.283285e-03
27.020000	-1.218380e-03
27.025000	-1.074745e-03
27.030000	-6.590701e-04
27.035000	-9.539078e-05
27.040000	3.566579e-04
27.045000	6.007431e-04
27.050000	6.191736e-04
27.055000	5.693254e-04
27.060000	5.485362e-04
27.065000	4.686878e-04
27.070000	2.463736e-04
27.075000	-8.877538e-05
27.080000	-3.510762e-04
27.085000	-5.059240e-04
27.090000	-5.627358e-04
27.095000	-5.762749e-04
27.100000	-4.903793e-04
27.105000	-2.453357e-04
27.110000	6.709293e-06
27.115000	1.900965e-04
27.120000	4.085242e-04
27.125000	7.082545e-04
27.130000	1.025064e-03
27.135000	1.300672e-03
27.140000	1.535371e-03
27.145000	1.687289e-03
27.150000	1.607082e-03
27.155000	1.284384e-03
27.160000	9.035938e-04
27.165000	5.278728e-04
27.170000	2.256299e-04
27.175000	-3.503594e-05
27.180000	-3.830110e-04
27.185000	-8.296642e-04
27.190000	-1.335060e-03
27.195000	-1.780541e-03
27.200000	-2.232735e-03
27.205000	-2.731054e-03
27.210000	-3.236308e-03
27.215000	-3.687191e-03
27.220000	-4.003570e-03
27.225000	-4.179101e-03
27.230000	-4.184256e-03
27.235000	-4.157948e-03
27.240000	-4.128557e-03
27.245000	-4.073742e-03
27.250000	-3.974622e-03
27.255000	-3.747110e-03
27.260000	-3.432042e-03
27.265000	-3.109591e-03
27.270000	-2.719067e-03
27.275000	-2.214156e-03
27.280000	-1.743738e-03
27.285000	-1.288473e-03
27.290000	-8.972598e-04
27.295000	-5.705178e-04
27.300000	-3.075425e-04
27.305000	-1.421585e-04
27.310000	-3.030759e-05
27.315000	1.037697e-05
27.320000	-2.339952e-05
27.325000	-8.116324e-05
27.330000	-1.568548e-04
27.335000	-2.564718e-04
27.340000	-2.769396e-04
27.345000	-2.703137e-04
27.350000	-2.289179e-04
27.355000	-2.286682e-04
27.360000	-3.727874e-04
27.365000	-5.061314e-04
27.370000	-4.498525e-04
27.375000	-2.448571e-04
27.380000	-3.167855e-05
27.385000	3.855110e-05
27.390000	-8.850962e-07
27.395000	-1.179709e-04
27.400000	-3.188609e-04
27.405000	-5.984623e-04
27.410000	-9.099453e-04
27.415000	-1.275343e-03
27.420000	-1.674007e-03
27.425000	-2.057230e-03
27.430000	-2.462515e-03
27.435000	-2.796482e-03
27.440000	-3.120822e-03
27.445000	-3.379009e-03
27.450000	-3.513925e-03
27.455000	-3.540212e-03
27.460000	-3.469309e-03
27.465000	-3.325564e-03
27.470000	-3.124232e-03
27.475000	-2.850878e-03
27.480000	-2.560005e-03
27.485000	-2.254301e-03
27.490000	-1.921788e-03
27.495000	-1.651400e-03
27.500000	-1.430984e-03
27.505000	-1.281077e-03
27.510000	-1.193031e-03
27.515000	-1.131477e-03
27.520000	-1.121464e-03
27.525000	-1.214490e-03
27.530000	-1.304757e-03
27.535000	-1.351053e-03
27.540000	-1.407623e-03
27.545000	-1.492713e-03
27.550000	-1.611210e-03
27.555000	-1.729176e-03
27.560000	-1.816586e-03
27.565000	-1.844911e-03
27.570000	-1.803912e-03
27.575000	-1.728944e-03
27.580000	-1.632220e-03
27.585000	-1.555824e-03
27.590000	-1.514677e-03
27.595000	-1.504111e-03
27.600000	-1.472029e-03
27.605000	-1.446664e-03
27.610000	-1.487905e-03
27.615000	-1.547901e-03
27.620000	-1.664258e-03
27.625000	-1.813486e-03
27.630000	-1.939058e-03
27.635000	-2.043598e-03
27.640000	-2.113963e-03
27.645000	-2.176814e-03
27.650000	-2.259338e-03
27.655000	-2.346783e-03
27.660000	-2.438427e-03
27.665000	-2.478195e-03
27.670000	-2.444859e-03
27.675000	-2.377932e-03
27.680000	-2.246178e-03
27.685000	-2.094793e-03
27.690000	-1.933999e-03
27.695000	-1.764154e-03
27.700000	-1.593611e-03
27.705000	-1.450305e-03
27.710000	-1.346395e-03
27.715000	-1.273122e-03
27.720000	-1.265766e-03
27.725000	-1.304405e-03
27.730000	-1.343938e-03
27.735000	-1.379890e-03
27.740000	-1.417952e-03
27.745000	-1.462626e-03
27.750000	-1.546853e-03
27.755000	-1.666236e-03
27.760000	-1.767303e-03
27.765000	-1.836545e-03
27.770000	-1.848247e-03
27.775000	-1.806788e-03
27.780000	-1.755141e-03
27.785000	-1.713815e-03
27.790000	-1.669616e-03
27.795000	-1.604361e-03
27.800000	-1.512552e-03
27.805000	-1.414781e-03
27.810000	-1.362305e-03
27.815000	-1.314649e-03
27.820000	-1.239284e-03
27.825000	-1.150634e-03
27.830000	-1.084766e-03
27.835000	-1.032355e-03
27.840000	-9.635214e-04
27.845000	-8.852692e-04
27.850000	-8.106354e-04
27.855000	-7.237167e-04
27.860000	-6.524273e-04
27.865000	-5.961564e-04
27.870000	-5.525516e-04
27.875000	-4.784924e-04
27.880000	-3.799618e-04
27.885000	-2.910843e-04
27.890000	-2.038494e-04
27.895000	-1.160191e-04
27.900000	-4.032792e-05
27.905000	1.474822e-05
27.910000	6.176755e-05
27.915000	9.841731e-05
27.920000	1.243233e-04
27.925000	1.365023e-04
27.930000	1.523883e-04
27.935000	1.599293e-04
27.940000	1.530960e-04
27.945000	1.355353e-04
27.950000	9.094754e-05
27.955000	3.902082e-05
27.960000	-1.526446e-05
27.965000	-7.554516e-05
27.970000	-1.332225e-04
27.975000	-1.960210e-04
27.980000	-2.584740e-04
27.985000	-3.224544e-04
27.990000	-3.862779e-04
27.995000	-4.390864e-04
28.000000	-4.807452e-04
28.005000	-5.119257e-04
28.010000	-5.376191e-04
28.015000	-5.599509e-04
28.020000	-5.791819e-04
28.025000	-5.863657e-04
28.030000	-5.600886e-04
28.035000	-5.159894e-04
28.040000	-4.707502e-04
28.045000	-4.252437e-04
28.050000	-3.817091e-04
28.055000	-3.364193e-04
28.060000	-2.896460e-04
28.065000	-2.432421e-04
28.070000	-1.956057e-04
28.075000	-1.486802e-04
28.080000	-1.048898e-04
28.085000	-6.913920e-05
28.090000	-3.133726e-05
28.095000	-1.133154e-07
28.100000	1.967689e-05
28.105000	3.347000e-05
28.110000	4.184348e-05
28.115000	4.528396e-05
28.120000	4.186617e-05
28.125000	3.720729e-05
28.130000	3.160773e-05
28.135000	2.589961e-05
28.140000	2.482148e-05
28.145000	3.000039e-05
28.150000	3.738904e-05
28.155000	4.580339e-05
28.160000	5.499764e-05
28.165000	6.413300e-05
28.170000	7.659758e-05
28.175000	9.723290e-05
28.180000	1.226311e-04
28.185000	1.480260e-04
28.190000	1.747877e-04
28.195000	2.034104e-04
28.200000	2.319492e-04
28.205000	2.599745e-04
28.210000	2.858001e-04
28.215000	3.099397e-04
28.220000	3.311208e-04
28.225000	3.491587e-04
28.230000	3.641521e-04
28.235000	3.789904e-04
28.240000	3.949154e-04
28.245000	4.095103e-04
28.250000	4.235210e-04
28.255000	4.352375e-04
28.260000	4.470897e-04
28.265000	4.597899e-04
28.270000	4.719606e-04
28.275000	4.839519e-04
28.280000	4.974842e-04
28.285000	5.130463e-04
28.290000	5.295177e-04
28.295000	5.456900e-04
28.300000	5.609171e-04
28.305000	5.752601e-04
28.310000	5.883317e-04
28.315000	5.996681e-04
28.320000	6.093379e-04
28.325000	6.179775e-04
28.330000	6.249491e-04
28.335000	6.303486e-04
28.340000	6.343441e-04
28.345000	6.372302e-04
28.350000	6.387875e-04
28.355000	6.395349e-04
28.360000	6.401167e-04
28.365000	6.409546e-04
28.370000	6.417961e-04
28.375000	6.427171e-04
28.380000	6.442252e-04
28.385000	6.463432e-04
28.390000	6.487392e-04
28.395000	6.511019e-04
28.400000	6.535198e-04
28.405000	6.558924e-04
28.410000	6.579602e-04
28.415000	6.598296e-04
28.420000	6.616127e-04
28.425000	6.633764e-04
28.430000	6.649917e-04
28.435000	6.665523e-04
28.440000	6.680284e-04
28.445000	6.694182e-04
28.450000	6.707506e-04
28.455000	6.719978e-04
28.460000	6.731967e-04
28.465000	6.743635e-04
28.470000	6.754521e-04
28.475000	6.764641e-04
28.480000	6.774003e-04
28.485000	6.782804e-04
28.490000	6.791060e-04
28.495000	6.798633e-04
28.500000	6.805689e-04
28.505000	6.812210e-04
28.510000	6.818058e-04
28.515000	6.823263e-04
28.520000	6.827895e-04
28.525000	6.831936e-04
28.530000	6.835263e-04
28.535000	6.837935e-04
28.540000	6.839963e-04
28.545000	6.841263e-04
28.550000	6.841682e-04
28.555000	6.841178e-04
28.560000	6.839706e-04
28.565000	6.837257e-04
28.570000	6.833824e-04
28.575000	6.829399e-04
28.580000	6.823970e-04
28.585000	6.817527e-04
28.590000	6.810052e-04
28.595000	6.801544e-04
28.600000	6.791989e-04
28.605000	6.781382e-04
28.610000	6.769717e-04
28.615000	6.756988e-04
28.620000	6.743190e-04
28.625000	6.728321e-04
28.630000	6.712379e-04
