0.000000	2.727813e-03
0.005000	2.722451e-03
0.010000	2.717163e-03
0.015000	2.711149e-03
0.020000	2.705414e-03
0.025000	2.700503e-03
0.030000	2.698380e-03
0.035000	2.699031e-03
0.040000	2.702498e-03
0.045000	2.705509e-03
0.050000	2.704268e-03
0.055000	2.693725e-03
0.060000	2.674000e-03
0.065000	2.648671e-03
0.070000	2.624531e-03
0.075000	2.611515e-03
0.080000	2.619726e-03
0.085000	2.647753e-03
0.090000	2.684790e-03
0.095000	2.721080e-03
0.100000	2.745216e-03
0.105000	2.748750e-03
0.110000	2.733741e-03
0.115000	2.716105e-03
0.120000	2.705083e-03
0.125000	2.701186e-03
0.130000	2.704505e-03
0.135000	2.706491e-03
0.140000	2.702090e-03
0.145000	2.684157e-03
0.150000	2.643435e-03
0.155000	2.575560e-03
0.160000	2.494872e-03
0.165000	2.423904e-03
0.170000	2.385745e-03
0.175000	2.388773e-03
0.180000	2.411643e-03
0.185000	2.428904e-03
0.190000	2.437078e-03
0.195000	2.458014e-03
0.200000	2.535598e-03
0.205000	2.679102e-03
0.210000	2.802046e-03
0.215000	2.816183e-03
0.220000	2.667866e-03
0.225000	2.410896e-03
0.230000	2.172134e-03
0.235000	2.019654e-03
0.240000	1.972704e-03
0.245000	1.998399e-03
0.250000	2.050977e-03
0.255000	2.110277e-03
0.260000	2.202424e-03
0.265000	2.382975e-03
0.270000	2.693461e-03
0.275000	3.133002e-03
0.280000	3.647363e-03
0.285000	4.103222e-03
0.290000	4.408103e-03
0.295000	4.496136e-03
0.300000	4.290233e-03
0.305000	3.740335e-03
0.310000	2.863568e-03
0.315000	1.796660e-03
0.320000	7.968603e-04
0.325000	7.058394e-05
0.330000	-2.602505e-04
0.335000	-1.104410e-04
0.340000	4.755565e-04
0.345000	1.407633e-03
0.350000	2.514631e-03
0.355000	3.568368e-03
0.360000	4.407251e-03
0.365000	5.031892e-03
0.370000	5.369800e-03
0.375000	5.327441e-03
0.380000	4.900551e-03
0.385000	4.238184e-03
0.390000	3.366094e-03
0.395000	2.225605e-03
0.400000	7.919193e-04
0.405000	-7.385541e-04
0.410000	-1.812691e-03
0.415000	-1.795043e-03
0.420000	-4.904276e-04
0.425000	1.564214e-03
0.430000	3.721869e-03
0.435000	5.582378e-03
0.440000	6.982971e-03
0.445000	8.140912e-03
0.450000	9.281818e-03
0.455000	1.031886e-02
0.460000	1.085483e-02
0.465000	1.024984e-02
0.470000	7.997584e-03
0.475000	4.050350e-03
0.480000	-1.052822e-03
0.485000	-6.239891e-03
0.490000	-1.048331e-02
0.495000	-1.302651e-02
0.500000	-1.406663e-02
0.505000	-1.415566e-02
0.510000	-1.337107e-02
0.515000	-1.155794e-02
0.520000	-8.532173e-03
0.525000	-4.151377e-03
0.530000	1.323303e-03
0.535000	7.323130e-03
0.540000	1.337340e-02
0.545000	1.871177e-02
0.550000	2.248792e-02
0.555000	2.412181e-02
0.560000	2.297620e-02
0.565000	1.850549e-02
0.570000	1.087214e-02
0.575000	1.296919e-03
0.580000	-7.680811e-03
0.585000	-1.601944e-02
0.590000	-2.298127e-02
0.595000	-2.748183e-02
0.600000	-2.954446e-02
0.605000	-2.911246e-02
0.610000	-2.626480e-02
0.615000	-2.123101e-02
0.620000	-1.437680e-02
0.625000	-6.551514e-03
0.630000	1.896109e-03
0.635000	1.058978e-02
0.640000	1.873391e-02
0.645000	2.493378e-02
0.650000	2.786365e-02
0.655000	2.729725e-02
0.660000	2.353453e-02
0.665000	1.780702e-02
0.670000	1.127420e-02
0.675000	5.379362e-03
0.680000	1.082682e-03
0.685000	-1.742815e-03
0.690000	-3.437420e-03
0.695000	-3.953084e-03
0.700000	-2.838364e-03
0.705000	-2.589092e-04
0.710000	3.077883e-03
0.715000	6.353597e-03
0.720000	8.376776e-03
0.725000	8.102267e-03
0.730000	5.041488e-03
0.735000	-6.734150e-05
0.740000	-6.212336e-03
0.745000	-1.224006e-02
0.750000	-1.698807e-02
0.755000	-1.953926e-02
0.760000	-1.910821e-02
0.765000	-1.562335e-02
0.770000	-9.999912e-03
0.775000	-3.547979e-03
0.780000	2.418303e-03
0.785000	7.135510e-03
0.790000	1.103023e-02
0.795000	1.498709e-02
0.800000	1.946873e-02
0.805000	2.411971e-02
0.810000	2.785901e-02
0.815000	2.935963e-02
0.820000	2.716975e-02
0.825000	2.081324e-02
0.830000	1.124506e-02
0.835000	8.772638e-04
0.840000	-7.201646e-03
0.845000	-1.080776e-02
0.850000	-1.027616e-02
0.855000	-7.586984e-03
0.860000	-5.096745e-03
0.865000	-3.936261e-03
0.870000	-4.265065e-03
0.875000	-5.290473e-03
0.880000	-5.628107e-03
0.885000	-4.523187e-03
0.890000	-2.330232e-03
0.895000	-3.964351e-04
0.900000	1.270631e-05
0.905000	-1.694251e-03
0.910000	-5.349382e-03
0.915000	-1.017204e-02
0.920000	-1.521144e-02
0.925000	-1.895738e-02
0.930000	-1.966675e-02
0.935000	-1.610369e-02
0.940000	-8.727831e-03
0.945000	1.350271e-03
0.950000	1.278810e-02
0.955000	2.387226e-02
0.960000	3.410727e-02
0.965000	4.246267e-02
0.970000	4.810617e-02
0.975000	5.012179e-02
0.980000	4.711966e-02
0.985000	3.879950e-02
0.990000	2.508342e-02
0.995000	7.337378e-03
1.000000	-9.941485e-03
1.005000	-2.327973e-02
1.010000	-3.428429e-02
1.015000	-4.269843e-02
1.020000	-4.674601e-02
1.025000	-4.593181e-02
1.030000	-4.005407e-02
1.035000	-3.043960e-02
1.040000	-1.851496e-02
1.045000	-5.985441e-03
1.050000	6.031825e-03
1.055000	1.715259e-02
1.060000	2.570184e-02
1.065000	2.999524e-02
1.070000	2.800255e-02
1.075000	1.948128e-02
1.080000	6.552586e-03
1.085000	-7.918179e-03
1.090000	-1.980853e-02
1.095000	-2.638256e-02
1.100000	-2.782469e-02
1.105000	-2.580839e-02
1.110000	-2.245509e-02
1.115000	-1.892459e-02
1.120000	-1.476388e-02
1.125000	-9.109434e-03
1.130000	-1.178373e-03
1.135000	8.989367e-03
1.140000	1.970986e-02
1.145000	2.790316e-02
1.150000	3.077538e-02
1.155000	2.571224e-02
1.160000	1.223877e-02
1.165000	-7.933377e-03
1.170000	-3.005807e-02
1.175000	-4.593692e-02
1.180000	-5.235456e-02
1.185000	-5.183858e-02
1.190000	-4.629811e-02
1.195000	-3.703387e-02
1.200000	-2.462533e-02
1.205000	-8.502359e-03
1.210000	1.035371e-02
1.215000	2.920913e-02
1.220000	4.602353e-02
1.225000	5.834620e-02
1.230000	6.489901e-02
1.235000	6.652607e-02
1.240000	6.406390e-02
1.245000	5.892706e-02
1.250000	5.162780e-02
1.255000	4.217956e-02
1.260000	3.013028e-02
1.265000	1.617545e-02
1.270000	9.678111e-04
1.275000	-1.551917e-02
1.280000	-3.225748e-02
1.285000	-4.673850e-02
1.290000	-5.565616e-02
1.295000	-5.710465e-02
1.300000	-5.033407e-02
1.305000	-3.664247e-02
1.310000	-1.815525e-02
1.315000	2.649290e-03
1.320000	2.273539e-02
1.325000	3.784693e-02
1.330000	4.649687e-02
1.335000	5.116584e-02
1.340000	5.138448e-02
1.345000	4.652890e-02
1.350000	3.735972e-02
1.355000	2.493739e-02
1.360000	1.111221e-02
1.365000	-5.693348e-04
1.370000	-7.720763e-03
1.375000	-1.135035e-02
1.380000	-1.371223e-02
1.385000	-1.715696e-02
1.390000	-2.255900e-02
1.395000	-2.905781e-02
1.400000	-3.489505e-02
1.405000	-3.817224e-02
1.410000	-3.828521e-02
1.415000	-3.493069e-02
1.420000	-2.889520e-02
1.425000	-2.182098e-02
1.430000	-1.529497e-02
1.435000	-1.052173e-02
1.440000	-7.162625e-03
1.445000	-3.993772e-03
1.450000	-4.910993e-04
1.455000	4.839999e-04
1.460000	-5.934176e-03
1.465000	-2.135570e-02
1.470000	-4.338766e-02
1.475000	-6.510680e-02
1.480000	-7.701511e-02
1.485000	-7.802551e-02
1.490000	-6.943103e-02
1.495000	-5.349128e-02
1.500000	-3.324783e-02
1.505000	-1.141984e-02
1.510000	9.846617e-03
1.515000	3.019438e-02
1.520000	4.955495e-02
1.525000	6.640821e-02
1.530000	7.844421e-02
1.535000	8.421618e-02
1.540000	8.278316e-02
1.545000	7.423570e-02
1.550000	6.149800e-02
1.555000	4.983775e-02
1.560000	4.266426e-02
1.565000	3.873051e-02
1.570000	3.418245e-02
1.575000	2.671455e-02
1.580000	1.570969e-02
1.585000	3.684843e-03
1.590000	-4.327828e-03
1.595000	-6.026313e-03
1.600000	-2.732908e-03
1.605000	2.685547e-03
1.610000	7.424480e-03
1.615000	1.039191e-02
1.620000	1.108460e-02
1.625000	9.354469e-03
1.630000	6.122437e-03
1.635000	2.477440e-03
1.640000	-1.673646e-03
1.645000	-6.696935e-03
1.650000	-1.226291e-02
1.655000	-1.705994e-02
1.660000	-1.891185e-02
1.665000	-1.589344e-02
1.670000	-8.149365e-03
1.675000	2.794225e-03
1.680000	1.572187e-02
1.685000	3.095064e-02
1.690000	4.845041e-02
1.695000	6.576402e-02
1.700000	7.853221e-02
1.705000	8.144745e-02
1.710000	7.186944e-02
1.715000	5.008426e-02
1.720000	2.002269e-02
1.725000	-1.205597e-02
1.730000	-4.293676e-02
1.735000	-7.034013e-02
1.740000	-9.165757e-02
1.745000	-1.051545e-01
1.750000	-1.118342e-01
1.755000	-1.116344e-01
1.760000	-1.045084e-01
1.765000	-9.238443e-02
1.770000	-7.726407e-02
1.775000	-6.004375e-02
1.780000	-4.246510e-02
1.785000	-2.521444e-02
1.790000	-7.228213e-03
1.795000	1.184915e-02
1.800000	3.184170e-02
1.805000	5.168096e-02
1.810000	6.923161e-02
1.815000	8.375400e-02
1.820000	9.376010e-02
1.825000	9.906519e-02
1.830000	9.960317e-02
1.835000	9.356795e-02
1.840000	7.949856e-02
1.845000	5.657121e-02
1.850000	2.723914e-02
1.855000	-1.074351e-03
1.860000	-2.020168e-02
1.865000	-2.835135e-02
1.870000	-2.873499e-02
1.875000	-2.355152e-02
1.880000	-1.498966e-02
1.885000	-5.720996e-03
1.890000	2.719174e-03
1.895000	1.005500e-02
1.900000	1.626023e-02
1.905000	2.042408e-02
1.910000	2.093060e-02
1.915000	1.632474e-02
1.920000	6.430606e-03
1.925000	-6.756229e-03
1.930000	-1.988489e-02
1.935000	-3.003051e-02
1.940000	-3.707062e-02
1.945000	-4.100562e-02
1.950000	-3.957502e-02
1.955000	-2.985379e-02
1.960000	-9.686591e-03
1.965000	2.042026e-02
1.970000	5.380584e-02
1.975000	8.225574e-02
1.980000	1.027924e-01
1.985000	1.149943e-01
1.990000	1.211106e-01
1.995000	1.224810e-01
2.000000	1.169681e-01
2.005000	1.009950e-01
2.010000	7.275795e-02
2.015000	3.614621e-02
2.020000	-6.757931e-04
2.025000	-3.341656e-02
2.030000	-5.910536e-02
2.035000	-7.665222e-02
2.040000	-8.744882e-02
2.045000	-9.319674e-02
2.050000	-9.549946e-02
2.055000	-9.513664e-02
2.060000	-9.276703e-02
2.065000	-8.940857e-02
2.070000	-8.648973e-02
2.075000	-8.549999e-02
2.080000	-8.674674e-02
2.085000	-8.762713e-02
2.090000	-8.324305e-02
2.095000	-7.093329e-02
2.100000	-5.168591e-02
2.105000	-2.842412e-02
2.110000	-7.702693e-03
2.115000	6.004745e-03
2.120000	1.301309e-02
2.125000	1.705232e-02
2.130000	2.047581e-02
2.135000	2.411808e-02
2.140000	2.730353e-02
2.145000	2.769452e-02
2.150000	2.290021e-02
2.155000	1.227035e-02
2.160000	-1.497192e-03
2.165000	-1.407684e-02
2.170000	-2.122920e-02
2.175000	-2.170415e-02
2.180000	-1.734601e-02
2.185000	-1.165781e-02
2.190000	-9.078411e-03
2.195000	-1.313140e-02
2.200000	-2.417646e-02
2.205000	-4.023353e-02
2.210000	-5.887624e-02
2.215000	-7.823978e-02
2.220000	-9.534727e-02
2.225000	-1.081861e-01
2.230000	-1.131590e-01
2.235000	-1.047584e-01
2.240000	-8.031409e-02
2.245000	-4.093249e-02
2.250000	5.461869e-03
2.255000	4.852646e-02
2.260000	8.638884e-02
2.265000	1.153209e-01
2.270000	1.313303e-01
2.275000	1.359070e-01
2.280000	1.324934e-01
2.285000	1.208893e-01
2.290000	1.002926e-01
2.295000	6.969447e-02
2.300000	2.949032e-02
2.305000	-1.487044e-02
2.310000	-5.713864e-02
2.315000	-9.112268e-02
2.320000	-1.102579e-01
2.325000	-1.122491e-01
2.330000	-1.031650e-01
2.335000	-8.950180e-02
2.340000	-7.514328e-02
2.345000	-6.111376e-02
2.350000	-4.641588e-02
2.355000	-3.202883e-02
2.360000	-2.062533e-02
2.365000	-1.384524e-02
2.370000	-5.885037e-03
2.375000	9.975093e-03
2.380000	3.007291e-02
2.385000	4.390555e-02
2.390000	4.771403e-02
2.395000	4.569455e-02
2.400000	4.101205e-02
2.405000	3.521631e-02
2.410000	2.879269e-02
2.415000	2.199847e-02
2.420000	1.383145e-02
2.425000	2.140465e-03
2.430000	-1.454235e-02
2.435000	-3.614321e-02
2.440000	-6.104839e-02
2.445000	-8.530951e-02
2.450000	-1.013495e-01
2.455000	-1.023668e-01
2.460000	-8.946370e-02
2.465000	-6.725380e-02
2.470000	-3.992088e-02
2.475000	-1.188986e-02
2.480000	1.485771e-02
2.485000	3.839932e-02
2.490000	5.619792e-02
2.495000	6.672652e-02
2.500000	6.898464e-02
2.505000	6.246479e-02
2.510000	4.812397e-02
2.515000	2.608068e-02
2.520000	-2.387187e-03
2.525000	-3.345303e-02
2.530000	-6.078036e-02
2.535000	-7.972637e-02
2.540000	-8.991812e-02
2.545000	-9.415878e-02
2.550000	-9.354157e-02
2.555000	-8.781885e-02
2.560000	-7.781188e-02
2.565000	-6.403182e-02
2.570000	-4.707659e-02
2.575000	-2.737247e-02
2.580000	-5.439363e-03
2.585000	1.792950e-02
2.590000	4.209187e-02
2.595000	6.704531e-02
2.600000	9.301816e-02
2.605000	1.194604e-01
2.610000	1.441907e-01
2.615000	1.634850e-01
2.620000	1.711866e-01
2.625000	1.644369e-01
2.630000	1.430346e-01
2.635000	1.086252e-01
2.640000	6.628193e-02
2.645000	2.726271e-02
2.650000	-1.571337e-04
2.655000	-1.742541e-02
2.660000	-2.980538e-02
2.665000	-3.942808e-02
2.670000	-4.893103e-02
2.675000	-6.131652e-02
2.680000	-7.678077e-02
2.685000	-9.384987e-02
2.690000	-1.111690e-01
2.695000	-1.277712e-01
2.700000	-1.420293e-01
2.705000	-1.498650e-01
2.710000	-1.477527e-01
2.715000	-1.346932e-01
2.720000	-1.132490e-01
2.725000	-8.743542e-02
2.730000	-6.102809e-02
2.735000	-3.513212e-02
2.740000	-1.035478e-02
2.745000	1.217554e-02
2.750000	3.130613e-02
2.755000	4.624985e-02
2.760000	5.272916e-02
2.765000	4.694028e-02
2.770000	2.641333e-02
2.775000	-8.778922e-03
2.780000	-5.471879e-02
2.785000	-1.053498e-01
2.790000	-1.560910e-01
2.795000	-1.966030e-01
2.800000	-2.197467e-01
2.805000	-2.278771e-01
2.810000	-2.271641e-01
2.815000	-2.213739e-01
2.820000	-2.137397e-01
2.825000	-2.066429e-01
2.830000	-2.006216e-01
2.835000	-1.953738e-01
2.840000	-1.894992e-01
2.845000	-1.823902e-01
2.850000	-1.739949e-01
2.855000	-1.657997e-01
2.860000	-1.595783e-01
2.865000	-1.561745e-01
2.870000	-1.561768e-01
2.875000	-1.587810e-01
2.880000	-1.614649e-01
2.885000	-1.620439e-01
2.890000	-1.600687e-01
2.895000	-1.569720e-01
2.900000	-1.550012e-01
2.905000	-1.549278e-01
2.910000	-1.556895e-01
2.915000	-1.571579e-01
2.920000	-1.598774e-01
2.925000	-1.643643e-01
2.930000	-1.705715e-01
2.935000	-1.773384e-01
2.940000	-1.825265e-01
2.945000	-1.835852e-01
2.950000	-1.786568e-01
2.955000	-1.680420e-01
2.960000	-1.536595e-01
2.965000	-1.371681e-01
2.970000	-1.210144e-01
2.975000	-1.072359e-01
2.980000	-9.611576e-02
2.985000	-8.702443e-02
2.990000	-7.947163e-02
2.995000	-7.479854e-02
3.000000	-7.613371e-02
3.005000	-8.621024e-02
3.010000	-1.064833e-01
3.015000	-1.347541e-01
3.020000	-1.638841e-01
3.025000	-1.844543e-01
3.030000	-1.936889e-01
3.035000	-1.950891e-01
3.040000	-1.902076e-01
3.045000	-1.800287e-01
3.050000	-1.654753e-01
3.055000	-1.469517e-01
3.060000	-1.259207e-01
3.065000	-1.056585e-01
3.070000	-8.816029e-02
3.075000	-7.272259e-02
3.080000	-5.754119e-02
3.085000	-4.458945e-02
3.090000	-3.616424e-02
3.095000	-3.407913e-02
3.100000	-4.058509e-02
3.105000	-5.492215e-02
3.110000	-7.479436e-02
3.115000	-9.537646e-02
3.120000	-1.094895e-01
3.125000	-1.148625e-01
3.130000	-1.113448e-01
3.135000	-9.966313e-02
3.140000	-8.143974e-02
3.145000	-5.735738e-02
3.150000	-2.987668e-02
3.155000	-1.985799e-03
3.160000	2.603851e-02
3.165000	5.450473e-02
3.170000	8.360930e-02
3.175000	1.130903e-01
3.180000	1.419590e-01
3.185000	1.683720e-01
3.190000	1.903001e-01
3.195000	2.070480e-01
3.200000	2.204078e-01
3.205000	2.314490e-01
3.210000	2.424276e-01
3.215000	2.542896e-01
3.220000	2.682446e-01
3.225000	2.845088e-01
3.230000	3.025901e-01
3.235000	3.214510e-01
3.240000	3.428406e-01
3.245000	3.667126e-01
3.250000	3.926423e-01
3.255000	4.174389e-01
3.260000	4.384185e-01
3.265000	4.553801e-01
3.270000	4.683862e-01
3.275000	4.783369e-01
3.280000	4.857354e-01
3.285000	4.887507e-01
3.290000	4.861272e-01
3.295000	4.784451e-01
3.300000	4.680083e-01
3.305000	4.563850e-01
3.310000	4.448315e-01
3.315000	4.351373e-01
3.320000	4.254757e-01
3.325000	4.125172e-01
3.330000	3.929284e-01
3.335000	3.648957e-01
3.340000	3.297664e-01
3.345000	2.950433e-01
3.350000	2.682159e-01
3.355000	2.479129e-01
3.360000	2.257299e-01
3.365000	2.003109e-01
3.370000	1.762504e-01
3.375000	1.597876e-01
3.380000	1.536565e-01
3.385000	1.556164e-01
3.390000	1.625431e-01
3.395000	1.697495e-01
3.400000	1.734914e-01
3.405000	1.719487e-01
3.410000	1.642504e-01
3.415000	1.499045e-01
3.420000	1.290140e-01
3.425000	1.031294e-01
3.430000	7.724495e-02
3.435000	5.460814e-02
3.440000	3.554711e-02
3.445000	1.936068e-02
3.450000	4.101572e-03
3.455000	-1.209273e-02
3.460000	-2.843715e-02
3.465000	-4.372212e-02
3.470000	-5.674855e-02
3.475000	-6.649979e-02
3.480000	-7.430621e-02
3.485000	-8.186328e-02
3.490000	-9.197677e-02
3.495000	-1.076764e-01
3.500000	-1.298151e-01
3.505000	-1.565879e-01
3.510000	-1.816065e-01
3.515000	-1.989646e-01
3.520000	-2.048649e-01
3.525000	-1.966975e-01
3.530000	-1.756231e-01
3.535000	-1.439987e-01
3.540000	-1.055843e-01
3.545000	-6.485406e-02
3.550000	-2.307091e-02
3.555000	2.043727e-02
3.560000	6.806696e-02
3.565000	1.172370e-01
3.570000	1.734573e-01
3.575000	2.359069e-01
3.580000	2.924129e-01
3.585000	3.393773e-01
3.590000	3.751163e-01
3.595000	3.947732e-01
3.600000	3.986798e-01
3.605000	3.933073e-01
3.610000	3.810297e-01
3.615000	3.660045e-01
3.620000	3.505288e-01
3.625000	3.362842e-01
3.630000	3.247231e-01
3.635000	3.163398e-01
3.640000	3.083810e-01
3.645000	2.968221e-01
3.650000	2.776164e-01
3.655000	2.468483e-01
3.660000	2.026610e-01
3.665000	1.456730e-01
3.670000	7.747233e-02
3.675000	-3.915280e-05
3.680000	-7.113911e-02
3.685000	-1.332745e-01
3.690000	-1.879670e-01
3.695000	-2.306516e-01
3.700000	-2.623319e-01
3.705000	-2.939540e-01
3.710000	-3.302134e-01
3.715000	-3.701477e-01
3.720000	-4.131052e-01
3.725000	-4.585957e-01
3.730000	-5.047670e-01
3.735000	-5.498719e-01
3.740000	-5.912306e-01
3.745000	-6.229359e-01
3.750000	-6.420288e-01
3.755000	-6.490866e-01
3.760000	-6.452632e-01
3.765000	-6.330338e-01
3.770000	-6.157228e-01
3.775000	-5.950480e-01
3.780000	-5.716531e-01
3.785000	-5.449403e-01
3.790000	-5.129854e-01
3.795000	-4.751861e-01
3.800000	-4.327534e-01
3.805000	-3.842519e-01
3.810000	-3.303922e-01
3.815000	-2.666522e-01
3.820000	-1.983623e-01
3.825000	-1.311328e-01
3.830000	-6.771749e-02
3.835000	-1.169635e-02
3.840000	3.521548e-02
3.845000	7.243156e-02
3.850000	9.461454e-02
3.855000	9.802822e-02
3.860000	9.082848e-02
3.865000	7.806740e-02
3.870000	6.307688e-02
3.875000	4.832942e-02
3.880000	3.317560e-02
3.885000	1.535968e-02
3.890000	-5.504349e-03
3.895000	-2.569975e-02
3.900000	-3.726359e-02
3.905000	-3.592982e-02
3.910000	-2.146962e-02
3.915000	1.461762e-03
3.920000	2.969124e-02
3.925000	6.029841e-02
3.930000	9.476051e-02
3.935000	1.338930e-01
3.940000	1.741653e-01
3.945000	2.123342e-01
3.950000	2.433959e-01
3.955000	2.647722e-01
3.960000	2.836494e-01
3.965000	3.024963e-01
3.970000	3.188007e-01
3.975000	3.292068e-01
3.980000	3.310229e-01
3.985000	3.256345e-01
3.990000	3.164239e-01
3.995000	3.074204e-01
4.000000	3.020826e-01
4.005000	3.019383e-01
4.010000	3.069457e-01
4.015000	3.169476e-01
4.020000	3.321594e-01
4.025000	3.534851e-01
4.030000	3.800212e-01
4.035000	4.086906e-01
4.040000	4.347232e-01
4.045000	4.548762e-01
4.050000	4.677977e-01
4.055000	4.730333e-01
4.060000	4.692448e-01
4.065000	4.559181e-01
4.070000	4.313684e-01
4.075000	3.935605e-01
4.080000	3.451893e-01
4.085000	2.956320e-01
4.090000	2.485033e-01
4.095000	2.072767e-01
4.100000	1.721817e-01
4.105000	1.453023e-01
4.110000	1.190236e-01
4.115000	8.734254e-02
4.120000	4.909706e-02
4.125000	3.738600e-03
4.130000	-4.862535e-02
4.135000	-1.041425e-01
4.140000	-1.523841e-01
4.145000	-1.874428e-01
4.150000	-2.102182e-01
4.155000	-2.279287e-01
4.160000	-2.431384e-01
4.165000	-2.564269e-01
4.170000	-2.651858e-01
4.175000	-2.673174e-01
4.180000	-2.621998e-01
4.185000	-2.501846e-01
4.190000	-2.324517e-01
4.195000	-2.089526e-01
4.200000	-1.805361e-01
4.205000	-1.480487e-01
4.210000	-1.105926e-01
4.215000	-6.916313e-02
4.220000	-2.659990e-02
4.225000	1.683362e-02
4.230000	6.222349e-02
4.235000	1.103402e-01
4.240000	1.601305e-01
4.245000	2.070537e-01
4.250000	2.429093e-01
4.255000	2.621726e-01
4.260000	2.662838e-01
4.265000	2.558382e-01
4.270000	2.304035e-01
4.275000	1.914218e-01
4.280000	1.435413e-01
4.285000	9.734822e-02
4.290000	5.513430e-02
4.295000	2.067167e-02
4.300000	-3.686750e-03
4.305000	-2.047650e-02
4.310000	-3.459715e-02
4.315000	-4.684753e-02
4.320000	-5.623670e-02
4.325000	-6.185183e-02
4.330000	-6.404224e-02
4.335000	-6.439977e-02
4.340000	-6.621681e-02
4.345000	-7.097160e-02
4.350000	-7.567916e-02
4.355000	-7.700125e-02
4.360000	-7.306178e-02
4.365000	-6.477789e-02
4.370000	-5.531470e-02
4.375000	-4.689183e-02
4.380000	-4.123201e-02
4.385000	-4.000755e-02
4.390000	-4.332963e-02
4.395000	-4.974162e-02
4.400000	-5.746208e-02
4.405000	-6.554184e-02
4.410000	-7.295727e-02
4.415000	-7.773350e-02
4.420000	-7.793231e-02
4.425000	-7.234940e-02
4.430000	-6.197589e-02
4.435000	-4.769734e-02
4.440000	-3.073958e-02
4.445000	-1.351451e-02
4.450000	6.346519e-04
4.455000	9.009314e-03
4.460000	1.206063e-02
4.465000	1.152841e-02
4.470000	8.618974e-03
4.475000	3.789567e-03
4.480000	-3.460585e-03
4.485000	-1.385705e-02
4.490000	-2.848689e-02
4.495000	-4.664792e-02
4.500000	-6.460944e-02
4.505000	-7.838206e-02
4.510000	-8.790864e-02
4.515000	-9.475719e-02
4.520000	-9.983777e-02
4.525000	-1.030811e-01
4.530000	-1.041907e-01
4.535000	-1.032013e-01
4.540000	-1.000264e-01
4.545000	-9.485829e-02
4.550000	-8.830572e-02
4.555000	-8.122966e-02
4.560000	-7.398339e-02
4.565000	-6.778252e-02
4.570000	-6.473727e-02
4.575000	-6.721874e-02
4.580000	-7.701152e-02
4.585000	-9.588157e-02
4.590000	-1.247076e-01
4.595000	-1.613581e-01
4.600000	-1.983287e-01
4.605000	-2.288578e-01
4.610000	-2.504493e-01
4.615000	-2.655212e-01
4.620000	-2.789886e-01
4.625000	-2.933698e-01
4.630000	-3.074152e-01
4.635000	-3.191298e-01
4.640000	-3.266210e-01
4.645000	-3.306484e-01
4.650000	-3.325521e-01
4.655000	-3.330595e-01
4.660000	-3.328151e-01
4.665000	-3.321091e-01
4.670000	-3.312236e-01
4.675000	-3.310127e-01
4.680000	-3.325702e-01
4.685000	-3.365374e-01
4.690000	-3.430938e-01
4.695000	-3.521598e-01
4.700000	-3.626727e-01
4.705000	-3.726731e-01
4.710000	-3.806579e-01
4.715000	-3.860691e-01
4.720000	-3.888942e-01
4.725000	-3.890300e-01
4.730000	-3.865747e-01
4.735000	-3.814344e-01
4.740000	-3.728293e-01
4.745000	-3.594545e-01
4.750000	-3.408730e-01
4.755000	-3.187390e-01
4.760000	-2.953236e-01
4.765000	-2.722375e-01
4.770000	-2.512357e-01
4.775000	-2.337704e-01
4.780000	-2.187670e-01
4.785000	-2.016851e-01
4.790000	-1.802483e-01
4.795000	-1.542772e-01
4.800000	-1.260290e-01
4.805000	-1.002899e-01
4.810000	-8.046955e-02
4.815000	-6.827584e-02
4.820000	-6.300100e-02
4.825000	-6.201576e-02
4.830000	-6.193830e-02
4.835000	-6.038572e-02
4.840000	-5.708496e-02
4.845000	-5.400711e-02
4.850000	-5.405301e-02
4.855000	-5.910437e-02
4.860000	-6.861987e-02
4.865000	-7.967878e-02
4.870000	-8.877757e-02
4.875000	-9.397935e-02
4.880000	-9.627087e-02
4.885000	-9.744173e-02
4.890000	-9.847033e-02
4.895000	-9.969168e-02
4.900000	-1.008684e-01
4.905000	-1.013398e-01
4.910000	-9.993874e-02
4.915000	-9.591228e-02
4.920000	-8.914141e-02
4.925000	-7.974462e-02
4.930000	-6.785628e-02
4.935000	-5.411908e-02
4.940000	-4.017300e-02
4.945000	-2.756424e-02
4.950000	-1.734305e-02
4.955000	-9.607294e-03
4.960000	-3.931046e-03
4.965000	5.044933e-04
4.970000	4.415817e-03
4.975000	8.296834e-03
4.980000	1.190938e-02
4.985000	1.474635e-02
4.990000	1.685742e-02
4.995000	1.926418e-02
5.000000	2.366769e-02
5.005000	3.173108e-02
5.010000	4.357135e-02
5.015000	5.823933e-02
5.020000	7.350713e-02
5.025000	8.552635e-02
5.030000	9.284826e-02
5.035000	9.783525e-02
5.040000	1.021156e-01
5.045000	1.060858e-01
5.050000	1.087484e-01
5.055000	1.090742e-01
5.060000	1.063223e-01
5.065000	1.004415e-01
5.070000	9.266935e-02
5.075000	8.439585e-02
5.080000	7.709467e-02
5.085000	7.171250e-02
5.090000	6.758250e-02
5.095000	6.369415e-02
5.100000	5.994792e-02
5.105000	5.745628e-02
5.110000	5.783479e-02
5.115000	6.175514e-02
5.120000	6.854332e-02
5.125000	7.643849e-02
5.130000	8.353735e-02
5.135000	8.725256e-02
5.140000	8.680479e-02
5.145000	8.321278e-02
5.150000	7.771771e-02
5.155000	7.068645e-02
5.160000	6.169521e-02
5.165000	5.082137e-02
5.170000	3.881561e-02
5.175000	2.735930e-02
5.180000	1.844157e-02
5.185000	1.239678e-02
5.190000	8.536269e-03
5.195000	5.912558e-03
5.200000	3.517895e-03
5.205000	7.998349e-04
5.210000	-1.635123e-03
5.215000	-2.946080e-03
5.220000	-2.290521e-03
5.225000	6.906370e-04
5.230000	5.290072e-03
5.235000	1.071625e-02
5.240000	1.692536e-02
5.245000	2.390555e-02
5.250000	3.123002e-02
5.255000	3.899661e-02
5.260000	4.758063e-02
5.265000	5.743330e-02
5.270000	6.836638e-02
5.275000	8.019013e-02
5.280000	9.293167e-02
5.285000	1.058881e-01
5.290000	1.185962e-01
5.295000	1.302646e-01
5.300000	1.411157e-01
5.305000	1.511719e-01
5.310000	1.606015e-01
5.315000	1.697945e-01
5.320000	1.789038e-01
5.325000	1.884296e-01
5.330000	1.988922e-01
5.335000	2.118774e-01
5.340000	2.295085e-01
5.345000	2.536243e-01
5.350000	2.846166e-01
5.355000	3.188253e-01
5.360000	3.503576e-01
5.365000	3.762200e-01
5.370000	3.960646e-01
5.375000	4.116941e-01
5.380000	4.252256e-01
5.385000	4.379604e-01
5.390000	4.501631e-01
5.395000	4.615290e-01
5.400000	4.718736e-01
5.405000	4.806516e-01
5.410000	4.871811e-01
5.415000	4.912029e-01
5.420000	4.927233e-01
5.425000	4.930607e-01
5.430000	4.937091e-01
5.435000	4.957299e-01
5.440000	4.997492e-01
5.445000	5.051539e-01
5.450000	5.104603e-01
5.455000	5.144474e-01
5.460000	5.167731e-01
5.465000	5.176296e-01
5.470000	5.165268e-01
5.475000	5.123036e-01
5.480000	5.030376e-01
5.485000	4.843589e-01
5.490000	4.529029e-01
5.495000	4.090272e-01
5.500000	3.580995e-01
5.505000	3.129821e-01
5.510000	2.813920e-01
5.515000	2.589847e-01
5.520000	2.395347e-01
5.525000	2.218780e-01
5.530000	2.045620e-01
5.535000	1.861908e-01
5.540000	1.666957e-01
5.545000	1.478734e-01
5.550000	1.294322e-01
5.555000	1.109151e-01
5.560000	9.213192e-02
5.565000	7.384749e-02
5.570000	5.755384e-02
5.575000	4.392288e-02
5.580000	3.351786e-02
5.585000	2.575111e-02
5.590000	1.986188e-02
5.595000	1.655639e-02
5.600000	1.686773e-02
5.605000	2.036024e-02
5.610000	2.617479e-02
5.615000	3.320786e-02
5.620000	4.141009e-02
5.625000	5.083926e-02
5.630000	6.075424e-02
5.635000	7.018189e-02
5.640000	7.839659e-02
5.645000	8.397919e-02
5.650000	8.584857e-02
5.655000	8.410320e-02
5.660000	7.910797e-02
5.665000	7.160717e-02
5.670000	6.302677e-02
5.675000	5.489929e-02
5.680000	4.745531e-02
5.685000	3.994721e-02
5.690000	3.258268e-02
5.695000	2.532226e-02
5.700000	1.748031e-02
5.705000	8.495832e-03
5.710000	-1.526109e-03
5.715000	-1.233540e-02
5.720000	-2.308898e-02
5.725000	-3.364418e-02
5.730000	-4.449675e-02
5.735000	-5.630900e-02
5.740000	-6.990205e-02
5.745000	-8.549836e-02
5.750000	-1.030896e-01
5.755000	-1.229060e-01
5.760000	-1.452949e-01
5.765000	-1.710629e-01
5.770000	-2.003154e-01
5.775000	-2.313893e-01
5.780000	-2.602319e-01
5.785000	-2.823818e-01
5.790000	-2.945585e-01
5.795000	-2.966354e-01
5.800000	-2.902681e-01
5.805000	-2.800924e-01
5.810000	-2.687150e-01
5.815000	-2.561089e-01
5.820000	-2.407821e-01
5.825000	-2.219563e-01
5.830000	-1.997812e-01
5.835000	-1.767123e-01
5.840000	-1.546175e-01
5.845000	-1.367075e-01
5.850000	-1.254490e-01
5.855000	-1.199366e-01
5.860000	-1.201450e-01
5.865000	-1.248690e-01
5.870000	-1.313465e-01
5.875000	-1.382962e-01
5.880000	-1.458000e-01
5.885000	-1.539460e-01
5.890000	-1.624904e-01
5.895000	-1.706678e-01
5.900000	-1.784401e-01
5.905000	-1.859885e-01
5.910000	-1.935195e-01
5.915000	-2.001826e-01
5.920000	-2.050992e-01
5.925000	-2.076730e-01
5.930000	-2.073203e-01
5.935000	-2.043396e-01
5.940000	-2.013703e-01
5.945000	-2.005288e-01
5.950000	-2.025490e-01
5.955000	-2.066918e-01
5.960000	-2.092385e-01
5.965000	-2.066267e-01
5.970000	-1.979710e-01
5.975000	-1.853478e-01
5.980000	-1.719960e-01
5.985000	-1.618496e-01
5.990000	-1.564155e-01
5.995000	-1.555198e-01
6.000000	-1.580562e-01
6.005000	-1.624500e-01
6.010000	-1.678635e-01
6.015000	-1.735958e-01
6.020000	-1.802014e-01
6.025000	-1.891849e-01
6.030000	-2.010372e-01
6.035000	-2.138777e-01
6.040000	-2.246976e-01
6.045000	-2.300009e-01
6.050000	-2.276868e-01
6.055000	-2.174167e-01
6.060000	-2.005704e-01
6.065000	-1.788890e-01
6.070000	-1.546900e-01
6.075000	-1.283051e-01
6.080000	-9.921900e-02
6.085000	-6.831418e-02
6.090000	-3.666367e-02
6.095000	-4.921083e-03
6.100000	2.259993e-02
6.105000	4.535920e-02
6.110000	6.228180e-02
6.115000	7.400285e-02
6.120000	8.241253e-02
6.125000	8.976771e-02
6.130000	9.677594e-02
6.135000	1.028328e-01
6.140000	1.067101e-01
6.145000	1.063996e-01
6.150000	1.008651e-01
6.155000	9.196434e-02
6.160000	8.341601e-02
6.165000	7.675320e-02
6.170000	7.270789e-02
6.175000	7.165090e-02
6.180000	7.357035e-02
6.185000	7.766241e-02
6.190000	8.255123e-02
6.195000	8.727565e-02
6.200000	9.188749e-02
6.205000	9.601545e-02
6.210000	9.937885e-02
6.215000	1.020343e-01
6.220000	1.044473e-01
6.225000	1.071750e-01
6.230000	1.106916e-01
6.235000	1.156140e-01
6.240000	1.222408e-01
6.245000	1.303850e-01
6.250000	1.393524e-01
6.255000	1.489743e-01
6.260000	1.591145e-01
6.265000	1.697322e-01
6.270000	1.805484e-01
6.275000	1.909814e-01
6.280000	2.013189e-01
6.285000	2.113838e-01
6.290000	2.213754e-01
6.295000	2.302558e-01
6.300000	2.377681e-01
6.305000	2.438918e-01
6.310000	2.487789e-01
6.315000	2.529989e-01
6.320000	2.563380e-01
6.325000	2.590882e-01
6.330000	2.620910e-01
6.335000	2.657458e-01
6.340000	2.701975e-01
6.345000	2.757042e-01
6.350000	2.826678e-01
6.355000	2.904163e-01
6.360000	2.976506e-01
6.365000	3.039860e-01
6.370000	3.093713e-01
6.375000	3.143730e-01
6.380000	3.195375e-01
6.385000	3.255126e-01
6.390000	3.330260e-01
6.395000	3.427981e-01
6.400000	3.554706e-01
6.405000	3.707097e-01
6.410000	3.879111e-01
6.415000	4.046436e-01
6.420000	4.180420e-01
6.425000	4.236626e-01
6.430000	4.167096e-01
6.435000	3.949905e-01
6.440000	3.595019e-01
6.445000	3.135934e-01
6.450000	2.653920e-01
6.455000	2.261650e-01
6.460000	1.855975e-01
6.465000	1.376951e-01
6.470000	8.670339e-02
6.475000	3.395889e-02
6.480000	-1.835436e-02
6.485000	-6.923147e-02
6.490000	-1.216829e-01
6.495000	-1.774936e-01
6.500000	-2.349314e-01
6.505000	-2.910219e-01
6.510000	-3.418334e-01
6.515000	-3.834016e-01
6.520000	-4.185842e-01
6.525000	-4.499304e-01
6.530000	-4.769703e-01
6.535000	-5.002424e-01
6.540000	-5.210614e-01
6.545000	-5.416085e-01
6.550000	-5.627587e-01
6.555000	-5.858882e-01
6.560000	-6.104276e-01
6.565000	-6.370193e-01
6.570000	-6.681446e-01
6.575000	-7.061044e-01
6.580000	-7.512692e-01
6.585000	-8.029136e-01
6.590000	-8.606743e-01
6.595000	-9.167030e-01
6.600000	-9.541839e-01
6.605000	-9.631755e-01
6.610000	-9.441642e-01
6.615000	-8.998922e-01
6.620000	-8.360025e-01
6.625000	-7.581763e-01
6.630000	-6.658954e-01
6.635000	-5.646583e-01
6.640000	-4.610682e-01
6.645000	-3.569176e-01
6.650000	-2.521464e-01
6.655000	-1.467845e-01
6.660000	-4.111198e-02
6.665000	6.419810e-02
6.670000	1.684968e-01
6.675000	2.715606e-01
6.680000	3.744010e-01
6.685000	4.792659e-01
6.690000	5.889691e-01
6.695000	7.042180e-01
6.700000	8.200627e-01
6.705000	9.223096e-01
6.710000	9.880088e-01
6.715000	9.949459e-01
6.720000	9.402035e-01
6.725000	8.293229e-01
6.730000	6.885531e-01
6.735000	5.694953e-01
6.740000	4.815510e-01
6.745000	4.113814e-01
6.750000	3.725812e-01
6.755000	3.584491e-01
6.760000	3.586970e-01
6.765000	3.675827e-01
6.770000	3.759958e-01
6.775000	3.761891e-01
6.780000	3.626161e-01
6.785000	3.324008e-01
6.790000	2.856165e-01
6.795000	2.284290e-01
6.800000	1.728532e-01
6.805000	1.224203e-01
6.810000	7.316875e-02
6.815000	1.929416e-02
6.820000	-4.172090e-02
6.825000	-1.103942e-01
6.830000	-1.813416e-01
6.835000	-2.471873e-01
6.840000	-3.016849e-01
6.845000	-3.449735e-01
6.850000	-3.824670e-01
6.855000	-4.192031e-01
6.860000	-4.562106e-01
6.865000	-4.890503e-01
6.870000	-5.128326e-01
6.875000	-5.260139e-01
6.880000	-5.299024e-01
6.885000	-5.273143e-01
6.890000	-5.228982e-01
6.895000	-5.206236e-01
6.900000	-5.218417e-01
6.905000	-5.260026e-01
6.910000	-5.314378e-01
6.915000	-5.373637e-01
6.920000	-5.444082e-01
6.925000	-5.526356e-01
6.930000	-5.612941e-01
6.935000	-5.690559e-01
6.940000	-5.734660e-01
6.945000	-5.715467e-01
6.950000	-5.626110e-01
6.955000	-5.476589e-01
6.960000	-5.273320e-01
6.965000	-5.015342e-01
6.970000	-4.713331e-01
6.975000	-4.373129e-01
6.980000	-3.989273e-01
6.985000	-3.568912e-01
6.990000	-3.133425e-01
6.995000	-2.706460e-01
7.000000	-2.276602e-01
7.005000	-1.823153e-01
7.010000	-1.366513e-01
7.015000	-9.171407e-02
7.020000	-4.614244e-02
7.025000	-1.765005e-03
7.030000	4.082679e-02
7.035000	7.904124e-02
7.040000	1.105404e-01
7.045000	1.343064e-01
7.050000	1.516056e-01
7.055000	1.626456e-01
7.060000	1.670244e-01
7.065000	1.666726e-01
7.070000	1.633015e-01
7.075000	1.584419e-01
7.080000	1.530767e-01
7.085000	1.485396e-01
7.090000	1.469628e-01
7.095000	1.504593e-01
7.100000	1.591410e-01
7.105000	1.721494e-01
7.110000	1.883431e-01
7.115000	2.057957e-01
7.120000	2.216577e-01
7.125000	2.359523e-01
7.130000	2.492746e-01
7.135000	2.634805e-01
7.140000	2.779748e-01
7.145000	2.919834e-01
7.150000	3.045738e-01
7.155000	3.135676e-01
7.160000	3.185408e-01
7.165000	3.193627e-01
7.170000	3.163868e-01
7.175000	3.101976e-01
7.180000	3.012823e-01
7.185000	2.889206e-01
7.190000	2.719034e-01
7.195000	2.501884e-01
7.200000	2.235215e-01
7.205000	1.910703e-01
7.210000	1.558276e-01
7.215000	1.214538e-01
7.220000	8.907397e-02
7.225000	5.530386e-02
7.230000	1.807408e-02
7.235000	-1.923064e-02
7.240000	-5.428419e-02
7.245000	-8.531915e-02
7.250000	-1.129302e-01
7.255000	-1.383632e-01
7.260000	-1.624173e-01
7.265000	-1.844269e-01
7.270000	-2.025566e-01
7.275000	-2.163496e-01
7.280000	-2.258482e-01
7.285000	-2.315396e-01
7.290000	-2.335271e-01
7.295000	-2.319591e-01
7.300000	-2.273012e-01
7.305000	-2.198635e-01
7.310000	-2.091041e-01
7.315000	-1.948092e-01
7.320000	-1.766862e-01
7.325000	-1.556300e-01
7.330000	-1.319823e-01
7.335000	-1.063011e-01
7.340000	-7.924463e-02
7.345000	-5.267962e-02
7.350000	-2.904934e-02
7.355000	-8.270604e-03
7.360000	1.158285e-02
7.365000	3.042555e-02
7.370000	4.882819e-02
7.375000	6.601291e-02
7.380000	8.047053e-02
7.385000	9.097676e-02
7.390000	9.716008e-02
7.395000	9.753214e-02
7.400000	9.135827e-02
7.405000	7.996456e-02
7.410000	6.532882e-02
7.415000	4.876272e-02
7.420000	3.251166e-02
7.425000	1.767009e-02
7.430000	5.090022e-03
7.435000	-5.579889e-03
7.440000	-1.639617e-02
7.445000	-2.856911e-02
7.450000	-4.228986e-02
7.455000	-5.569305e-02
7.460000	-6.660432e-02
7.465000	-7.434955e-02
7.470000	-7.984257e-02
7.475000	-8.447820e-02
7.480000	-8.912921e-02
7.485000	-9.415845e-02
7.490000	-9.895926e-02
7.495000	-1.020675e-01
7.500000	-1.024107e-01
7.505000	-9.832294e-02
7.510000	-8.815263e-02
7.515000	-7.170848e-02
7.520000	-4.995514e-02
7.525000	-2.746342e-02
7.530000	-8.243884e-03
7.535000	6.281575e-03
7.540000	1.717610e-02
7.545000	2.556829e-02
7.550000	3.159691e-02
7.555000	3.515658e-02
7.560000	3.559736e-02
7.565000	3.275093e-02
7.570000	2.692548e-02
7.575000	1.923594e-02
7.580000	1.104851e-02
7.585000	3.475511e-03
7.590000	-2.651638e-03
7.595000	-7.213140e-03
7.600000	-1.071595e-02
7.605000	-1.310516e-02
7.610000	-1.454376e-02
7.615000	-1.439604e-02
7.620000	-1.169699e-02
7.625000	-5.709160e-03
7.630000	3.288695e-03
7.635000	1.484959e-02
7.640000	2.905083e-02
7.645000	4.512118e-02
7.650000	6.311082e-02
7.655000	8.253639e-02
7.660000	1.022260e-01
7.665000	1.212669e-01
7.670000	1.391065e-01
7.675000	1.554262e-01
7.680000	1.712054e-01
7.685000	1.867990e-01
7.690000	2.016222e-01
7.695000	2.152239e-01
7.700000	2.277660e-01
7.705000	2.386239e-01
7.710000	2.474435e-01
7.715000	2.527542e-01
7.720000	2.556333e-01
7.725000	2.566509e-01
7.730000	2.555192e-01
7.735000	2.520025e-01
7.740000	2.459224e-01
7.745000	2.378978e-01
7.750000	2.284367e-01
7.755000	2.176420e-01
7.760000	2.057143e-01
7.765000	1.926775e-01
7.770000	1.787286e-01
7.775000	1.640941e-01
7.780000	1.488181e-01
7.785000	1.323187e-01
7.790000	1.147439e-01
7.795000	9.665687e-02
7.800000	7.886907e-02
7.805000	6.281149e-02
7.810000	4.940266e-02
7.815000	3.884709e-02
7.820000	3.121901e-02
7.825000	2.520033e-02
7.830000	1.981001e-02
7.835000	1.416081e-02
7.840000	7.282489e-03
7.845000	-1.358507e-03
7.850000	-1.177387e-02
7.855000	-2.422040e-02
7.860000	-3.812030e-02
7.865000	-5.253274e-02
7.870000	-6.672551e-02
7.875000	-8.061013e-02
7.880000	-9.441755e-02
7.885000	-1.079455e-01
7.890000	-1.212539e-01
7.895000	-1.332674e-01
7.900000	-1.426212e-01
7.905000	-1.489548e-01
7.910000	-1.522579e-01
7.915000	-1.527668e-01
7.920000	-1.505375e-01
7.925000	-1.458179e-01
7.930000	-1.387690e-01
7.935000	-1.300440e-01
7.940000	-1.206669e-01
7.945000	-1.111553e-01
7.950000	-1.024026e-01
7.955000	-9.459969e-02
7.960000	-8.846884e-02
7.965000	-8.401111e-02
7.970000	-8.100167e-02
7.975000	-7.901550e-02
7.980000	-7.768131e-02
7.985000	-7.660142e-02
7.990000	-7.507050e-02
7.995000	-7.243886e-02
8.000000	-6.831689e-02
8.005000	-6.261813e-02
8.010000	-5.533837e-02
8.015000	-4.643632e-02
8.020000	-3.544886e-02
8.025000	-2.179990e-02
8.030000	-4.863184e-03
8.035000	1.546105e-02
8.040000	3.882354e-02
8.045000	6.420743e-02
8.050000	9.018745e-02
8.055000	1.153631e-01
8.060000	1.382805e-01
8.065000	1.588302e-01
8.070000	1.784121e-01
8.075000	1.961710e-01
8.080000	2.110086e-01
8.085000	2.228602e-01
8.090000	2.316144e-01
8.095000	2.374066e-01
8.100000	2.395485e-01
8.105000	2.387096e-01
8.110000	2.366066e-01
8.115000	2.342232e-01
8.120000	2.315629e-01
8.125000	2.281902e-01
8.130000	2.242188e-01
8.135000	2.196713e-01
8.140000	2.139499e-01
8.145000	2.059356e-01
8.150000	1.942252e-01
8.155000	1.787068e-01
8.160000	1.608280e-01
8.165000	1.431272e-01
8.170000	1.259950e-01
8.175000	1.087030e-01
8.180000	9.090383e-02
8.185000	7.374131e-02
8.190000	5.755038e-02
8.195000	4.198807e-02
8.200000	2.737608e-02
8.205000	1.275095e-02
8.210000	-2.138130e-03
8.215000	-1.755477e-02
8.220000	-3.314649e-02
8.225000	-4.762812e-02
8.230000	-6.100556e-02
8.235000	-7.256314e-02
8.240000	-8.258421e-02
8.245000	-9.184393e-02
8.250000	-9.969804e-02
8.255000	-1.050717e-01
8.260000	-1.074388e-01
8.265000	-1.072323e-01
8.270000	-1.045849e-01
8.275000	-9.989284e-02
8.280000	-9.351191e-02
8.285000	-8.591527e-02
8.290000	-7.722685e-02
8.295000	-6.762257e-02
8.300000	-5.689110e-02
8.305000	-4.521577e-02
8.310000	-3.340899e-02
8.315000	-2.297795e-02
8.320000	-1.473432e-02
8.325000	-8.920843e-03
8.330000	-4.953545e-03
8.335000	-2.610653e-03
8.340000	-2.109360e-03
8.345000	-4.160932e-03
8.350000	-9.842575e-03
8.355000	-2.022725e-02
8.360000	-3.537068e-02
8.365000	-5.316488e-02
8.370000	-7.126592e-02
8.375000	-8.891683e-02
8.380000	-1.058009e-01
8.385000	-1.218437e-01
8.390000	-1.374404e-01
8.395000	-1.523745e-01
8.400000	-1.660347e-01
8.405000	-1.785378e-01
8.410000	-1.907739e-01
8.415000	-2.039432e-01
8.420000	-2.184683e-01
8.425000	-2.344660e-01
8.430000	-2.509526e-01
8.435000	-2.667715e-01
8.440000	-2.800364e-01
8.445000	-2.908177e-01
8.450000	-2.995250e-01
8.455000	-3.069691e-01
8.460000	-3.139918e-01
8.465000	-3.204857e-01
8.470000	-3.260841e-01
8.475000	-3.298647e-01
8.480000	-3.311013e-01
8.485000	-3.293040e-01
8.490000	-3.242046e-01
8.495000	-3.160770e-01
8.500000	-3.052615e-01
8.505000	-2.926222e-01
8.510000	-2.788905e-01
8.515000	-2.633150e-01
8.520000	-2.451123e-01
8.525000	-2.246158e-01
8.530000	-2.017320e-01
8.535000	-1.765831e-01
8.540000	-1.480478e-01
8.545000	-1.174503e-01
8.550000	-8.300912e-02
8.555000	-4.813056e-02
8.560000	-1.506805e-02
8.565000	1.469206e-02
8.570000	3.995755e-02
8.575000	6.124065e-02
8.580000	7.921393e-02
8.585000	9.548646e-02
8.590000	1.101231e-01
8.595000	1.219082e-01
8.600000	1.304325e-01
8.605000	1.362760e-01
8.610000	1.402931e-01
8.615000	1.434505e-01
8.620000	1.467985e-01
8.625000	1.518101e-01
8.630000	1.595924e-01
8.635000	1.708087e-01
8.640000	1.838893e-01
8.645000	1.958525e-01
8.650000	2.063728e-01
8.655000	2.151978e-01
8.660000	2.224409e-01
8.665000	2.281912e-01
8.670000	2.322223e-01
8.675000	2.346704e-01
8.680000	2.357837e-01
8.685000	2.356331e-01
8.690000	2.344720e-01
8.695000	2.326626e-01
8.700000	2.305556e-01
8.705000	2.285382e-01
8.710000	2.270936e-01
8.715000	2.266787e-01
8.720000	2.274921e-01
8.725000	2.296621e-01
8.730000	2.331838e-01
8.735000	2.378775e-01
8.740000	2.431871e-01
8.745000	2.487640e-01
8.750000	2.543370e-01
8.755000	2.593343e-01
8.760000	2.627449e-01
8.765000	2.636942e-01
8.770000	2.612216e-01
8.775000	2.545429e-01
8.780000	2.432141e-01
8.785000	2.267051e-01
8.790000	2.055005e-01
8.795000	1.832642e-01
8.800000	1.619781e-01
8.805000	1.419106e-01
8.810000	1.224282e-01
8.815000	1.018229e-01
8.820000	8.006345e-02
8.825000	5.777925e-02
8.830000	3.549734e-02
8.835000	1.428135e-02
8.840000	-4.395838e-03
8.845000	-1.928528e-02
8.850000	-3.080174e-02
8.855000	-4.123684e-02
8.860000	-5.135488e-02
8.865000	-6.094125e-02
8.870000	-6.955861e-02
8.875000	-7.684689e-02
8.880000	-8.281451e-02
8.885000	-8.829108e-02
8.890000	-9.407834e-02
8.895000	-1.003796e-01
8.900000	-1.073196e-01
8.905000	-1.149615e-01
8.910000	-1.232319e-01
8.915000	-1.317989e-01
8.920000	-1.401400e-01
8.925000	-1.482089e-01
8.930000	-1.559225e-01
8.935000	-1.627433e-01
8.940000	-1.682896e-01
8.945000	-1.725468e-01
8.950000	-1.758417e-01
8.955000	-1.781807e-01
8.960000	-1.792730e-01
8.965000	-1.783222e-01
8.970000	-1.743074e-01
8.975000	-1.662719e-01
8.980000	-1.539506e-01
8.985000	-1.382731e-01
8.990000	-1.210640e-01
8.995000	-1.037381e-01
9.000000	-8.640597e-02
9.005000	-6.875882e-02
9.010000	-5.052160e-02
9.015000	-3.153708e-02
9.020000	-1.080490e-02
9.025000	1.011743e-02
9.030000	2.915981e-02
9.035000	4.524842e-02
9.040000	5.771137e-02
9.045000	6.731791e-02
9.050000	7.441179e-02
9.055000	7.881978e-02
9.060000	8.072305e-02
9.065000	7.992726e-02
9.070000	7.599170e-02
9.075000	6.894945e-02
9.080000	5.940492e-02
9.085000	4.872300e-02
9.090000	3.887090e-02
9.095000	3.072312e-02
9.100000	2.374996e-02
9.105000	1.755049e-02
9.110000	1.177710e-02
9.115000	6.866696e-03
9.120000	3.114125e-03
9.125000	3.854475e-04
9.130000	-1.771258e-03
9.135000	-4.011067e-03
9.140000	-6.785052e-03
9.145000	-1.013183e-02
9.150000	-1.384551e-02
9.155000	-1.780334e-02
9.160000	-2.163829e-02
9.165000	-2.505064e-02
9.170000	-2.791107e-02
9.175000	-2.994564e-02
9.180000	-3.104586e-02
9.185000	-3.130976e-02
9.190000	-3.081136e-02
9.195000	-2.939311e-02
9.200000	-2.723295e-02
9.205000	-2.467084e-02
9.210000	-2.198843e-02
9.215000	-1.924944e-02
9.220000	-1.643415e-02
9.225000	-1.320751e-02
9.230000	-9.119651e-03
9.235000	-4.122534e-03
9.240000	1.261502e-03
9.245000	6.639630e-03
9.250000	1.148918e-02
9.255000	1.559026e-02
9.260000	1.870470e-02
9.265000	2.039434e-02
9.270000	2.040337e-02
9.275000	1.855105e-02
9.280000	1.435888e-02
9.285000	7.512703e-03
9.290000	-1.571595e-03
9.295000	-1.177197e-02
9.300000	-2.138088e-02
9.305000	-3.031772e-02
9.310000	-3.893056e-02
9.315000	-4.734400e-02
9.320000	-5.586168e-02
9.325000	-6.400803e-02
9.330000	-7.142539e-02
9.335000	-7.761562e-02
9.340000	-8.194066e-02
9.345000	-8.449299e-02
9.350000	-8.579793e-02
9.355000	-8.655245e-02
9.360000	-8.684588e-02
9.365000	-8.627154e-02
9.370000	-8.426619e-02
9.375000	-8.035919e-02
9.380000	-7.433776e-02
9.385000	-6.613859e-02
9.390000	-5.622297e-02
9.395000	-4.488560e-02
9.400000	-3.255340e-02
9.405000	-1.922629e-02
9.410000	-4.489327e-03
9.415000	1.145225e-02
9.420000	2.703661e-02
9.425000	4.253391e-02
9.430000	5.908656e-02
9.435000	7.611313e-02
9.440000	9.198643e-02
9.445000	1.066743e-01
9.450000	1.211863e-01
9.455000	1.354332e-01
9.460000	1.495934e-01
9.465000	1.628660e-01
9.470000	1.751947e-01
9.475000	1.850669e-01
9.480000	1.917609e-01
9.485000	1.959886e-01
9.490000	1.980538e-01
9.495000	1.973738e-01
9.500000	1.936699e-01
9.505000	1.866395e-01
9.510000	1.764961e-01
9.515000	1.638420e-01
9.520000	1.498342e-01
9.525000	1.356953e-01
9.530000	1.216981e-01
9.535000	1.081066e-01
9.540000	9.523485e-02
9.545000	8.347316e-02
9.550000	7.319038e-02
9.555000	6.397777e-02
9.560000	5.570051e-02
9.565000	4.807851e-02
9.570000	4.064680e-02
9.575000	3.309814e-02
9.580000	2.555109e-02
9.585000	1.867460e-02
9.590000	1.270863e-02
9.595000	7.620745e-03
9.600000	3.483584e-03
9.605000	-1.938246e-04
9.610000	-3.963374e-03
9.615000	-8.033501e-03
9.620000	-1.256584e-02
9.625000	-1.755728e-02
9.630000	-2.308276e-02
9.635000	-2.890766e-02
9.640000	-3.465376e-02
9.645000	-4.025875e-02
9.650000	-4.591065e-02
9.655000	-5.181941e-02
9.660000	-5.781869e-02
9.665000	-6.410155e-02
9.670000	-7.107898e-02
9.675000	-7.885888e-02
9.680000	-8.739356e-02
9.685000	-9.634867e-02
9.690000	-1.052228e-01
9.695000	-1.135063e-01
9.700000	-1.214856e-01
9.705000	-1.295732e-01
9.710000	-1.375770e-01
9.715000	-1.451848e-01
9.720000	-1.519238e-01
9.725000	-1.570670e-01
9.730000	-1.599846e-01
9.735000	-1.603919e-01
9.740000	-1.576366e-01
9.745000	-1.507845e-01
9.750000	-1.394689e-01
9.755000	-1.238909e-01
9.760000	-1.051635e-01
9.765000	-8.510040e-02
9.770000	-6.384231e-02
9.775000	-4.111847e-02
9.780000	-1.781785e-02
9.785000	6.296236e-03
9.790000	3.048205e-02
9.795000	5.502240e-02
9.800000	7.852294e-02
9.805000	1.017510e-01
9.810000	1.229103e-01
9.815000	1.398976e-01
9.820000	1.525847e-01
9.825000	1.603048e-01
9.830000	1.624832e-01
9.835000	1.584896e-01
9.840000	1.472038e-01
9.845000	1.282850e-01
9.850000	1.039141e-01
9.855000	7.848858e-02
9.860000	5.289568e-02
9.865000	2.723689e-02
9.870000	2.487286e-03
9.875000	-2.009280e-02
9.880000	-4.028120e-02
9.885000	-5.850287e-02
9.890000	-7.468467e-02
9.895000	-8.807188e-02
9.900000	-9.883728e-02
9.905000	-1.071201e-01
9.910000	-1.123938e-01
9.915000	-1.141566e-01
9.920000	-1.113817e-01
9.925000	-1.035986e-01
9.930000	-9.074936e-02
9.935000	-7.401845e-02
9.940000	-5.557712e-02
9.945000	-3.614577e-02
9.950000	-1.594742e-02
9.955000	5.605911e-03
9.960000	2.811570e-02
9.965000	5.147163e-02
9.970000	7.502139e-02
9.975000	9.660651e-02
9.980000	1.133528e-01
9.985000	1.229599e-01
9.990000	1.247489e-01
9.995000	1.176274e-01
10.000000	1.007831e-01
10.005000	7.505529e-02
10.010000	4.441695e-02
10.015000	1.321720e-02
10.020000	-1.749704e-02
10.025000	-4.725596e-02
10.030000	-7.535249e-02
10.035000	-1.006480e-01
10.040000	-1.208003e-01
10.045000	-1.337921e-01
10.050000	-1.396507e-01
10.055000	-1.417591e-01
10.060000	-1.414558e-01
10.065000	-1.384004e-01
10.070000	-1.313578e-01
10.075000	-1.189127e-01
10.080000	-1.009637e-01
10.085000	-8.002125e-02
10.090000	-5.972484e-02
10.095000	-4.036166e-02
10.100000	-2.043403e-02
10.105000	-9.850463e-04
10.110000	1.851848e-02
10.115000	3.733741e-02
10.120000	5.514454e-02
10.125000	7.016402e-02
10.130000	8.141152e-02
10.135000	8.792648e-02
10.140000	8.858128e-02
10.145000	8.307066e-02
10.150000	7.214097e-02
10.155000	5.719329e-02
10.160000	4.028601e-02
10.165000	2.455573e-02
10.170000	1.187245e-02
10.175000	3.886497e-03
10.180000	-4.500447e-04
10.185000	-2.249776e-03
10.190000	-1.897673e-03
10.195000	-2.092224e-05
10.200000	2.906163e-03
10.205000	6.399120e-03
10.210000	1.016037e-02
10.215000	1.429153e-02
10.220000	1.915370e-02
10.225000	2.518131e-02
10.230000	3.224676e-02
10.235000	3.975532e-02
10.240000	4.653400e-02
10.245000	5.183498e-02
10.250000	5.562078e-02
10.255000	5.820478e-02
10.260000	5.998797e-02
10.265000	6.109126e-02
10.270000	6.111253e-02
10.275000	5.923151e-02
10.280000	5.478868e-02
10.285000	4.725035e-02
10.290000	3.690374e-02
10.295000	2.432752e-02
10.300000	1.012926e-02
10.305000	-5.288297e-03
10.310000	-2.057923e-02
10.315000	-3.451128e-02
10.320000	-4.589787e-02
10.325000	-5.528873e-02
10.330000	-6.347579e-02
10.335000	-7.046850e-02
10.340000	-7.651510e-02
10.345000	-8.191757e-02
10.350000	-8.684652e-02
10.355000	-9.114523e-02
10.360000	-9.475098e-02
10.365000	-9.744046e-02
10.370000	-9.928009e-02
10.375000	-1.003298e-01
10.380000	-1.006776e-01
10.385000	-1.002466e-01
10.390000	-9.879045e-02
10.395000	-9.601261e-02
10.400000	-9.170233e-02
10.405000	-8.580621e-02
10.410000	-7.828442e-02
10.415000	-6.923513e-02
10.420000	-5.905916e-02
10.425000	-4.862231e-02
10.430000	-3.843688e-02
10.435000	-2.914190e-02
10.440000	-2.139591e-02
10.445000	-1.529191e-02
10.450000	-1.025783e-02
10.455000	-6.111248e-03
10.460000	-2.681398e-03
10.465000	2.023598e-04
10.470000	2.603433e-03
10.475000	4.716235e-03
10.480000	6.831961e-03
10.485000	9.254645e-03
10.490000	1.209740e-02
10.495000	1.536000e-02
10.500000	1.873833e-02
10.505000	2.190248e-02
10.510000	2.465564e-02
10.515000	2.666370e-02
10.520000	2.748542e-02
10.525000	2.683626e-02
10.530000	2.466697e-02
10.535000	2.120639e-02
10.540000	1.682870e-02
10.545000	1.196510e-02
10.550000	7.145315e-03
10.555000	2.570041e-03
10.560000	-1.867176e-03
10.565000	-6.106085e-03
10.570000	-1.018786e-02
10.575000	-1.394720e-02
10.580000	-1.728625e-02
10.585000	-2.016644e-02
10.590000	-2.259823e-02
10.595000	-2.470481e-02
10.600000	-2.670624e-02
10.605000	-2.906762e-02
10.610000	-3.208215e-02
10.615000	-3.570612e-02
10.620000	-3.997063e-02
10.625000	-4.492684e-02
10.630000	-5.045012e-02
10.635000	-5.632486e-02
10.640000	-6.208832e-02
10.645000	-6.735568e-02
10.650000	-7.164208e-02
10.655000	-7.478006e-02
10.660000	-7.697597e-02
10.665000	-7.827759e-02
10.670000	-7.880076e-02
10.675000	-7.847353e-02
10.680000	-7.724709e-02
10.685000	-7.478639e-02
10.690000	-7.086522e-02
10.695000	-6.526978e-02
10.700000	-5.801614e-02
10.705000	-4.958936e-02
10.710000	-4.049801e-02
10.715000	-3.125066e-02
10.720000	-2.192930e-02
10.725000	-1.293240e-02
10.730000	-4.453135e-03
10.735000	3.028695e-03
10.740000	8.791808e-03
10.745000	1.286213e-02
10.750000	1.550012e-02
10.755000	1.711382e-02
10.760000	1.789087e-02
10.765000	1.808305e-02
10.770000	1.794487e-02
10.775000	1.766200e-02
10.780000	1.728723e-02
10.785000	1.708313e-02
10.790000	1.729385e-02
10.795000	1.796316e-02
10.800000	1.914881e-02
10.805000	2.090695e-02
10.810000	2.319708e-02
10.815000	2.590998e-02
10.820000	2.880097e-02
10.825000	3.161788e-02
10.830000	3.440610e-02
10.835000	3.756413e-02
10.840000	4.170680e-02
10.845000	4.698804e-02
10.850000	5.292191e-02
10.855000	5.874914e-02
10.860000	6.399863e-02
10.865000	6.884979e-02
10.870000	7.337538e-02
10.875000	7.738911e-02
10.880000	8.057350e-02
10.885000	8.269605e-02
10.890000	8.356950e-02
10.895000	8.281829e-02
10.900000	8.022961e-02
10.905000	7.565809e-02
10.910000	6.915903e-02
10.915000	6.098231e-02
10.920000	5.204076e-02
10.925000	4.266100e-02
10.930000	3.336336e-02
10.935000	2.447501e-02
10.940000	1.615518e-02
10.945000	8.507419e-03
10.950000	1.613361e-03
10.955000	-4.336253e-03
10.960000	-9.162055e-03
10.965000	-1.258108e-02
10.970000	-1.454969e-02
10.975000	-1.550735e-02
10.980000	-1.573206e-02
10.985000	-1.541738e-02
10.990000	-1.465733e-02
10.995000	-1.317456e-02
11.000000	-1.088522e-02
11.005000	-7.489191e-03
11.010000	-3.018710e-03
11.015000	2.029060e-03
11.020000	7.104552e-03
11.025000	1.183789e-02
11.030000	1.605136e-02
11.035000	1.958744e-02
11.040000	2.251140e-02
11.045000	2.477939e-02
11.050000	2.611868e-02
11.055000	2.623018e-02
11.060000	2.482370e-02
11.065000	2.173989e-02
11.070000	1.670307e-02
11.075000	9.236163e-03
11.080000	-7.268791e-04
11.085000	-1.290734e-02
11.090000	-2.661462e-02
11.095000	-4.158164e-02
11.100000	-5.642165e-02
11.105000	-7.045910e-02
11.110000	-8.383043e-02
11.115000	-9.603745e-02
11.120000	-1.071954e-01
11.125000	-1.164173e-01
11.130000	-1.237761e-01
11.135000	-1.292216e-01
11.140000	-1.329495e-01
11.145000	-1.349222e-01
11.150000	-1.353626e-01
11.155000	-1.344545e-01
11.160000	-1.325074e-01
11.165000	-1.300434e-01
11.170000	-1.272346e-01
11.175000	-1.241731e-01
11.180000	-1.207957e-01
11.185000	-1.166775e-01
11.190000	-1.113447e-01
11.195000	-1.046601e-01
11.200000	-9.669711e-02
11.205000	-8.794746e-02
11.210000	-7.834887e-02
11.215000	-6.756742e-02
11.220000	-5.502845e-02
11.225000	-4.120485e-02
11.230000	-2.568453e-02
11.235000	-9.024927e-03
11.240000	8.217536e-03
11.245000	2.553845e-02
11.250000	4.232939e-02
11.255000	5.784242e-02
11.260000	7.127825e-02
11.265000	8.241949e-02
11.270000	9.132144e-02
11.275000	9.793983e-02
11.280000	1.013819e-01
11.285000	1.003701e-01
11.290000	9.455162e-02
11.295000	8.424042e-02
11.300000	7.021182e-02
11.305000	5.417926e-02
11.310000	3.839604e-02
11.315000	2.306658e-02
11.320000	8.428510e-03
11.325000	-5.491442e-03
11.330000	-1.681278e-02
11.335000	-2.498135e-02
11.340000	-3.047638e-02
11.345000	-3.380728e-02
11.350000	-3.564315e-02
11.355000	-3.639797e-02
11.360000	-3.598419e-02
11.365000	-3.412537e-02
11.370000	-3.072627e-02
11.375000	-2.597259e-02
11.380000	-2.020982e-02
11.385000	-1.372100e-02
11.390000	-6.676948e-03
11.395000	5.395490e-04
11.400000	7.657375e-03
11.405000	1.445369e-02
11.410000	2.059160e-02
11.415000	2.586354e-02
11.420000	2.991333e-02
11.425000	3.260181e-02
11.430000	3.421893e-02
11.435000	3.492791e-02
11.440000	3.462814e-02
11.445000	3.329510e-02
11.450000	3.088399e-02
11.455000	2.763499e-02
11.460000	2.410038e-02
11.465000	2.055064e-02
11.470000	1.672503e-02
11.475000	1.225541e-02
11.480000	7.089837e-03
11.485000	1.906871e-03
11.490000	-3.165700e-03
11.495000	-8.032613e-03
11.500000	-1.254195e-02
11.505000	-1.646014e-02
11.510000	-1.979259e-02
11.515000	-2.274423e-02
11.520000	-2.502903e-02
11.525000	-2.615637e-02
11.530000	-2.582719e-02
11.535000	-2.398725e-02
11.540000	-2.049909e-02
11.545000	-1.546704e-02
11.550000	-9.315919e-03
11.555000	-2.582057e-03
11.560000	4.161725e-03
11.565000	1.085964e-02
11.570000	1.745574e-02
11.575000	2.382117e-02
11.580000	2.954980e-02
11.585000	3.392332e-02
11.590000	3.685565e-02
11.595000	3.826543e-02
11.600000	3.826819e-02
11.605000	3.705361e-02
11.610000	3.493096e-02
11.615000	3.237275e-02
11.620000	2.973653e-02
11.625000	2.755064e-02
11.630000	2.602804e-02
11.635000	2.529125e-02
11.640000	2.518778e-02
11.645000	2.545397e-02
11.650000	2.600723e-02
11.655000	2.668709e-02
11.660000	2.764143e-02
11.665000	2.890266e-02
11.670000	3.043439e-02
11.675000	3.203134e-02
11.680000	3.362284e-02
11.685000	3.509946e-02
11.690000	3.625431e-02
11.695000	3.707734e-02
11.700000	3.764300e-02
11.705000	3.771659e-02
11.710000	3.704192e-02
11.715000	3.562203e-02
11.720000	3.371413e-02
11.725000	3.192854e-02
11.730000	3.075435e-02
11.735000	3.025628e-02
11.740000	3.038042e-02
11.745000	3.108393e-02
11.750000	3.248436e-02
11.755000	3.480750e-02
11.760000	3.801634e-02
11.765000	4.215637e-02
11.770000	4.683495e-02
11.775000	5.139432e-02
11.780000	5.557213e-02
11.785000	5.926966e-02
11.790000	6.239996e-02
11.795000	6.501687e-02
11.800000	6.702225e-02
11.805000	6.813574e-02
11.810000	6.842034e-02
11.815000	6.793947e-02
11.820000	6.693539e-02
11.825000	6.571802e-02
11.830000	6.465970e-02
11.835000	6.394404e-02
11.840000	6.365879e-02
11.845000	6.370862e-02
11.850000	6.378634e-02
11.855000	6.347846e-02
11.860000	6.262658e-02
11.865000	6.126651e-02
11.870000	5.933606e-02
11.875000	5.693762e-02
11.880000	5.428200e-02
11.885000	5.160455e-02
11.890000	4.906175e-02
11.895000	4.684620e-02
11.900000	4.517654e-02
11.905000	4.391424e-02
11.910000	4.281298e-02
11.915000	4.158271e-02
11.920000	4.031019e-02
11.925000	3.931372e-02
11.930000	3.880024e-02
11.935000	3.878151e-02
11.940000	3.909687e-02
11.945000	3.955782e-02
11.950000	4.003341e-02
11.955000	4.034257e-02
11.960000	4.046436e-02
11.965000	4.055748e-02
11.970000	4.072040e-02
11.975000	4.098593e-02
11.980000	4.147844e-02
11.985000	4.219300e-02
11.990000	4.305936e-02
11.995000	4.410663e-02
12.000000	4.497237e-02
12.005000	4.551828e-02
12.010000	4.570029e-02
12.015000	4.558912e-02
12.020000	4.534667e-02
12.025000	4.529475e-02
12.030000	4.575457e-02
12.035000	4.675757e-02
12.040000	4.831190e-02
12.045000	5.042818e-02
12.050000	5.260423e-02
12.055000	5.441526e-02
12.060000	5.538480e-02
12.065000	5.531097e-02
12.070000	5.411533e-02
12.075000	5.170504e-02
12.080000	4.822909e-02
12.085000	4.383566e-02
12.090000	3.881662e-02
12.095000	3.375718e-02
12.100000	2.879002e-02
12.105000	2.390494e-02
12.110000	1.886973e-02
12.115000	1.368819e-02
12.120000	8.865664e-03
12.125000	4.966600e-03
12.130000	2.229614e-03
12.135000	4.619041e-04
12.140000	-4.593596e-04
12.145000	-7.977220e-04
12.150000	-8.120690e-04
12.155000	-5.577788e-04
12.160000	9.417409e-05
12.165000	1.156003e-03
12.170000	2.508338e-03
12.175000	4.084304e-03
12.180000	5.868264e-03
12.185000	7.619176e-03
12.190000	9.206863e-03
12.195000	1.065182e-02
12.200000	1.178095e-02
12.205000	1.238495e-02
12.210000	1.218508e-02
12.215000	1.119905e-02
12.220000	9.602229e-03
12.225000	7.746614e-03
12.230000	6.022928e-03
12.235000	4.532148e-03
12.240000	3.105458e-03
12.245000	1.514692e-03
12.250000	-3.879171e-04
12.255000	-2.596520e-03
12.260000	-4.840928e-03
12.265000	-6.977443e-03
12.270000	-9.022522e-03
12.275000	-1.067708e-02
12.280000	-1.178049e-02
12.285000	-1.259229e-02
12.290000	-1.315671e-02
12.295000	-1.346204e-02
12.300000	-1.363884e-02
12.305000	-1.352254e-02
12.310000	-1.309018e-02
12.315000	-1.237052e-02
12.320000	-1.138322e-02
12.325000	-1.024647e-02
12.330000	-8.967156e-03
12.335000	-7.562335e-03
12.340000	-6.120058e-03
12.345000	-5.174819e-03
12.350000	-5.282456e-03
12.355000	-6.699276e-03
12.360000	-9.499761e-03
12.365000	-1.340208e-02
12.370000	-1.795255e-02
12.375000	-2.263433e-02
12.380000	-2.681006e-02
12.385000	-3.024236e-02
12.390000	-3.271079e-02
12.395000	-3.413937e-02
12.400000	-3.460791e-02
12.405000	-3.436365e-02
12.410000	-3.357332e-02
12.415000	-3.228742e-02
12.420000	-3.058960e-02
12.425000	-2.819930e-02
12.430000	-2.520004e-02
12.435000	-2.182030e-02
12.440000	-1.837652e-02
12.445000	-1.535509e-02
12.450000	-1.292884e-02
12.455000	-1.101877e-02
12.460000	-9.476535e-03
12.465000	-8.306252e-03
12.470000	-7.681736e-03
12.475000	-7.618191e-03
12.480000	-8.310903e-03
12.485000	-9.812286e-03
12.490000	-1.227907e-02
12.495000	-1.582134e-02
12.500000	-2.033646e-02
12.505000	-2.566762e-02
12.510000	-3.153363e-02
12.515000	-3.758508e-02
12.520000	-4.330577e-02
12.525000	-4.863015e-02
12.530000	-5.353586e-02
12.535000	-5.785992e-02
12.540000	-6.166145e-02
12.545000	-6.509516e-02
12.550000	-6.789801e-02
12.555000	-7.005834e-02
12.560000	-7.139116e-02
12.565000	-7.176328e-02
12.570000	-7.125842e-02
12.575000	-7.008030e-02
12.580000	-6.818672e-02
12.585000	-6.577046e-02
12.590000	-6.281793e-02
12.595000	-5.934420e-02
12.600000	-5.548759e-02
12.605000	-5.114992e-02
12.610000	-4.644612e-02
12.615000	-4.166480e-02
12.620000	-3.699033e-02
12.625000	-3.294513e-02
12.630000	-2.979390e-02
12.635000	-2.753048e-02
12.640000	-2.606220e-02
12.645000	-2.531680e-02
12.650000	-2.510647e-02
12.655000	-2.551474e-02
12.660000	-2.659586e-02
12.665000	-2.838126e-02
12.670000	-3.076290e-02
12.675000	-3.346338e-02
12.680000	-3.613476e-02
12.685000	-3.844887e-02
12.690000	-4.009421e-02
12.695000	-4.087064e-02
12.700000	-4.078513e-02
12.705000	-4.006976e-02
12.710000	-3.911125e-02
12.715000	-3.807347e-02
12.720000	-3.696998e-02
12.725000	-3.559078e-02
12.730000	-3.362738e-02
12.735000	-3.111462e-02
12.740000	-2.858909e-02
12.745000	-2.653103e-02
12.750000	-2.491193e-02
12.755000	-2.353718e-02
12.760000	-2.203790e-02
12.765000	-1.989886e-02
12.770000	-1.693551e-02
12.775000	-1.308348e-02
12.780000	-8.468711e-03
12.785000	-3.302837e-03
12.790000	2.299320e-03
12.795000	8.197313e-03
12.800000	1.435278e-02
12.805000	2.063115e-02
12.810000	2.660615e-02
12.815000	3.144636e-02
12.820000	3.494462e-02
12.825000	3.732419e-02
12.830000	3.860180e-02
12.835000	3.894914e-02
12.840000	3.860761e-02
12.845000	3.766464e-02
12.850000	3.618903e-02
12.855000	3.409614e-02
12.860000	3.158637e-02
12.865000	2.916724e-02
12.870000	2.712743e-02
12.875000	2.552164e-02
12.880000	2.443199e-02
12.885000	2.383768e-02
12.890000	2.354722e-02
12.895000	2.325617e-02
12.900000	2.278558e-02
12.905000	2.176741e-02
12.910000	1.971576e-02
12.915000	1.651098e-02
12.920000	1.202528e-02
12.925000	6.363555e-03
12.930000	1.917942e-04
12.935000	-5.987744e-03
12.940000	-1.213966e-02
12.945000	-1.831815e-02
12.950000	-2.460508e-02
12.955000	-3.103103e-02
12.960000	-3.750840e-02
12.965000	-4.373718e-02
12.970000	-4.922304e-02
12.975000	-5.342556e-02
12.980000	-5.617653e-02
12.985000	-5.767182e-02
12.990000	-5.805294e-02
12.995000	-5.734451e-02
13.000000	-5.554892e-02
13.005000	-5.283587e-02
13.010000	-4.932943e-02
13.015000	-4.498654e-02
13.020000	-3.990850e-02
13.025000	-3.432814e-02
13.030000	-2.850400e-02
13.035000	-2.257295e-02
13.040000	-1.692200e-02
13.045000	-1.189637e-02
13.050000	-7.541127e-03
13.055000	-3.835121e-03
13.060000	-8.665190e-04
13.065000	1.373610e-03
13.070000	3.088585e-03
13.075000	4.350083e-03
13.080000	4.987439e-03
13.085000	5.023959e-03
13.090000	4.541585e-03
13.095000	3.657361e-03
13.100000	2.387753e-03
13.105000	8.813398e-04
13.110000	-6.794026e-04
13.115000	-2.251393e-03
13.120000	-3.707841e-03
13.125000	-4.836720e-03
13.130000	-5.396384e-03
13.135000	-5.155438e-03
13.140000	-4.220259e-03
13.145000	-2.846498e-03
13.150000	-9.274849e-04
13.155000	1.684755e-03
13.160000	5.037510e-03
13.165000	9.141193e-03
13.170000	1.398968e-02
13.175000	1.952303e-02
13.180000	2.515273e-02
13.185000	3.055029e-02
13.190000	3.548814e-02
13.195000	3.960825e-02
13.200000	4.269160e-02
13.205000	4.428975e-02
13.210000	4.358630e-02
13.215000	4.026751e-02
13.220000	3.459599e-02
13.225000	2.736677e-02
13.230000	1.978016e-02
13.235000	1.223468e-02
13.240000	4.679302e-03
13.245000	-2.971564e-03
13.250000	-1.079879e-02
13.255000	-1.873232e-02
13.260000	-2.648936e-02
13.265000	-3.352427e-02
13.270000	-3.919697e-02
13.275000	-4.319212e-02
13.280000	-4.584122e-02
13.285000	-4.712118e-02
13.290000	-4.699912e-02
13.295000	-4.549059e-02
13.300000	-4.261282e-02
13.305000	-3.849184e-02
13.310000	-3.350363e-02
13.315000	-2.815003e-02
13.320000	-2.303529e-02
13.325000	-1.878037e-02
13.330000	-1.520497e-02
13.335000	-1.210989e-02
13.340000	-9.809482e-03
13.345000	-8.574142e-03
13.350000	-8.826265e-03
13.355000	-1.089176e-02
13.360000	-1.481889e-02
13.365000	-2.021622e-02
13.370000	-2.630131e-02
13.375000	-3.242127e-02
13.380000	-3.826384e-02
13.385000	-4.348832e-02
13.390000	-4.778628e-02
13.395000	-5.116531e-02
13.400000	-5.366998e-02
13.405000	-5.507743e-02
13.410000	-5.524502e-02
13.415000	-5.402218e-02
13.420000	-5.139761e-02
13.425000	-4.732837e-02
13.430000	-4.205662e-02
13.435000	-3.601036e-02
13.440000	-2.936589e-02
13.445000	-2.225395e-02
13.450000	-1.503293e-02
13.455000	-7.992019e-03
13.460000	-1.585488e-03
13.465000	3.604712e-03
13.470000	7.249602e-03
13.475000	9.461947e-03
13.480000	1.022615e-02
13.485000	9.661403e-03
13.490000	7.933555e-03
13.495000	5.071530e-03
13.500000	1.170851e-03
13.505000	-3.250524e-03
13.510000	-7.558604e-03
13.515000	-1.114213e-02
13.520000	-1.379633e-02
13.525000	-1.534560e-02
13.530000	-1.582026e-02
13.535000	-1.529898e-02
13.540000	-1.387534e-02
13.545000	-1.143260e-02
13.550000	-8.076062e-03
13.555000	-3.850103e-03
13.560000	1.037184e-03
13.565000	6.146695e-03
13.570000	1.133222e-02
13.575000	1.636307e-02
13.580000	2.095267e-02
13.585000	2.515262e-02
13.590000	2.891640e-02
13.595000	3.193382e-02
13.600000	3.397039e-02
13.605000	3.486324e-02
13.610000	3.464172e-02
13.615000	3.338173e-02
13.620000	3.104346e-02
13.625000	2.792653e-02
13.630000	2.438928e-02
13.635000	2.068429e-02
13.640000	1.723743e-02
13.645000	1.437621e-02
13.650000	1.237523e-02
13.655000	1.142099e-02
13.660000	1.147759e-02
13.665000	1.240892e-02
13.670000	1.400031e-02
13.675000	1.599015e-02
13.680000	1.833886e-02
13.685000	2.101387e-02
13.690000	2.390249e-02
13.695000	2.694317e-02
13.700000	2.998074e-02
13.705000	3.258241e-02
13.710000	3.442354e-02
13.715000	3.542370e-02
13.720000	3.557932e-02
13.725000	3.534189e-02
13.730000	3.519875e-02
13.735000	3.490402e-02
13.740000	3.422323e-02
13.745000	3.312950e-02
13.750000	3.161434e-02
13.755000	2.985509e-02
13.760000	2.796388e-02
13.765000	2.592970e-02
13.770000	2.411149e-02
13.775000	2.268370e-02
13.780000	2.161246e-02
13.785000	2.076868e-02
13.790000	2.009994e-02
13.795000	1.966278e-02
13.800000	1.943759e-02
13.805000	1.932541e-02
13.810000	1.926583e-02
13.815000	1.908547e-02
13.820000	1.842998e-02
13.825000	1.709921e-02
13.830000	1.531900e-02
13.835000	1.323792e-02
13.840000	1.107490e-02
13.845000	8.650653e-03
13.850000	5.298078e-03
13.855000	6.654324e-04
13.860000	-5.135453e-03
13.865000	-1.131919e-02
13.870000	-1.696087e-02
13.875000	-2.158332e-02
13.880000	-2.510268e-02
13.885000	-2.754762e-02
13.890000	-2.908827e-02
13.895000	-2.982618e-02
13.900000	-2.962971e-02
13.905000	-2.873721e-02
13.910000	-2.716897e-02
13.915000	-2.492420e-02
13.920000	-2.210124e-02
13.925000	-1.879134e-02
13.930000	-1.517958e-02
13.935000	-1.151549e-02
13.940000	-7.784687e-03
13.945000	-3.866652e-03
13.950000	1.574805e-04
13.955000	4.221557e-03
13.960000	8.206276e-03
13.965000	1.207495e-02
13.970000	1.590278e-02
13.975000	1.976586e-02
13.980000	2.369943e-02
13.985000	2.785179e-02
13.990000	3.205865e-02
13.995000	3.612415e-02
14.000000	3.982339e-02
14.005000	4.286264e-02
14.010000	4.525848e-02
14.015000	4.720376e-02
14.020000	4.875775e-02
14.025000	5.006277e-02
14.030000	5.107382e-02
14.035000	5.162292e-02
14.040000	5.181478e-02
14.045000	5.165265e-02
14.050000	5.106167e-02
14.055000	4.998398e-02
14.060000	4.858533e-02
14.065000	4.708827e-02
14.070000	4.554494e-02
14.075000	4.384222e-02
14.080000	4.202114e-02
14.085000	4.027044e-02
14.090000	3.872643e-02
14.095000	3.737088e-02
14.100000	3.600246e-02
14.105000	3.452687e-02
14.110000	3.309714e-02
14.115000	3.180959e-02
14.120000	3.050241e-02
14.125000	2.910693e-02
14.130000	2.767378e-02
14.135000	2.610773e-02
14.140000	2.431264e-02
14.145000	2.235811e-02
14.150000	2.033899e-02
14.155000	1.834389e-02
14.160000	1.651791e-02
14.165000	1.472386e-02
14.170000	1.274896e-02
14.175000	1.055162e-02
14.180000	8.338356e-03
14.185000	6.434000e-03
14.190000	5.111349e-03
14.195000	4.550632e-03
14.200000	4.630098e-03
14.205000	4.986712e-03
14.210000	5.324652e-03
14.215000	5.395457e-03
14.220000	5.221388e-03
14.225000	5.028844e-03
14.230000	5.032511e-03
14.235000	5.353408e-03
14.240000	5.866340e-03
14.245000	6.602015e-03
14.250000	7.665058e-03
14.255000	9.044420e-03
14.260000	1.046230e-02
14.265000	1.160501e-02
14.270000	1.222315e-02
14.275000	1.201506e-02
14.280000	1.101137e-02
14.285000	9.365743e-03
14.290000	7.424871e-03
14.295000	5.341050e-03
14.300000	2.943084e-03
14.305000	-1.876483e-04
14.310000	-4.289947e-03
14.315000	-9.144770e-03
14.320000	-1.443576e-02
14.325000	-1.988406e-02
14.330000	-2.490114e-02
14.335000	-2.903990e-02
14.340000	-3.228595e-02
14.345000	-3.448586e-02
14.350000	-3.588124e-02
14.355000	-3.690677e-02
14.360000	-3.772290e-02
14.365000	-3.794683e-02
14.370000	-3.722241e-02
14.375000	-3.542900e-02
14.380000	-3.242223e-02
14.385000	-2.829015e-02
14.390000	-2.347312e-02
14.395000	-1.841086e-02
14.400000	-1.346960e-02
14.405000	-9.237419e-03
14.410000	-5.944718e-03
14.415000	-3.492026e-03
14.420000	-1.696736e-03
14.425000	-4.428767e-04
14.430000	2.927418e-04
14.435000	5.407047e-04
14.440000	2.334897e-04
14.445000	-5.296195e-04
14.450000	-1.503735e-03
14.455000	-2.548804e-03
14.460000	-3.498635e-03
14.465000	-4.376603e-03
14.470000	-5.295426e-03
14.475000	-6.418333e-03
14.480000	-7.785696e-03
14.485000	-9.173132e-03
14.490000	-1.037418e-02
14.495000	-1.120098e-02
14.500000	-1.168473e-02
14.505000	-1.181810e-02
14.510000	-1.160953e-02
14.515000	-1.137942e-02
14.520000	-1.131134e-02
14.525000	-1.131557e-02
14.530000	-1.125001e-02
14.535000	-1.099770e-02
14.540000	-1.050251e-02
14.545000	-9.800001e-03
14.550000	-8.803163e-03
14.555000	-7.501042e-03
14.560000	-6.026407e-03
14.565000	-4.644636e-03
14.570000	-3.399541e-03
14.575000	-2.388496e-03
14.580000	-1.729384e-03
14.585000	-1.407160e-03
14.590000	-1.303595e-03
14.595000	-1.188447e-03
14.600000	-1.086384e-03
14.605000	-1.149609e-03
14.610000	-1.465271e-03
14.615000	-2.171150e-03
14.620000	-3.290468e-03
14.625000	-4.666444e-03
14.630000	-6.150011e-03
14.635000	-7.652308e-03
14.640000	-9.235378e-03
14.645000	-1.074795e-02
14.650000	-1.200562e-02
14.655000	-1.297975e-02
14.660000	-1.379333e-02
14.665000	-1.435002e-02
14.670000	-1.451676e-02
14.675000	-1.432460e-02
14.680000	-1.387037e-02
14.685000	-1.317461e-02
14.690000	-1.212145e-02
14.695000	-1.059422e-02
14.700000	-8.548269e-03
14.705000	-6.159582e-03
14.710000	-3.594612e-03
14.715000	-1.016155e-03
14.720000	1.516471e-03
14.725000	4.192028e-03
14.730000	7.219890e-03
14.735000	1.061289e-02
14.740000	1.418092e-02
14.745000	1.761640e-02
14.750000	2.077717e-02
14.755000	2.368098e-02
14.760000	2.621696e-02
14.765000	2.823442e-02
14.770000	2.968654e-02
14.775000	3.057232e-02
14.780000	3.117378e-02
14.785000	3.165970e-02
14.790000	3.211218e-02
14.795000	3.255316e-02
14.800000	3.304116e-02
14.805000	3.336468e-02
14.810000	3.337705e-02
14.815000	3.320449e-02
14.820000	3.295587e-02
14.825000	3.253394e-02
14.830000	3.186672e-02
14.835000	3.102033e-02
14.840000	3.013322e-02
14.845000	2.944684e-02
14.850000	2.862576e-02
14.855000	2.726489e-02
14.860000	2.531616e-02
14.865000	2.298543e-02
14.870000	2.052203e-02
14.875000	1.790998e-02
14.880000	1.527875e-02
14.885000	1.255112e-02
14.890000	9.797573e-03
14.895000	6.886753e-03
14.900000	3.670458e-03
14.905000	-3.411310e-06
14.910000	-4.040980e-03
14.915000	-8.139443e-03
14.920000	-1.186328e-02
14.925000	-1.501862e-02
14.930000	-1.740491e-02
14.935000	-1.895312e-02
14.940000	-1.951949e-02
14.945000	-1.911001e-02
14.950000	-1.787055e-02
14.955000	-1.603886e-02
14.960000	-1.375502e-02
14.965000	-1.110349e-02
14.970000	-8.288169e-03
14.975000	-5.395570e-03
14.980000	-2.446186e-03
14.985000	4.501502e-04
14.990000	3.248294e-03
14.995000	5.861909e-03
15.000000	8.183975e-03
15.005000	1.024137e-02
15.010000	1.216864e-02
15.015000	1.406624e-02
15.020000	1.595561e-02
15.025000	1.784130e-02
15.030000	1.959337e-02
15.035000	2.113763e-02
15.040000	2.235446e-02
15.045000	2.318694e-02
15.050000	2.365403e-02
15.055000	2.367539e-02
15.060000	2.336529e-02
15.065000	2.315579e-02
15.070000	2.310182e-02
15.075000	2.308288e-02
15.080000	2.309089e-02
15.085000	2.314771e-02
15.090000	2.313444e-02
15.095000	2.270613e-02
15.100000	2.184918e-02
15.105000	2.074448e-02
15.110000	1.936613e-02
15.115000	1.774388e-02
15.120000	1.599905e-02
15.125000	1.414110e-02
15.130000	1.216662e-02
15.135000	1.020562e-02
15.140000	8.251262e-03
15.145000	6.464656e-03
15.150000	4.912361e-03
15.155000	3.710641e-03
15.160000	2.840211e-03
15.165000	2.207600e-03
15.170000	1.740834e-03
15.175000	1.323481e-03
15.180000	1.058595e-03
15.185000	1.068357e-03
15.190000	1.107586e-03
15.195000	9.899874e-04
15.200000	5.194865e-04
15.205000	-4.586384e-04
15.210000	-1.954973e-03
15.215000	-4.067159e-03
15.220000	-6.534971e-03
15.225000	-8.925444e-03
15.230000	-1.091116e-02
15.235000	-1.270211e-02
15.240000	-1.454428e-02
15.245000	-1.653385e-02
15.250000	-1.874513e-02
15.255000	-2.124669e-02
15.260000	-2.390963e-02
15.265000	-2.658124e-02
15.270000	-2.927003e-02
15.275000	-3.167981e-02
15.280000	-3.360797e-02
15.285000	-3.505247e-02
15.290000	-3.625685e-02
15.295000	-3.727100e-02
15.300000	-3.813922e-02
15.305000	-3.879935e-02
15.310000	-3.920629e-02
15.315000	-3.913110e-02
15.320000	-3.852697e-02
15.325000	-3.733204e-02
15.330000	-3.565552e-02
15.335000	-3.349285e-02
15.340000	-3.095205e-02
15.345000	-2.849835e-02
15.350000	-2.667641e-02
15.355000	-2.566509e-02
15.360000	-2.516735e-02
15.365000	-2.489471e-02
15.370000	-2.476161e-02
15.375000	-2.466629e-02
15.380000	-2.469834e-02
15.385000	-2.507302e-02
15.390000	-2.597206e-02
15.395000	-2.739500e-02
15.400000	-2.934618e-02
15.405000	-3.165564e-02
15.410000	-3.416840e-02
15.415000	-3.661238e-02
15.420000	-3.888999e-02
15.425000	-4.108409e-02
15.430000	-4.338099e-02
15.435000	-4.559611e-02
15.440000	-4.755094e-02
15.445000	-4.919156e-02
15.450000	-5.037474e-02
15.455000	-5.109075e-02
15.460000	-5.127724e-02
15.465000	-5.096045e-02
15.470000	-5.026202e-02
15.475000	-4.913183e-02
15.480000	-4.752819e-02
15.485000	-4.553294e-02
15.490000	-4.319762e-02
15.495000	-4.063941e-02
15.500000	-3.791823e-02
15.505000	-3.490910e-02
15.510000	-3.160044e-02
15.515000	-2.815911e-02
15.520000	-2.464190e-02
15.525000	-2.115067e-02
15.530000	-1.783761e-02
15.535000	-1.458649e-02
15.540000	-1.151199e-02
15.545000	-8.544120e-03
15.550000	-5.788855e-03
15.555000	-3.423026e-03
15.560000	-1.646319e-03
15.565000	-6.377842e-04
15.570000	-1.599532e-04
15.575000	-1.168673e-04
15.580000	-3.741578e-04
15.585000	-1.004505e-03
15.590000	-2.061317e-03
15.595000	-3.548321e-03
15.600000	-5.598469e-03
15.605000	-8.438292e-03
15.610000	-1.232269e-02
15.615000	-1.732924e-02
15.620000	-2.323558e-02
15.625000	-2.984789e-02
15.630000	-3.696574e-02
15.635000	-4.420776e-02
15.640000	-5.143689e-02
15.645000	-5.849147e-02
15.650000	-6.507742e-02
15.655000	-7.082771e-02
15.660000	-7.527509e-02
15.665000	-7.829546e-02
15.670000	-8.009590e-02
15.675000	-8.037337e-02
15.680000	-7.911773e-02
15.685000	-7.657897e-02
15.690000	-7.307235e-02
15.695000	-6.873169e-02
15.700000	-6.379738e-02
15.705000	-5.863215e-02
15.710000	-5.362273e-02
15.715000	-4.908146e-02
15.720000	-4.445540e-02
15.725000	-3.945199e-02
15.730000	-3.388035e-02
15.735000	-2.815379e-02
15.740000	-2.271430e-02
15.745000	-1.792872e-02
15.750000	-1.377469e-02
15.755000	-1.008319e-02
15.760000	-6.891901e-03
15.765000	-4.476396e-03
15.770000	-2.911757e-03
15.775000	-1.943097e-03
15.780000	-1.379535e-03
15.785000	-1.189663e-03
15.790000	-1.333969e-03
15.795000	-1.859438e-03
15.800000	-2.621228e-03
15.805000	-3.346054e-03
15.810000	-3.866795e-03
15.815000	-4.132603e-03
15.820000	-4.172473e-03
15.825000	-3.952923e-03
15.830000	-3.277610e-03
15.835000	-1.991597e-03
15.840000	5.991958e-05
15.845000	2.915015e-03
15.850000	6.151797e-03
15.855000	9.110009e-03
15.860000	1.161793e-02
15.865000	1.371382e-02
15.870000	1.544120e-02
15.875000	1.681304e-02
15.880000	1.776748e-02
15.885000	1.818346e-02
15.890000	1.778113e-02
15.895000	1.659036e-02
15.900000	1.479474e-02
15.905000	1.255200e-02
15.910000	1.023542e-02
15.915000	8.015878e-03
15.920000	6.000529e-03
15.925000	4.575438e-03
15.930000	3.795128e-03
15.935000	3.744806e-03
15.940000	4.549894e-03
15.945000	6.297909e-03
15.950000	8.761446e-03
15.955000	1.177965e-02
15.960000	1.527090e-02
15.965000	1.876918e-02
15.970000	2.211535e-02
15.975000	2.544278e-02
15.980000	2.893438e-02
15.985000	3.242507e-02
15.990000	3.571029e-02
15.995000	3.859854e-02
16.000000	4.115465e-02
16.005000	4.346996e-02
16.010000	4.551607e-02
16.015000	4.738217e-02
16.020000	4.905290e-02
16.025000	5.049747e-02
16.030000	5.166869e-02
16.035000	5.266183e-02
16.040000	5.355567e-02
16.045000	5.439379e-02
16.050000	5.504201e-02
16.055000	5.535618e-02
16.060000	5.519608e-02
16.065000	5.471623e-02
16.070000	5.406062e-02
16.075000	5.344741e-02
16.080000	5.288220e-02
16.085000	5.240446e-02
16.090000	5.195735e-02
16.095000	5.140493e-02
16.100000	5.067940e-02
16.105000	5.000304e-02
16.110000	4.946580e-02
16.115000	4.907597e-02
16.120000	4.886945e-02
16.125000	4.870578e-02
16.130000	4.835874e-02
16.135000	4.780274e-02
16.140000	4.713535e-02
16.145000	4.617789e-02
16.150000	4.482641e-02
16.155000	4.310819e-02
16.160000	4.107927e-02
16.165000	3.859138e-02
16.170000	3.537499e-02
16.175000	3.160886e-02
16.180000	2.760347e-02
16.185000	2.362554e-02
16.190000	1.971737e-02
16.195000	1.594374e-02
16.200000	1.223198e-02
16.205000	8.380543e-03
16.210000	4.488014e-03
16.215000	7.711929e-04
16.220000	-2.566139e-03
16.225000	-5.136467e-03
16.230000	-6.734505e-03
16.235000	-7.618262e-03
16.240000	-8.223300e-03
16.245000	-8.745622e-03
16.250000	-9.113519e-03
16.255000	-9.136587e-03
16.260000	-8.777457e-03
16.265000	-7.887195e-03
16.270000	-6.455296e-03
16.275000	-4.514757e-03
16.280000	-2.142827e-03
16.285000	5.272338e-04
16.290000	3.275979e-03
16.295000	5.994426e-03
16.300000	8.596774e-03
16.305000	1.096437e-02
16.310000	1.323612e-02
16.315000	1.531689e-02
16.320000	1.695380e-02
16.325000	1.802191e-02
16.330000	1.849649e-02
16.335000	1.839537e-02
16.340000	1.780391e-02
16.345000	1.673112e-02
16.350000	1.497886e-02
16.355000	1.236736e-02
16.360000	9.171864e-03
16.365000	5.990399e-03
16.370000	3.354519e-03
16.375000	1.360490e-03
16.380000	-1.987364e-04
16.385000	-1.573605e-03
16.390000	-3.024500e-03
16.395000	-4.422755e-03
16.400000	-5.588064e-03
16.405000	-6.570829e-03
16.410000	-7.484812e-03
16.415000	-8.453836e-03
16.420000	-9.697039e-03
16.425000	-1.123472e-02
16.430000	-1.293579e-02
16.435000	-1.472941e-02
16.440000	-1.654791e-02
16.445000	-1.849595e-02
16.450000	-2.051256e-02
16.455000	-2.227595e-02
16.460000	-2.372130e-02
16.465000	-2.480715e-02
16.470000	-2.542064e-02
16.475000	-2.559599e-02
16.480000	-2.534161e-02
16.485000	-2.485561e-02
16.490000	-2.419254e-02
16.495000	-2.315190e-02
16.500000	-2.164999e-02
16.505000	-1.968311e-02
16.510000	-1.734343e-02
16.515000	-1.478968e-02
16.520000	-1.234355e-02
16.525000	-1.009962e-02
16.530000	-7.771389e-03
16.535000	-5.079184e-03
16.540000	-2.117325e-03
16.545000	8.670026e-04
16.550000	3.490963e-03
16.555000	5.522036e-03
16.560000	6.879249e-03
16.565000	7.666880e-03
16.570000	8.093354e-03
16.575000	8.320815e-03
16.580000	8.178061e-03
16.585000	7.505785e-03
16.590000	6.435720e-03
16.595000	5.073467e-03
16.600000	3.698916e-03
16.605000	2.641520e-03
16.610000	2.147670e-03
16.615000	2.304069e-03
16.620000	3.001004e-03
16.625000	4.137243e-03
16.630000	5.764235e-03
16.635000	7.965356e-03
16.640000	1.067845e-02
16.645000	1.379801e-02
16.650000	1.722976e-02
16.655000	2.087622e-02
16.660000	2.446558e-02
16.665000	2.803223e-02
16.670000	3.153392e-02
16.675000	3.493631e-02
16.680000	3.811969e-02
16.685000	4.081198e-02
16.690000	4.273771e-02
16.695000	4.393196e-02
16.700000	4.452125e-02
16.705000	4.452567e-02
16.710000	4.396309e-02
16.715000	4.311970e-02
16.720000	4.219452e-02
16.725000	4.154082e-02
16.730000	4.150567e-02
16.735000	4.200749e-02
16.740000	4.267805e-02
16.745000	4.318277e-02
16.750000	4.343722e-02
16.755000	4.346752e-02
16.760000	4.334876e-02
16.765000	4.305181e-02
16.770000	4.257418e-02
16.775000	4.188236e-02
16.780000	4.095724e-02
16.785000	3.969389e-02
16.790000	3.796208e-02
16.795000	3.580687e-02
16.800000	3.325681e-02
16.805000	3.031500e-02
16.810000	2.716821e-02
16.815000	2.375255e-02
16.820000	2.004778e-02
16.825000	1.623996e-02
16.830000	1.257974e-02
16.835000	9.475759e-03
16.840000	6.927179e-03
16.845000	4.650555e-03
16.850000	2.272827e-03
16.855000	-4.592265e-04
16.860000	-3.376392e-03
16.865000	-5.858443e-03
16.870000	-7.499140e-03
16.875000	-8.418420e-03
16.880000	-8.956560e-03
16.885000	-9.274908e-03
16.890000	-9.470215e-03
16.895000	-9.493895e-03
16.900000	-9.348867e-03
16.905000	-8.945146e-03
16.910000	-8.341467e-03
16.915000	-7.582764e-03
16.920000	-6.764142e-03
16.925000	-6.018915e-03
16.930000	-5.373316e-03
16.935000	-4.813858e-03
16.940000	-4.515615e-03
16.945000	-4.622829e-03
16.950000	-5.147391e-03
16.955000	-6.008206e-03
16.960000	-7.132325e-03
16.965000	-8.394263e-03
16.970000	-9.610705e-03
16.975000	-1.080705e-02
16.980000	-1.210259e-02
16.985000	-1.357473e-02
16.990000	-1.501704e-02
16.995000	-1.615846e-02
17.000000	-1.675513e-02
17.005000	-1.657109e-02
17.010000	-1.554511e-02
17.015000	-1.386013e-02
17.020000	-1.173062e-02
17.025000	-9.301249e-03
17.030000	-6.521812e-03
17.035000	-3.558878e-03
17.040000	-6.085593e-04
17.045000	2.332398e-03
17.050000	5.329345e-03
17.055000	8.188038e-03
17.060000	1.077248e-02
17.065000	1.314982e-02
17.070000	1.527793e-02
17.075000	1.713653e-02
17.080000	1.879464e-02
17.085000	2.011624e-02
17.090000	2.109418e-02
17.095000	2.175801e-02
17.100000	2.212100e-02
17.105000	2.220355e-02
17.110000	2.199451e-02
17.115000	2.127356e-02
17.120000	1.986114e-02
17.125000	1.769451e-02
17.130000	1.476753e-02
17.135000	1.135800e-02
17.140000	7.515384e-03
17.145000	3.427898e-03
17.150000	-7.924845e-04
17.155000	-5.049489e-03
17.160000	-9.054940e-03
17.165000	-1.266925e-02
17.170000	-1.597637e-02
17.175000	-1.894151e-02
17.180000	-2.152412e-02
17.185000	-2.382150e-02
17.190000	-2.567906e-02
17.195000	-2.708769e-02
17.200000	-2.824174e-02
17.205000	-2.920729e-02
17.210000	-2.997664e-02
17.215000	-3.067890e-02
17.220000	-3.119297e-02
17.225000	-3.116106e-02
17.230000	-3.036655e-02
17.235000	-2.891788e-02
17.240000	-2.708610e-02
17.245000	-2.511594e-02
17.250000	-2.321849e-02
17.255000	-2.159313e-02
17.260000	-2.019680e-02
17.265000	-1.892131e-02
17.270000	-1.775503e-02
17.275000	-1.684187e-02
17.280000	-1.632935e-02
17.285000	-1.636429e-02
17.290000	-1.700344e-02
17.295000	-1.809941e-02
17.300000	-1.946462e-02
17.305000	-2.094122e-02
17.310000	-2.234295e-02
17.315000	-2.366517e-02
17.320000	-2.471242e-02
17.325000	-2.531705e-02
17.330000	-2.525363e-02
17.335000	-2.429875e-02
17.340000	-2.239854e-02
17.345000	-1.979249e-02
17.350000	-1.684496e-02
17.355000	-1.409011e-02
17.360000	-1.167952e-02
17.365000	-9.154554e-03
17.370000	-6.213419e-03
17.375000	-3.005865e-03
17.380000	1.153132e-04
17.385000	2.758965e-03
17.390000	4.915051e-03
17.395000	6.599403e-03
17.400000	7.879354e-03
17.405000	8.870760e-03
17.410000	9.470873e-03
17.415000	9.756332e-03
17.420000	9.759393e-03
17.425000	9.448122e-03
17.430000	8.743518e-03
17.435000	7.641849e-03
17.440000	6.101158e-03
17.445000	3.984319e-03
17.450000	1.349438e-03
17.455000	-1.527809e-03
17.460000	-4.664757e-03
17.465000	-8.001915e-03
17.470000	-1.114602e-02
17.475000	-1.407227e-02
17.480000	-1.674054e-02
17.485000	-1.903946e-02
17.490000	-2.079272e-02
17.495000	-2.201567e-02
17.500000	-2.285904e-02
17.505000	-2.321500e-02
17.510000	-2.305315e-02
17.515000	-2.243917e-02
17.520000	-2.150042e-02
17.525000	-2.005037e-02
17.530000	-1.809333e-02
17.535000	-1.570169e-02
17.540000	-1.308553e-02
17.545000	-1.034971e-02
17.550000	-7.411044e-03
17.555000	-4.510002e-03
17.560000	-1.611315e-03
17.565000	1.116758e-03
17.570000	3.678171e-03
17.575000	6.080904e-03
17.580000	8.033144e-03
17.585000	9.404126e-03
17.590000	1.018546e-02
17.595000	1.044428e-02
17.600000	1.022092e-02
17.605000	9.757243e-03
17.610000	9.122599e-03
17.615000	8.255882e-03
17.620000	7.081439e-03
17.625000	5.761853e-03
17.630000	4.446489e-03
17.635000	3.337413e-03
17.640000	2.505240e-03
17.645000	1.968183e-03
17.650000	1.841194e-03
17.655000	2.076818e-03
17.660000	2.477712e-03
17.665000	3.019767e-03
17.670000	3.635710e-03
17.675000	4.217972e-03
17.680000	4.730316e-03
17.685000	5.160999e-03
17.690000	5.497405e-03
17.695000	5.595378e-03
17.700000	5.467031e-03
17.705000	4.989131e-03
17.710000	4.072665e-03
17.715000	2.901737e-03
17.720000	1.784566e-03
17.725000	9.962400e-04
17.730000	6.947867e-04
17.735000	6.197128e-04
17.740000	4.038721e-04
17.745000	-1.818254e-04
17.750000	-1.152278e-03
17.755000	-2.290847e-03
17.760000	-3.334234e-03
17.765000	-4.168307e-03
17.770000	-4.896097e-03
17.775000	-5.435813e-03
17.780000	-6.013035e-03
17.785000	-6.619872e-03
17.790000	-6.997079e-03
17.795000	-7.136342e-03
17.800000	-6.920276e-03
17.805000	-6.235630e-03
17.810000	-5.319016e-03
17.815000	-4.344202e-03
17.820000	-3.506980e-03
17.825000	-2.885460e-03
17.830000	-2.522948e-03
17.835000	-2.270925e-03
17.840000	-2.203492e-03
17.845000	-2.367249e-03
17.850000	-2.870050e-03
17.855000	-3.761164e-03
17.860000	-4.785507e-03
17.865000	-5.531453e-03
17.870000	-5.772267e-03
17.875000	-5.656637e-03
17.880000	-5.225844e-03
17.885000	-4.426218e-03
17.890000	-3.365530e-03
17.895000	-2.176161e-03
17.900000	-8.840999e-04
17.905000	4.605677e-04
17.910000	1.663487e-03
17.915000	2.517608e-03
17.920000	3.037753e-03
17.925000	3.247851e-03
17.930000	3.117412e-03
17.935000	2.673118e-03
17.940000	1.864683e-03
17.945000	6.430929e-04
17.950000	-1.046358e-03
17.955000	-3.128479e-03
17.960000	-5.479280e-03
17.965000	-8.017113e-03
17.970000	-1.067229e-02
17.975000	-1.341811e-02
17.980000	-1.644650e-02
17.985000	-1.970274e-02
17.990000	-2.305083e-02
17.995000	-2.657175e-02
18.000000	-3.006542e-02
18.005000	-3.309542e-02
18.010000	-3.559853e-02
18.015000	-3.765099e-02
18.020000	-3.909284e-02
18.025000	-3.967682e-02
18.030000	-3.932722e-02
18.035000	-3.819099e-02
18.040000	-3.621490e-02
18.045000	-3.337081e-02
18.050000	-2.984854e-02
18.055000	-2.591706e-02
18.060000	-2.173588e-02
18.065000	-1.741672e-02
18.070000	-1.314418e-02
18.075000	-9.064660e-03
18.080000	-5.430709e-03
18.085000	-2.386561e-03
18.090000	-7.785114e-05
18.095000	1.266203e-03
18.100000	1.696343e-03
18.105000	1.276701e-03
18.110000	-1.381014e-05
18.115000	-2.193087e-03
18.120000	-5.006433e-03
18.125000	-8.068727e-03
18.130000	-1.119990e-02
18.135000	-1.433950e-02
18.140000	-1.737692e-02
18.145000	-2.016676e-02
18.150000	-2.271939e-02
18.155000	-2.482500e-02
18.160000	-2.628685e-02
18.165000	-2.696642e-02
18.170000	-2.669248e-02
18.175000	-2.540762e-02
18.180000	-2.336852e-02
18.185000	-2.042916e-02
18.190000	-1.661140e-02
18.195000	-1.228584e-02
18.200000	-7.610758e-03
18.205000	-2.985270e-03
18.210000	1.324370e-03
18.215000	5.167712e-03
18.220000	8.769734e-03
18.225000	1.235199e-02
18.230000	1.579391e-02
18.235000	1.860068e-02
18.240000	2.053403e-02
18.245000	2.170612e-02
18.250000	2.224374e-02
18.255000	2.221301e-02
18.260000	2.190434e-02
18.265000	2.165268e-02
18.270000	2.157776e-02
18.275000	2.169067e-02
18.280000	2.205264e-02
18.285000	2.245196e-02
18.290000	2.283740e-02
18.295000	2.328336e-02
18.300000	2.385212e-02
18.305000	2.460211e-02
18.310000	2.547848e-02
18.315000	2.634215e-02
18.320000	2.716618e-02
18.325000	2.804295e-02
18.330000	2.896945e-02
18.335000	3.009314e-02
18.340000	3.138610e-02
18.345000	3.253564e-02
18.350000	3.320268e-02
18.355000	3.320238e-02
18.360000	3.285208e-02
18.365000	3.259794e-02
18.370000	3.251606e-02
18.375000	3.241354e-02
18.380000	3.217157e-02
18.385000	3.178375e-02
18.390000	3.127900e-02
18.395000	3.052854e-02
18.400000	2.955294e-02
18.405000	2.835421e-02
18.410000	2.687629e-02
18.415000	2.515812e-02
18.420000	2.329685e-02
18.425000	2.147494e-02
18.430000	1.967994e-02
18.435000	1.782163e-02
18.440000	1.594928e-02
18.445000	1.414629e-02
18.450000	1.239845e-02
18.455000	1.089722e-02
18.460000	9.569346e-03
18.465000	8.345172e-03
18.470000	7.174676e-03
18.475000	5.983280e-03
18.480000	4.883473e-03
18.485000	4.100759e-03
18.490000	3.589743e-03
18.495000	3.337031e-03
18.500000	3.312367e-03
18.505000	3.614840e-03
18.510000	4.223863e-03
18.515000	4.958952e-03
18.520000	5.482968e-03
18.525000	5.678457e-03
18.530000	5.623667e-03
18.535000	5.165255e-03
18.540000	4.410503e-03
18.545000	3.425534e-03
18.550000	2.141107e-03
18.555000	8.432412e-04
18.560000	-3.313690e-04
18.565000	-1.313633e-03
18.570000	-2.164991e-03
18.575000	-2.797218e-03
18.580000	-3.156614e-03
18.585000	-3.271229e-03
18.590000	-3.141398e-03
18.595000	-2.668834e-03
18.600000	-1.999854e-03
18.605000	-1.239189e-03
18.610000	-4.887486e-04
18.615000	2.780991e-04
18.620000	1.199045e-03
18.625000	2.248630e-03
18.630000	3.326512e-03
18.635000	4.293101e-03
18.640000	5.205719e-03
18.645000	6.033210e-03
18.650000	6.568361e-03
18.655000	6.821415e-03
18.660000	6.978282e-03
18.665000	7.011949e-03
18.670000	6.923755e-03
18.675000	6.633822e-03
18.680000	6.094886e-03
18.685000	5.404581e-03
18.690000	4.657581e-03
18.695000	3.958708e-03
18.700000	3.379041e-03
18.705000	2.807201e-03
18.710000	2.083886e-03
18.715000	1.248947e-03
18.720000	5.593442e-04
18.725000	2.873216e-04
18.730000	6.230682e-04
18.735000	1.318744e-03
18.740000	2.073171e-03
18.745000	2.667141e-03
18.750000	3.030453e-03
18.755000	3.122292e-03
18.760000	3.018590e-03
18.765000	2.772510e-03
18.770000	2.371582e-03
18.775000	1.876895e-03
18.780000	1.222324e-03
18.785000	2.614632e-04
18.790000	-8.778259e-04
18.795000	-2.096208e-03
18.800000	-3.298889e-03
18.805000	-4.503346e-03
18.810000	-5.667302e-03
18.815000	-6.738178e-03
18.820000	-7.617868e-03
18.825000	-8.238614e-03
18.830000	-8.518052e-03
18.835000	-8.399843e-03
18.840000	-7.699821e-03
18.845000	-6.512069e-03
18.850000	-5.257100e-03
18.855000	-4.192988e-03
18.860000	-3.126193e-03
18.865000	-1.916119e-03
18.870000	-4.923656e-04
18.875000	1.038662e-03
18.880000	2.566871e-03
18.885000	4.071587e-03
18.890000	5.525784e-03
18.895000	6.865678e-03
18.900000	8.201727e-03
18.905000	9.494400e-03
18.910000	1.056729e-02
18.915000	1.129704e-02
18.920000	1.165448e-02
18.925000	1.173850e-02
18.930000	1.154943e-02
18.935000	1.103311e-02
18.940000	1.040852e-02
18.945000	9.707549e-03
18.950000	8.942337e-03
18.955000	8.083713e-03
18.960000	7.048631e-03
18.965000	5.715966e-03
18.970000	3.940654e-03
18.975000	1.735131e-03
18.980000	-7.560907e-04
18.985000	-3.249129e-03
18.990000	-5.456889e-03
18.995000	-7.414058e-03
19.000000	-9.153484e-03
19.005000	-1.060688e-02
19.010000	-1.185139e-02
19.015000	-1.274136e-02
19.020000	-1.309388e-02
19.025000	-1.293921e-02
19.030000	-1.250682e-02
19.035000	-1.205257e-02
19.040000	-1.138934e-02
19.045000	-1.043635e-02
19.050000	-9.190205e-03
19.055000	-7.733180e-03
19.060000	-6.130976e-03
19.065000	-4.477010e-03
19.070000	-3.048423e-03
19.075000	-2.082761e-03
19.080000	-1.631322e-03
19.085000	-1.534979e-03
19.090000	-1.755861e-03
19.095000	-2.250870e-03
19.100000	-2.964549e-03
19.105000	-3.987907e-03
19.110000	-5.499501e-03
19.115000	-7.636480e-03
19.120000	-1.032592e-02
19.125000	-1.352256e-02
19.130000	-1.702338e-02
19.135000	-2.031639e-02
19.140000	-2.333611e-02
19.145000	-2.607664e-02
19.150000	-2.827965e-02
19.155000	-2.991522e-02
19.160000	-3.108501e-02
19.165000	-3.186659e-02
19.170000	-3.231738e-02
19.175000	-3.237978e-02
19.180000	-3.210178e-02
19.185000	-3.154628e-02
19.190000	-3.084978e-02
19.195000	-3.010463e-02
19.200000	-2.934359e-02
19.205000	-2.871774e-02
19.210000	-2.822560e-02
19.215000	-2.769007e-02
19.220000	-2.683923e-02
19.225000	-2.554762e-02
19.230000	-2.400534e-02
19.235000	-2.253098e-02
19.240000	-2.114039e-02
19.245000	-1.979145e-02
19.250000	-1.841168e-02
19.255000	-1.703758e-02
19.260000	-1.582961e-02
19.265000	-1.480369e-02
19.270000	-1.393368e-02
19.275000	-1.305451e-02
19.280000	-1.191945e-02
19.285000	-1.043748e-02
19.290000	-8.745856e-03
19.295000	-7.256309e-03
19.300000	-6.301468e-03
19.305000	-5.959079e-03
19.310000	-6.152153e-03
19.315000	-6.580197e-03
19.320000	-6.925540e-03
19.325000	-7.043526e-03
19.330000	-7.069452e-03
19.335000	-7.091714e-03
19.340000	-7.361100e-03
19.345000	-8.166908e-03
19.350000	-9.331062e-03
19.355000	-1.060229e-02
19.360000	-1.156424e-02
19.365000	-1.188237e-02
19.370000	-1.164694e-02
19.375000	-1.123084e-02
19.380000	-1.074602e-02
19.385000	-1.021621e-02
19.390000	-9.593273e-03
19.395000	-8.582637e-03
19.400000	-7.191941e-03
19.405000	-5.611254e-03
19.410000	-3.804104e-03
19.415000	-1.844900e-03
19.420000	1.724387e-04
19.425000	2.248417e-03
19.430000	4.338485e-03
19.435000	6.331700e-03
19.440000	8.133815e-03
19.445000	9.579877e-03
19.450000	1.074242e-02
19.455000	1.172086e-02
19.460000	1.243845e-02
19.465000	1.290791e-02
19.470000	1.313934e-02
19.475000	1.317628e-02
19.480000	1.302397e-02
19.485000	1.269998e-02
19.490000	1.231702e-02
19.495000	1.213266e-02
19.500000	1.215994e-02
19.505000	1.220542e-02
19.510000	1.217818e-02
19.515000	1.198824e-02
19.520000	1.155135e-02
19.525000	1.088905e-02
19.530000	1.009564e-02
19.535000	8.993855e-03
19.540000	7.657518e-03
19.545000	6.116173e-03
19.550000	4.273599e-03
19.555000	1.966645e-03
19.560000	-7.789020e-04
19.565000	-3.822719e-03
19.570000	-7.167771e-03
19.575000	-1.061502e-02
19.580000	-1.386312e-02
19.585000	-1.672497e-02
19.590000	-1.919402e-02
19.595000	-2.119687e-02
19.600000	-2.258828e-02
19.605000	-2.330168e-02
19.610000	-2.327180e-02
19.615000	-2.242425e-02
19.620000	-2.074023e-02
19.625000	-1.836425e-02
19.630000	-1.545001e-02
19.635000	-1.225846e-02
19.640000	-8.991399e-03
19.645000	-5.753634e-03
19.650000	-2.467476e-03
19.655000	1.014301e-03
19.660000	4.367975e-03
19.665000	7.428989e-03
19.670000	1.000641e-02
19.675000	1.186210e-02
19.680000	1.314454e-02
19.685000	1.397970e-02
19.690000	1.433446e-02
19.695000	1.446062e-02
19.700000	1.438538e-02
19.705000	1.390678e-02
19.710000	1.290481e-02
19.715000	1.159371e-02
19.720000	1.056533e-02
19.725000	1.021474e-02
19.730000	1.057120e-02
19.735000	1.150383e-02
19.740000	1.284289e-02
19.745000	1.450880e-02
19.750000	1.646283e-02
19.755000	1.880912e-02
19.760000	2.140753e-02
19.765000	2.410086e-02
19.770000	2.664331e-02
19.775000	2.893140e-02
19.780000	3.098084e-02
19.785000	3.272228e-02
19.790000	3.422559e-02
19.795000	3.541914e-02
19.800000	3.626215e-02
19.805000	3.668359e-02
19.810000	3.673573e-02
19.815000	3.653401e-02
19.820000	3.612070e-02
19.825000	3.548806e-02
19.830000	3.464817e-02
19.835000	3.368269e-02
19.840000	3.273840e-02
19.845000	3.175087e-02
19.850000	3.060883e-02
19.855000	2.929209e-02
19.860000	2.784588e-02
19.865000	2.646036e-02
19.870000	2.520818e-02
19.875000	2.420087e-02
19.880000	2.335155e-02
19.885000	2.256880e-02
19.890000	2.201723e-02
19.895000	2.169114e-02
19.900000	2.155431e-02
19.905000	2.164923e-02
19.910000	2.192285e-02
19.915000	2.248640e-02
19.920000	2.327296e-02
19.925000	2.406912e-02
19.930000	2.467287e-02
19.935000	2.494982e-02
19.940000	2.483034e-02
19.945000	2.423834e-02
19.950000	2.331795e-02
19.955000	2.231262e-02
19.960000	2.114008e-02
19.965000	1.962259e-02
19.970000	1.779277e-02
19.975000	1.556808e-02
19.980000	1.290986e-02
19.985000	9.999186e-03
19.990000	6.987565e-03
19.995000	4.060169e-03
20.000000	1.176703e-03
20.005000	-1.741070e-03
20.010000	-4.690538e-03
20.015000	-7.599714e-03
20.020000	-1.035292e-02
20.025000	-1.296262e-02
20.030000	-1.540718e-02
20.035000	-1.760555e-02
20.040000	-1.956388e-02
20.045000	-2.127656e-02
20.050000	-2.263260e-02
20.055000	-2.349552e-02
20.060000	-2.392469e-02
20.065000	-2.413190e-02
20.070000	-2.417134e-02
20.075000	-2.391952e-02
20.080000	-2.343437e-02
20.085000	-2.268808e-02
20.090000	-2.173764e-02
20.095000	-2.073243e-02
20.100000	-1.977451e-02
20.105000	-1.898532e-02
20.110000	-1.831189e-02
20.115000	-1.772767e-02
20.120000	-1.733634e-02
20.125000	-1.731872e-02
20.130000	-1.772176e-02
20.135000	-1.850284e-02
20.140000	-1.979911e-02
20.145000	-2.150167e-02
20.150000	-2.349326e-02
20.155000	-2.545742e-02
20.160000	-2.716829e-02
20.165000	-2.863068e-02
20.170000	-2.999347e-02
20.175000	-3.115952e-02
20.180000	-3.210030e-02
20.185000	-3.285596e-02
20.190000	-3.347966e-02
20.195000	-3.419797e-02
20.200000	-3.515598e-02
20.205000	-3.649545e-02
20.210000	-3.808857e-02
20.215000	-3.972337e-02
20.220000	-4.107990e-02
20.225000	-4.200381e-02
20.230000	-4.251815e-02
20.235000	-4.272340e-02
20.240000	-4.276014e-02
20.245000	-4.276379e-02
20.250000	-4.256543e-02
20.255000	-4.193438e-02
20.260000	-4.078778e-02
20.265000	-3.933085e-02
20.270000	-3.767738e-02
20.275000	-3.582128e-02
20.280000	-3.381459e-02
20.285000	-3.161675e-02
20.290000	-2.901263e-02
20.295000	-2.596560e-02
20.300000	-2.264983e-02
20.305000	-1.920181e-02
20.310000	-1.580604e-02
20.315000	-1.253533e-02
20.320000	-9.418427e-03
20.325000	-6.423324e-03
20.330000	-3.464847e-03
20.335000	-5.143971e-04
20.340000	2.235515e-03
20.345000	4.667043e-03
20.350000	6.633841e-03
20.355000	8.073680e-03
20.360000	9.121636e-03
20.365000	1.015127e-02
20.370000	1.138566e-02
20.375000	1.297008e-02
20.380000	1.482219e-02
20.385000	1.682967e-02
20.390000	1.894121e-02
20.395000	2.127056e-02
20.400000	2.371804e-02
20.405000	2.607678e-02
20.410000	2.822777e-02
20.415000	3.012976e-02
20.420000	3.168306e-02
20.425000	3.274655e-02
20.430000	3.330792e-02
20.435000	3.346578e-02
20.440000	3.319971e-02
20.445000	3.270573e-02
20.450000	3.218839e-02
20.455000	3.157638e-02
20.460000	3.080851e-02
20.465000	2.986586e-02
20.470000	2.878527e-02
20.475000	2.761888e-02
20.480000	2.632978e-02
20.485000	2.487306e-02
20.490000	2.338942e-02
20.495000	2.198761e-02
20.500000	2.084825e-02
20.505000	1.995873e-02
20.510000	1.938578e-02
20.515000	1.928592e-02
20.520000	1.959825e-02
20.525000	2.019132e-02
20.530000	2.097837e-02
20.535000	2.213793e-02
20.540000	2.359316e-02
20.545000	2.528717e-02
20.550000	2.721073e-02
20.555000	2.930780e-02
20.560000	3.130327e-02
20.565000	3.284402e-02
20.570000	3.387455e-02
20.575000	3.426305e-02
20.580000	3.413661e-02
20.585000	3.362098e-02
20.590000	3.294091e-02
20.595000	3.213077e-02
20.600000	3.103711e-02
20.605000	2.967991e-02
20.610000	2.810949e-02
20.615000	2.646675e-02
20.620000	2.486591e-02
20.625000	2.344611e-02
20.630000	2.221883e-02
20.635000	2.118484e-02
20.640000	2.038857e-02
20.645000	1.991061e-02
20.650000	1.972709e-02
20.655000	1.978122e-02
20.660000	1.982112e-02
20.665000	1.980573e-02
20.670000	1.989357e-02
20.675000	2.015036e-02
20.680000	2.054554e-02
20.685000	2.086047e-02
20.690000	2.077572e-02
20.695000	2.038567e-02
20.700000	1.976209e-02
20.705000	1.899224e-02
20.710000	1.794759e-02
20.715000	1.664722e-02
20.720000	1.531476e-02
20.725000	1.407328e-02
20.730000	1.299802e-02
20.735000	1.195304e-02
20.740000	1.073302e-02
20.745000	9.308753e-03
20.750000	7.766245e-03
20.755000	6.124200e-03
20.760000	4.316433e-03
20.765000	2.215008e-03
20.770000	-7.210935e-05
20.775000	-2.453075e-03
20.780000	-4.761859e-03
20.785000	-7.083374e-03
20.790000	-9.444660e-03
20.795000	-1.177629e-02
20.800000	-1.409331e-02
20.805000	-1.643012e-02
20.810000	-1.869419e-02
20.815000	-2.071913e-02
20.820000	-2.261152e-02
20.825000	-2.451974e-02
20.830000	-2.624167e-02
20.835000	-2.768483e-02
20.840000	-2.886224e-02
20.845000	-2.974317e-02
20.850000	-3.041059e-02
20.855000	-3.109459e-02
20.860000	-3.174869e-02
20.865000	-3.218688e-02
20.870000	-3.210418e-02
20.875000	-3.133667e-02
20.880000	-3.004252e-02
20.885000	-2.828541e-02
20.890000	-2.612269e-02
20.895000	-2.363984e-02
20.900000	-2.099089e-02
20.905000	-1.813977e-02
20.910000	-1.509224e-02
20.915000	-1.195973e-02
20.920000	-8.786910e-03
20.925000	-5.824538e-03
20.930000	-3.064012e-03
20.935000	-5.778581e-04
20.940000	1.520038e-03
20.945000	3.330921e-03
20.950000	4.857177e-03
20.955000	6.176806e-03
20.960000	7.243834e-03
20.965000	7.960472e-03
20.970000	8.290299e-03
20.975000	8.326980e-03
20.980000	8.133786e-03
20.985000	7.813434e-03
20.990000	7.257435e-03
20.995000	6.469489e-03
21.000000	5.402314e-03
21.005000	4.126459e-03
21.010000	2.836212e-03
21.015000	1.643306e-03
21.020000	4.838685e-04
21.025000	-7.152461e-04
21.030000	-1.848030e-03
21.035000	-2.885994e-03
21.040000	-3.789277e-03
21.045000	-4.447012e-03
21.050000	-4.880208e-03
21.055000	-5.105573e-03
21.060000	-5.207561e-03
21.065000	-5.386893e-03
21.070000	-5.659922e-03
21.075000	-5.932828e-03
21.080000	-6.205581e-03
21.085000	-6.527737e-03
21.090000	-7.036867e-03
21.095000	-7.701271e-03
21.100000	-8.352068e-03
21.105000	-8.994626e-03
21.110000	-9.456100e-03
21.115000	-9.746927e-03
21.120000	-1.007446e-02
21.125000	-1.055927e-02
21.130000	-1.112575e-02
21.135000	-1.195935e-02
21.140000	-1.306932e-02
21.145000	-1.433356e-02
21.150000	-1.566767e-02
21.155000	-1.723752e-02
21.160000	-1.916974e-02
21.165000	-2.140366e-02
21.170000	-2.386655e-02
21.175000	-2.645775e-02
21.180000	-2.896140e-02
21.185000	-3.115508e-02
21.190000	-3.302220e-02
21.195000	-3.456393e-02
21.200000	-3.574447e-02
21.205000	-3.645987e-02
21.210000	-3.661793e-02
21.215000	-3.619357e-02
21.220000	-3.514094e-02
21.225000	-3.300359e-02
21.230000	-2.962953e-02
21.235000	-2.543744e-02
21.240000	-2.080616e-02
21.245000	-1.601216e-02
21.250000	-1.110686e-02
21.255000	-6.090373e-03
21.260000	-1.028383e-03
21.265000	3.848289e-03
21.270000	8.368376e-03
21.275000	1.248157e-02
21.280000	1.584056e-02
21.285000	1.826090e-02
21.290000	1.972274e-02
21.295000	2.033352e-02
21.300000	2.008360e-02
21.305000	1.898244e-02
21.310000	1.706911e-02
21.315000	1.468014e-02
21.320000	1.208153e-02
21.325000	9.305625e-03
21.330000	6.747035e-03
21.335000	4.654786e-03
21.340000	3.021957e-03
21.345000	1.586778e-03
21.350000	2.613707e-04
21.355000	-1.031521e-03
21.360000	-2.250994e-03
21.365000	-3.262699e-03
21.370000	-3.778311e-03
21.375000	-3.575509e-03
21.380000	-2.647834e-03
21.385000	-1.110998e-03
21.390000	1.019363e-03
21.395000	3.578938e-03
21.400000	6.425375e-03
21.405000	9.393409e-03
21.410000	1.229368e-02
21.415000	1.507054e-02
21.420000	1.773281e-02
21.425000	2.029327e-02
21.430000	2.247602e-02
21.435000	2.414644e-02
21.440000	2.526529e-02
21.445000	2.580498e-02
21.450000	2.582720e-02
21.455000	2.540570e-02
21.460000	2.463627e-02
21.465000	2.368572e-02
21.470000	2.270288e-02
21.475000	2.167604e-02
21.480000	2.065669e-02
21.485000	1.973053e-02
21.490000	1.892858e-02
21.495000	1.820705e-02
21.500000	1.762358e-02
21.505000	1.718703e-02
21.510000	1.685396e-02
21.515000	1.638310e-02
21.520000	1.581491e-02
21.525000	1.523733e-02
21.530000	1.459254e-02
21.535000	1.385223e-02
21.540000	1.291795e-02
21.545000	1.182699e-02
21.550000	1.057168e-02
21.555000	9.136125e-03
21.560000	7.635764e-03
21.565000	6.092269e-03
21.570000	4.601073e-03
21.575000	3.323373e-03
21.580000	2.256282e-03
21.585000	1.537528e-03
21.590000	1.038863e-03
21.595000	5.391860e-04
21.600000	2.469262e-04
21.605000	2.484201e-04
21.610000	5.896949e-04
21.615000	1.386150e-03
21.620000	2.586856e-03
21.625000	4.234545e-03
21.630000	6.286818e-03
21.635000	8.611873e-03
21.640000	1.127312e-02
21.645000	1.417887e-02
21.650000	1.702341e-02
21.655000	1.950724e-02
21.660000	2.139332e-02
21.665000	2.273310e-02
21.670000	2.362607e-02
21.675000	2.413887e-02
21.680000	2.411228e-02
21.685000	2.358912e-02
21.690000	2.275490e-02
21.695000	2.139997e-02
21.700000	1.964193e-02
21.705000	1.758352e-02
21.710000	1.520040e-02
21.715000	1.264486e-02
21.720000	1.026495e-02
21.725000	8.349262e-03
21.730000	7.068163e-03
21.735000	6.200854e-03
21.740000	5.362226e-03
21.745000	4.599065e-03
21.750000	4.042152e-03
21.755000	3.909521e-03
21.760000	4.170723e-03
21.765000	4.666378e-03
21.770000	5.357213e-03
21.775000	6.271955e-03
21.780000	7.372889e-03
21.785000	8.544131e-03
21.790000	9.749235e-03
21.795000	1.085348e-02
21.800000	1.162444e-02
21.805000	1.199114e-02
21.810000	1.199263e-02
21.815000	1.147504e-02
21.820000	1.049585e-02
21.825000	8.863372e-03
21.830000	6.820691e-03
21.835000	4.545652e-03
21.840000	2.172711e-03
21.845000	-1.597792e-05
21.850000	-2.180191e-03
21.855000	-4.453452e-03
21.860000	-6.978605e-03
21.865000	-9.510378e-03
21.870000	-1.172452e-02
21.875000	-1.347924e-02
21.880000	-1.489197e-02
21.885000	-1.621232e-02
21.890000	-1.735000e-02
21.895000	-1.829962e-02
21.900000	-1.914582e-02
21.905000	-1.996610e-02
21.910000	-2.069799e-02
21.915000	-2.129241e-02
21.920000	-2.179181e-02
21.925000	-2.209217e-02
21.930000	-2.218972e-02
21.935000	-2.205056e-02
21.940000	-2.154862e-02
21.945000	-2.043307e-02
21.950000	-1.870337e-02
21.955000	-1.646508e-02
21.960000	-1.392720e-02
21.965000	-1.135530e-02
21.970000	-8.768031e-03
21.975000	-6.226614e-03
21.980000	-3.765363e-03
21.985000	-1.504148e-03
21.990000	6.299515e-04
21.995000	2.675865e-03
22.000000	4.453532e-03
22.005000	5.823088e-03
22.010000	6.577694e-03
22.015000	6.805633e-03
22.020000	6.615485e-03
22.025000	6.238096e-03
22.030000	5.719340e-03
22.035000	5.031090e-03
22.040000	4.399782e-03
22.045000	3.956251e-03
22.050000	3.729768e-03
22.055000	3.699628e-03
22.060000	3.731986e-03
22.065000	3.845376e-03
22.070000	4.093502e-03
22.075000	4.456652e-03
22.080000	4.910657e-03
22.085000	5.520854e-03
22.090000	6.200064e-03
22.095000	6.747128e-03
22.100000	7.034812e-03
22.105000	7.090202e-03
22.110000	7.079865e-03
22.115000	6.983646e-03
22.120000	6.730109e-03
22.125000	6.289683e-03
22.130000	5.659160e-03
22.135000	4.797375e-03
22.140000	3.776855e-03
22.145000	2.588085e-03
22.150000	1.380034e-03
22.155000	2.081628e-04
22.160000	-1.017795e-03
22.165000	-2.395238e-03
22.170000	-3.874556e-03
22.175000	-5.510063e-03
22.180000	-7.170894e-03
22.185000	-8.746184e-03
22.190000	-1.025590e-02
22.195000	-1.183633e-02
22.200000	-1.368387e-02
22.205000	-1.586208e-02
22.210000	-1.833315e-02
22.215000	-2.098931e-02
22.220000	-2.356647e-02
22.225000	-2.554970e-02
22.230000	-2.653994e-02
22.235000	-2.665424e-02
22.240000	-2.619634e-02
22.245000	-2.556056e-02
22.250000	-2.495083e-02
22.255000	-2.441801e-02
22.260000	-2.384819e-02
22.265000	-2.320404e-02
22.270000	-2.236808e-02
22.275000	-2.147291e-02
22.280000	-2.071067e-02
22.285000	-2.011932e-02
22.290000	-1.970892e-02
22.295000	-1.942898e-02
22.300000	-1.908084e-02
22.305000	-1.872020e-02
22.310000	-1.863720e-02
22.315000	-1.896552e-02
22.320000	-1.959559e-02
22.325000	-2.025942e-02
22.330000	-2.093516e-02
22.335000	-2.137062e-02
22.340000	-2.138741e-02
22.345000	-2.090894e-02
22.350000	-2.030863e-02
22.355000	-2.012573e-02
22.360000	-2.050755e-02
22.365000	-2.113286e-02
22.370000	-2.157180e-02
22.375000	-2.161581e-02
22.380000	-2.121108e-02
22.385000	-2.057458e-02
22.390000	-1.994973e-02
22.395000	-1.931459e-02
22.400000	-1.869813e-02
22.405000	-1.809871e-02
22.410000	-1.747121e-02
22.415000	-1.679900e-02
22.420000	-1.614441e-02
22.425000	-1.552887e-02
22.430000	-1.495447e-02
22.435000	-1.446088e-02
22.440000	-1.395294e-02
22.445000	-1.354101e-02
22.450000	-1.315413e-02
22.455000	-1.288889e-02
22.460000	-1.305448e-02
22.465000	-1.351539e-02
22.470000	-1.402940e-02
22.475000	-1.454653e-02
22.480000	-1.514761e-02
22.485000	-1.573773e-02
22.490000	-1.629736e-02
22.495000	-1.684999e-02
22.500000	-1.736070e-02
22.505000	-1.772014e-02
22.510000	-1.785133e-02
22.515000	-1.776179e-02
22.520000	-1.743148e-02
22.525000	-1.691399e-02
22.530000	-1.629661e-02
22.535000	-1.542893e-02
22.540000	-1.417401e-02
22.545000	-1.259720e-02
22.550000	-1.077349e-02
22.555000	-9.010591e-03
22.560000	-7.271354e-03
22.565000	-5.536869e-03
22.570000	-3.873986e-03
22.575000	-2.193676e-03
22.580000	-5.877221e-04
22.585000	7.585793e-04
22.590000	1.906254e-03
22.595000	2.757607e-03
22.600000	3.340620e-03
22.605000	3.787571e-03
22.610000	4.088785e-03
22.615000	4.163263e-03
22.620000	4.070011e-03
22.625000	3.795758e-03
22.630000	3.317999e-03
22.635000	2.690718e-03
22.640000	1.887080e-03
22.645000	9.694332e-04
22.650000	5.714162e-05
22.655000	-1.051592e-03
22.660000	-2.540962e-03
22.665000	-4.419628e-03
22.670000	-6.647333e-03
22.675000	-9.055610e-03
22.680000	-1.146347e-02
22.685000	-1.363785e-02
22.690000	-1.548502e-02
22.695000	-1.707161e-02
22.700000	-1.842922e-02
22.705000	-1.965302e-02
22.710000	-2.088436e-02
22.715000	-2.212291e-02
22.720000	-2.314733e-02
22.725000	-2.365545e-02
22.730000	-2.353674e-02
22.735000	-2.287483e-02
22.740000	-2.198820e-02
22.745000	-2.096543e-02
22.750000	-1.996507e-02
22.755000	-1.899298e-02
22.760000	-1.788749e-02
22.765000	-1.669067e-02
22.770000	-1.547316e-02
22.775000	-1.424081e-02
22.780000	-1.291929e-02
22.785000	-1.130972e-02
22.790000	-9.546944e-03
22.795000	-7.725682e-03
22.800000	-5.963193e-03
22.805000	-4.182605e-03
22.810000	-2.478125e-03
22.815000	-9.640693e-04
22.820000	3.444403e-04
22.825000	1.400735e-03
22.830000	2.281491e-03
22.835000	3.171122e-03
22.840000	4.237827e-03
22.845000	5.538652e-03
22.850000	6.759836e-03
22.855000	7.570915e-03
22.860000	7.920321e-03
22.865000	8.135539e-03
22.870000	8.617804e-03
22.875000	9.480592e-03
22.880000	1.072269e-02
22.885000	1.217789e-02
22.890000	1.372661e-02
22.895000	1.531070e-02
22.900000	1.693671e-02
22.905000	1.858794e-02
22.910000	2.022939e-02
22.915000	2.169528e-02
22.920000	2.275659e-02
22.925000	2.349304e-02
22.930000	2.399414e-02
22.935000	2.423595e-02
22.940000	2.430298e-02
22.945000	2.427733e-02
22.950000	2.405902e-02
22.955000	2.354413e-02
22.960000	2.275382e-02
22.965000	2.174725e-02
22.970000	2.055941e-02
22.975000	1.927585e-02
22.980000	1.803604e-02
22.985000	1.687485e-02
22.990000	1.563273e-02
22.995000	1.435993e-02
23.000000	1.322130e-02
23.005000	1.224275e-02
23.010000	1.134745e-02
23.015000	1.061666e-02
23.020000	1.017911e-02
23.025000	1.004327e-02
23.030000	1.011010e-02
23.035000	1.046532e-02
23.040000	1.090629e-02
23.045000	1.122141e-02
23.050000	1.145031e-02
23.055000	1.153369e-02
23.060000	1.146113e-02
23.065000	1.131221e-02
23.070000	1.118953e-02
23.075000	1.132304e-02
23.080000	1.169161e-02
23.085000	1.198805e-02
23.090000	1.216921e-02
23.095000	1.245762e-02
23.100000	1.285126e-02
23.105000	1.316481e-02
23.110000	1.332939e-02
23.115000	1.340838e-02
23.120000	1.331619e-02
23.125000	1.294892e-02
23.130000	1.207650e-02
23.135000	1.066731e-02
23.140000	8.905310e-03
23.145000	6.992727e-03
23.150000	4.967732e-03
23.155000	2.745246e-03
23.160000	4.227413e-04
23.165000	-1.907434e-03
23.170000	-4.074303e-03
23.175000	-5.830449e-03
23.180000	-7.214814e-03
23.185000	-8.248813e-03
23.190000	-8.858784e-03
23.195000	-9.012092e-03
23.200000	-8.835471e-03
23.205000	-8.440051e-03
23.210000	-7.863295e-03
23.215000	-7.160532e-03
23.220000	-6.128076e-03
23.225000	-4.630526e-03
23.230000	-2.476265e-03
23.235000	4.861185e-05
23.240000	2.449710e-03
23.245000	4.393280e-03
23.250000	5.679245e-03
23.255000	6.310955e-03
23.260000	6.408455e-03
23.265000	6.276477e-03
23.270000	5.938083e-03
23.275000	5.363064e-03
23.280000	4.692889e-03
23.285000	3.971647e-03
23.290000	3.254104e-03
23.295000	2.589299e-03
23.300000	2.052873e-03
23.305000	1.639080e-03
23.310000	1.228910e-03
23.315000	9.243553e-04
23.320000	8.237127e-04
23.325000	7.631776e-04
23.330000	7.438569e-04
23.335000	8.406360e-04
23.340000	1.097171e-03
23.345000	1.487268e-03
23.350000	1.802029e-03
23.355000	1.628328e-03
23.360000	8.285879e-04
23.365000	-2.757847e-04
23.370000	-1.289190e-03
23.375000	-1.974689e-03
23.380000	-2.373321e-03
23.385000	-2.509986e-03
23.390000	-2.697131e-03
23.395000	-3.046907e-03
23.400000	-3.431717e-03
23.405000	-3.586562e-03
23.410000	-3.612286e-03
23.415000	-3.643423e-03
23.420000	-3.684453e-03
23.425000	-3.724380e-03
23.430000	-3.705058e-03
23.435000	-3.547532e-03
23.440000	-3.180052e-03
23.445000	-2.635855e-03
23.450000	-2.087027e-03
23.455000	-1.670571e-03
23.460000	-1.448339e-03
23.465000	-1.422157e-03
23.470000	-1.411301e-03
23.475000	-1.382579e-03
23.480000	-1.369359e-03
23.485000	-1.430483e-03
23.490000	-1.650131e-03
23.495000	-2.073762e-03
23.500000	-2.623049e-03
23.505000	-3.300102e-03
23.510000	-4.279597e-03
23.515000	-5.376137e-03
23.520000	-6.460301e-03
23.525000	-7.519957e-03
23.530000	-8.555458e-03
23.535000	-9.552056e-03
23.540000	-1.035092e-02
23.545000	-1.087449e-02
23.550000	-1.111004e-02
23.555000	-1.112919e-02
23.560000	-1.082802e-02
23.565000	-1.009884e-02
23.570000	-8.999826e-03
23.575000	-7.356067e-03
23.580000	-5.252442e-03
23.585000	-2.856351e-03
23.590000	-3.368142e-04
23.595000	2.075775e-03
23.600000	4.411343e-03
23.605000	6.500810e-03
23.610000	8.150996e-03
23.615000	9.208811e-03
23.620000	9.733447e-03
23.625000	9.663022e-03
23.630000	9.040744e-03
23.635000	7.889597e-03
23.640000	6.260758e-03
23.645000	4.157030e-03
23.650000	1.691267e-03
23.655000	-7.756093e-04
23.660000	-2.949690e-03
23.665000	-4.874723e-03
23.670000	-6.459190e-03
23.675000	-7.529108e-03
23.680000	-7.901401e-03
23.685000	-7.625842e-03
23.690000	-6.788903e-03
23.695000	-5.396821e-03
23.700000	-3.560800e-03
23.705000	-1.428313e-03
23.710000	7.372937e-04
23.715000	2.794391e-03
23.720000	5.018084e-03
23.725000	7.847370e-03
23.730000	1.158348e-02
23.735000	1.591633e-02
23.740000	2.030813e-02
23.745000	2.422130e-02
23.750000	2.746820e-02
23.755000	3.012136e-02
23.760000	3.219427e-02
23.765000	3.376477e-02
23.770000	3.474109e-02
23.775000	3.506823e-02
23.780000	3.470754e-02
23.785000	3.359605e-02
23.790000	3.178100e-02
23.795000	2.936245e-02
23.800000	2.655682e-02
23.805000	2.349659e-02
23.810000	2.025528e-02
23.815000	1.700143e-02
23.820000	1.403153e-02
23.825000	1.154020e-02
23.830000	9.640076e-03
23.835000	8.577457e-03
23.840000	8.344845e-03
23.845000	8.597229e-03
23.850000	8.861621e-03
23.855000	8.798306e-03
23.860000	8.445909e-03
23.865000	8.230602e-03
23.870000	8.561721e-03
23.875000	9.467499e-03
23.880000	1.059214e-02
23.885000	1.160990e-02
23.890000	1.226439e-02
23.895000	1.253619e-02
23.900000	1.251689e-02
23.905000	1.214489e-02
23.910000	1.118934e-02
23.915000	9.562881e-03
23.920000	7.375287e-03
23.925000	4.493357e-03
23.930000	1.044712e-03
23.935000	-2.562790e-03
23.940000	-6.004438e-03
23.945000	-9.120439e-03
23.950000	-1.204501e-02
23.955000	-1.475016e-02
23.960000	-1.687345e-02
23.965000	-1.823226e-02
23.970000	-1.873024e-02
23.975000	-1.837603e-02
23.980000	-1.734204e-02
23.985000	-1.576675e-02
23.990000	-1.370904e-02
23.995000	-1.109628e-02
24.000000	-7.873702e-03
24.005000	-4.145410e-03
24.010000	-8.669783e-05
24.015000	4.245215e-03
24.020000	8.488983e-03
24.025000	1.238209e-02
24.030000	1.581432e-02
24.035000	1.885755e-02
24.040000	2.151229e-02
24.045000	2.366550e-02
24.050000	2.509250e-02
24.055000	2.570642e-02
24.060000	2.562718e-02
24.065000	2.492813e-02
24.070000	2.362129e-02
24.075000	2.191686e-02
24.080000	2.002006e-02
24.085000	1.802882e-02
24.090000	1.607178e-02
24.095000	1.426569e-02
24.100000	1.254723e-02
24.105000	1.089755e-02
24.110000	9.360267e-03
24.115000	8.019950e-03
24.120000	6.971199e-03
24.125000	6.020115e-03
24.130000	5.165873e-03
24.135000	4.529414e-03
24.140000	4.051530e-03
24.145000	3.660369e-03
24.150000	3.250624e-03
24.155000	2.739939e-03
24.160000	2.139480e-03
24.165000	1.445578e-03
24.170000	6.632169e-04
24.175000	-7.409211e-05
24.180000	-8.765980e-04
24.185000	-1.774979e-03
24.190000	-2.729707e-03
24.195000	-3.773142e-03
24.200000	-5.017314e-03
24.205000	-6.570873e-03
24.210000	-8.570964e-03
24.215000	-1.096050e-02
24.220000	-1.353347e-02
24.225000	-1.586392e-02
24.230000	-1.773337e-02
24.235000	-1.923921e-02
24.240000	-2.056667e-02
24.245000	-2.194042e-02
24.250000	-2.324189e-02
24.255000	-2.425804e-02
24.260000	-2.477229e-02
24.265000	-2.468144e-02
24.270000	-2.384381e-02
24.275000	-2.231184e-02
24.280000	-2.037728e-02
24.285000	-1.821176e-02
24.290000	-1.580786e-02
24.295000	-1.322978e-02
24.300000	-1.072461e-02
24.305000	-8.486994e-03
24.310000	-6.637887e-03
24.315000	-5.340006e-03
24.320000	-4.653904e-03
24.325000	-4.470457e-03
24.330000	-4.396143e-03
24.335000	-4.290944e-03
24.340000	-4.217621e-03
24.345000	-4.287978e-03
24.350000	-4.631695e-03
24.355000	-5.274724e-03
24.360000	-5.993706e-03
24.365000	-6.317180e-03
24.370000	-6.001528e-03
24.375000	-5.023729e-03
24.380000	-3.636854e-03
24.385000	-2.022470e-03
24.390000	-1.956750e-04
24.395000	1.681062e-03
24.400000	3.586952e-03
24.405000	5.368615e-03
24.410000	6.988110e-03
24.415000	8.361920e-03
24.420000	9.421100e-03
24.425000	1.020128e-02
24.430000	1.072204e-02
24.435000	1.099042e-02
24.440000	1.088485e-02
24.445000	1.035904e-02
24.450000	9.407589e-03
24.455000	8.079735e-03
24.460000	6.446911e-03
24.465000	4.617941e-03
24.470000	2.727338e-03
24.475000	7.703459e-04
24.480000	-1.216981e-03
24.485000	-3.122493e-03
24.490000	-4.872812e-03
24.495000	-6.391272e-03
24.500000	-7.632468e-03
24.505000	-8.652540e-03
24.510000	-9.405300e-03
24.515000	-9.884993e-03
24.520000	-1.019672e-02
24.525000	-1.025132e-02
24.530000	-9.961864e-03
24.535000	-9.220587e-03
24.540000	-7.937994e-03
24.545000	-6.209798e-03
24.550000	-4.307444e-03
24.555000	-2.380874e-03
24.560000	-4.364389e-04
24.565000	1.394377e-03
24.570000	3.103106e-03
24.575000	4.713864e-03
24.580000	6.153536e-03
24.585000	7.153699e-03
24.590000	7.688751e-03
24.595000	7.861401e-03
24.600000	7.663672e-03
24.605000	7.173555e-03
24.610000	6.458863e-03
24.615000	5.717532e-03
24.620000	4.922631e-03
24.625000	4.079222e-03
24.630000	3.282627e-03
24.635000	2.627802e-03
24.640000	2.400178e-03
24.645000	2.424358e-03
24.650000	2.457916e-03
24.655000	2.441897e-03
24.660000	2.317933e-03
24.665000	2.064495e-03
24.670000	1.742741e-03
24.675000	1.533343e-03
24.680000	1.531017e-03
24.685000	1.949650e-03
24.690000	2.628122e-03
24.695000	3.415302e-03
24.700000	4.135222e-03
24.705000	4.474897e-03
24.710000	4.466910e-03
24.715000	4.337455e-03
24.720000	4.289280e-03
24.725000	4.506978e-03
24.730000	5.167805e-03
24.735000	6.244208e-03
24.740000	7.336340e-03
24.745000	8.266109e-03
24.750000	8.987618e-03
24.755000	9.637269e-03
24.760000	1.049521e-02
24.765000	1.152746e-02
24.770000	1.270262e-02
24.775000	1.393426e-02
24.780000	1.511112e-02
24.785000	1.613537e-02
24.790000	1.708785e-02
24.795000	1.796786e-02
24.800000	1.874364e-02
24.805000	1.918970e-02
24.810000	1.923002e-02
24.815000	1.894674e-02
24.820000	1.825053e-02
24.825000	1.731571e-02
24.830000	1.649721e-02
24.835000	1.605786e-02
24.840000	1.591632e-02
24.845000	1.581013e-02
24.850000	1.541188e-02
24.855000	1.462858e-02
24.860000	1.366253e-02
24.865000	1.292941e-02
24.870000	1.252454e-02
24.875000	1.239864e-02
24.880000	1.242633e-02
24.885000	1.245392e-02
24.890000	1.242797e-02
24.895000	1.231598e-02
24.900000	1.210694e-02
24.905000	1.184248e-02
24.910000	1.166207e-02
24.915000	1.165226e-02
24.920000	1.142974e-02
24.925000	1.089960e-02
24.930000	1.028546e-02
24.935000	9.711881e-03
24.940000	9.248242e-03
24.945000	8.875299e-03
24.950000	8.394701e-03
24.955000	7.713671e-03
24.960000	6.991335e-03
24.965000	6.181363e-03
24.970000	5.377414e-03
24.975000	4.644053e-03
24.980000	4.038178e-03
24.985000	3.638550e-03
24.990000	3.296282e-03
24.995000	2.962198e-03
25.000000	2.640556e-03
25.005000	2.463094e-03
25.010000	2.368301e-03
25.015000	2.395219e-03
25.020000	2.486245e-03
25.025000	2.599183e-03
25.030000	2.865780e-03
25.035000	3.183023e-03
25.040000	3.344980e-03
25.045000	3.071376e-03
25.050000	2.360841e-03
25.055000	1.312969e-03
25.060000	-3.103797e-06
25.065000	-1.457999e-03
25.070000	-3.090331e-03
25.075000	-5.005387e-03
25.080000	-7.145484e-03
25.085000	-9.434549e-03
25.090000	-1.175510e-02
25.095000	-1.389366e-02
25.100000	-1.583907e-02
25.105000	-1.758935e-02
25.110000	-1.914025e-02
25.115000	-2.052613e-02
25.120000	-2.182358e-02
25.125000	-2.278210e-02
25.130000	-2.316258e-02
25.135000	-2.295512e-02
25.140000	-2.242779e-02
25.145000	-2.179457e-02
25.150000	-2.115795e-02
25.155000	-2.050657e-02
25.160000	-1.993067e-02
25.165000	-1.949274e-02
25.170000	-1.909767e-02
25.175000	-1.894618e-02
25.180000	-1.904405e-02
25.185000	-1.926942e-02
25.190000	-1.959756e-02
25.195000	-1.997650e-02
25.200000	-2.058674e-02
25.205000	-2.149066e-02
25.210000	-2.266491e-02
25.215000	-2.406793e-02
25.220000	-2.540148e-02
25.225000	-2.615214e-02
25.230000	-2.609586e-02
25.235000	-2.545525e-02
25.240000	-2.470159e-02
25.245000	-2.400578e-02
25.250000	-2.325935e-02
25.255000	-2.237847e-02
25.260000	-2.130279e-02
25.265000	-1.996773e-02
25.270000	-1.848906e-02
25.275000	-1.695165e-02
25.280000	-1.530925e-02
25.285000	-1.359696e-02
25.290000	-1.191533e-02
25.295000	-1.039053e-02
25.300000	-9.105961e-03
25.305000	-8.284198e-03
25.310000	-7.874785e-03
25.315000	-7.811205e-03
25.320000	-7.920781e-03
25.325000	-8.133509e-03
25.330000	-8.413975e-03
25.335000	-8.613263e-03
25.340000	-8.566944e-03
25.345000	-8.450773e-03
25.350000	-8.653463e-03
25.355000	-9.464075e-03
25.360000	-1.075610e-02
25.365000	-1.219726e-02
25.370000	-1.326546e-02
25.375000	-1.380666e-02
25.380000	-1.387504e-02
25.385000	-1.354902e-02
25.390000	-1.292926e-02
25.395000	-1.202741e-02
25.400000	-1.089477e-02
25.405000	-9.786989e-03
25.410000	-8.773992e-03
25.415000	-7.904362e-03
25.420000	-7.101950e-03
25.425000	-6.238757e-03
25.430000	-5.392603e-03
25.435000	-4.646420e-03
25.440000	-4.207415e-03
25.445000	-4.180997e-03
25.450000	-4.447267e-03
25.455000	-4.916776e-03
25.460000	-5.585900e-03
25.465000	-6.314133e-03
25.470000	-6.974650e-03
25.475000	-7.613260e-03
25.480000	-8.323204e-03
25.485000	-8.990836e-03
25.490000	-9.566103e-03
25.495000	-1.010472e-02
25.500000	-1.055194e-02
25.505000	-1.101316e-02
25.510000	-1.132414e-02
25.515000	-1.153766e-02
25.520000	-1.164446e-02
25.525000	-1.148158e-02
25.530000	-1.115316e-02
25.535000	-1.079569e-02
25.540000	-1.047976e-02
25.545000	-1.028417e-02
25.550000	-1.023583e-02
25.555000	-1.042491e-02
25.560000	-1.073144e-02
25.565000	-1.089459e-02
25.570000	-1.092637e-02
25.575000	-1.088445e-02
25.580000	-1.095469e-02
25.585000	-1.109339e-02
25.590000	-1.134521e-02
25.595000	-1.168500e-02
25.600000	-1.206183e-02
25.605000	-1.242283e-02
25.610000	-1.278175e-02
25.615000	-1.315355e-02
25.620000	-1.336110e-02
25.625000	-1.331035e-02
25.630000	-1.304634e-02
25.635000	-1.262298e-02
25.640000	-1.214879e-02
25.645000	-1.157716e-02
25.650000	-1.090839e-02
25.655000	-1.009142e-02
25.660000	-9.188620e-03
25.665000	-8.229718e-03
25.670000	-7.197271e-03
25.675000	-5.979193e-03
25.680000	-4.647941e-03
25.685000	-3.278570e-03
25.690000	-1.890055e-03
25.695000	-5.530759e-04
25.700000	6.992164e-04
25.705000	1.828670e-03
25.710000	2.572799e-03
25.715000	2.985661e-03
25.720000	3.328939e-03
25.725000	3.969015e-03
25.730000	4.955282e-03
25.735000	5.913228e-03
25.740000	6.512362e-03
25.745000	6.632767e-03
25.750000	6.418170e-03
25.755000	6.014696e-03
25.760000	5.560018e-03
25.765000	5.264768e-03
25.770000	4.962148e-03
25.775000	3.550692e-03
25.780000	3.318817e-03
25.785000	3.292181e-03
25.790000	3.424602e-03
25.795000	3.780447e-03
25.800000	4.423482e-03
25.805000	5.217733e-03
25.810000	6.042157e-03
25.815000	6.826740e-03
25.820000	7.551830e-03
25.825000	8.481212e-03
25.830000	9.674199e-03
25.835000	1.113118e-02
25.840000	1.260111e-02
25.845000	1.383972e-02
25.850000	1.461317e-02
25.855000	1.478323e-02
25.860000	1.475551e-02
25.865000	1.469078e-02
25.870000	1.459478e-02
25.875000	1.449478e-02
25.880000	1.445530e-02
25.885000	1.442697e-02
25.890000	1.413161e-02
25.895000	1.366309e-02
25.900000	1.317716e-02
25.905000	1.277111e-02
25.910000	1.256295e-02
25.915000	1.248111e-02
25.920000	1.245790e-02
25.925000	1.251407e-02
25.930000	1.254725e-02
25.935000	1.252121e-02
25.940000	1.227372e-02
25.945000	1.187770e-02
25.950000	1.155322e-02
25.955000	1.143689e-02
25.960000	1.139555e-02
25.965000	1.137351e-02
25.970000	1.139377e-02
25.975000	1.125592e-02
25.980000	1.095405e-02
25.985000	1.065365e-02
25.990000	1.049797e-02
25.995000	1.044129e-02
26.000000	1.033784e-02
26.005000	1.009610e-02
26.010000	9.603340e-03
26.015000	8.898831e-03
26.020000	8.208516e-03
26.025000	7.486234e-03
26.030000	6.644499e-03
26.035000	5.598671e-03
26.040000	4.206995e-03
26.045000	2.553170e-03
26.050000	7.811943e-04
26.055000	-1.077125e-03
26.060000	-2.995884e-03
26.065000	-4.873450e-03
26.070000	-6.592391e-03
26.075000	-8.056563e-03
26.080000	-9.232188e-03
26.085000	-1.014160e-02
26.090000	-1.080798e-02
26.095000	-1.127202e-02
26.100000	-1.145172e-02
26.105000	-1.131475e-02
26.110000	-1.092176e-02
26.115000	-1.024480e-02
26.120000	-9.195618e-03
26.125000	-7.806989e-03
26.130000	-6.130322e-03
26.135000	-4.373536e-03
26.140000	-2.745939e-03
26.145000	-1.211071e-03
26.150000	2.208423e-04
26.155000	1.393132e-03
26.160000	2.225416e-03
26.165000	2.782001e-03
26.170000	3.041263e-03
26.175000	3.131533e-03
26.180000	2.982068e-03
26.185000	2.705055e-03
26.190000	2.336190e-03
26.195000	1.724042e-03
26.200000	1.008978e-03
26.205000	1.958671e-04
26.210000	-8.389469e-04
26.215000	-2.040273e-03
26.220000	-3.164028e-03
26.225000	-3.878464e-03
26.230000	-3.909525e-03
26.235000	-3.552757e-03
26.240000	-3.319975e-03
26.245000	-3.264890e-03
26.250000	-3.272734e-03
26.255000	-3.325593e-03
26.260000	-3.408081e-03
26.265000	-3.480271e-03
26.270000	-3.463535e-03
26.275000	-3.339656e-03
26.280000	-3.102887e-03
26.285000	-2.774519e-03
26.290000	-2.369112e-03
26.295000	-2.086392e-03
26.300000	-1.987378e-03
26.305000	-1.934334e-03
26.310000	-1.955194e-03
26.315000	-2.100872e-03
26.320000	-2.310961e-03
26.325000	-2.598879e-03
26.330000	-2.843456e-03
26.335000	-2.906629e-03
26.340000	-3.072512e-03
26.345000	-3.502725e-03
26.350000	-4.264465e-03
26.355000	-5.428203e-03
26.360000	-6.745621e-03
26.365000	-7.996251e-03
26.370000	-9.084161e-03
26.375000	-9.890275e-03
26.380000	-1.048772e-02
26.385000	-1.092627e-02
26.390000	-1.115300e-02
26.395000	-1.110031e-02
26.400000	-1.083752e-02
26.405000	-1.051814e-02
26.410000	-1.027638e-02
26.415000	-1.009373e-02
26.420000	-9.836662e-03
26.425000	-9.489756e-03
26.430000	-9.054747e-03
26.435000	-8.718447e-03
26.440000	-8.669784e-03
26.445000	-8.780209e-03
26.450000	-8.968305e-03
26.455000	-9.117749e-03
26.460000	-9.196463e-03
26.465000	-9.330949e-03
26.470000	-9.595451e-03
26.475000	-9.941383e-03
26.480000	-1.025140e-02
26.485000	-1.053019e-02
26.490000	-1.074238e-02
26.495000	-1.095681e-02
26.500000	-1.116298e-02
26.505000	-1.120765e-02
26.510000	-1.112722e-02
26.515000	-1.095590e-02
26.520000	-1.061399e-02
26.525000	-1.004347e-02
26.530000	-9.278905e-03
26.535000	-8.352114e-03
26.540000	-7.345586e-03
26.545000	-6.331840e-03
26.550000	-5.282935e-03
26.555000	-4.177659e-03
26.560000	-3.044324e-03
26.565000	-1.988145e-03
26.570000	-1.103286e-03
26.575000	-3.214725e-04
26.580000	3.519466e-04
26.585000	8.768838e-04
26.590000	1.333758e-03
26.595000	1.665159e-03
26.600000	1.960711e-03
26.605000	2.180083e-03
26.610000	2.288725e-03
26.615000	2.463696e-03
26.620000	2.752925e-03
26.625000	3.094222e-03
26.630000	3.445363e-03
26.635000	3.830322e-03
26.640000	4.272095e-03
26.645000	4.651589e-03
26.650000	5.077419e-03
26.655000	5.545155e-03
26.660000	6.101034e-03
26.665000	6.679191e-03
26.670000	7.290843e-03
26.675000	7.945056e-03
26.680000	8.617238e-03
26.685000	9.342609e-03
26.690000	1.019522e-02
26.695000	1.118062e-02
26.700000	1.215684e-02
26.705000	1.288360e-02
26.710000	1.328770e-02
26.715000	1.350521e-02
26.720000	1.373451e-02
26.725000	1.414461e-02
26.730000	1.460935e-02
26.735000	1.493679e-02
26.740000	1.497148e-02
26.745000	1.458820e-02
26.750000	1.383746e-02
26.755000	1.305610e-02
26.760000	1.239021e-02
26.765000	1.178834e-02
26.770000	1.113778e-02
26.775000	1.046024e-02
26.780000	9.748579e-03
26.785000	8.985844e-03
26.790000	8.294456e-03
26.795000	7.700211e-03
26.800000	7.244997e-03
26.805000	6.958775e-03
26.810000	6.872363e-03
26.815000	7.017872e-03
26.820000	7.531327e-03
26.825000	8.470486e-03
26.830000	9.686512e-03
26.835000	1.105219e-02
26.840000	1.245716e-02
26.845000	1.367946e-02
26.850000	1.447782e-02
26.855000	1.473671e-02
26.860000	1.460466e-02
26.865000	1.421457e-02
26.870000	1.349661e-02
26.875000	1.245160e-02
26.880000	1.123914e-02
26.885000	9.821608e-03
26.890000	8.190566e-03
26.895000	6.394718e-03
26.900000	4.548600e-03
26.905000	2.732320e-03
26.910000	1.052226e-03
26.915000	-4.440392e-04
26.920000	-1.730313e-03
26.925000	-2.872157e-03
26.930000	-3.982680e-03
26.935000	-5.026857e-03
26.940000	-5.911751e-03
26.945000	-6.547695e-03
26.950000	-6.915810e-03
26.955000	-6.988866e-03
26.960000	-6.716647e-03
26.965000	-6.155785e-03
26.970000	-5.424174e-03
26.975000	-4.536767e-03
26.980000	-3.492941e-03
26.985000	-2.381652e-03
26.990000	-1.258734e-03
26.995000	-1.102104e-04
27.000000	1.024589e-03
27.005000	2.042713e-03
27.010000	2.907205e-03
27.015000	3.673772e-03
27.020000	4.340675e-03
27.025000	4.855244e-03
27.030000	5.206500e-03
27.035000	5.369361e-03
27.040000	5.348461e-03
27.045000	5.163714e-03
27.050000	4.902131e-03
27.055000	4.582482e-03
27.060000	4.115607e-03
27.065000	3.500011e-03
27.070000	2.738859e-03
27.075000	1.932184e-03
27.080000	1.192227e-03
27.085000	5.678048e-04
27.090000	3.066693e-05
27.095000	-4.574319e-04
27.100000	-9.782917e-04
27.105000	-1.554167e-03
27.110000	-2.092326e-03
27.115000	-2.407200e-03
27.120000	-2.456769e-03
27.125000	-2.368315e-03
27.130000	-2.304696e-03
27.135000	-2.283635e-03
27.140000	-2.268133e-03
27.145000	-2.212916e-03
27.150000	-2.095228e-03
27.155000	-1.978248e-03
27.160000	-1.793123e-03
27.165000	-1.518769e-03
27.170000	-1.197029e-03
27.175000	-8.148247e-04
27.180000	-3.703312e-04
27.185000	1.032956e-04
27.190000	6.291326e-04
27.195000	1.155378e-03
27.200000	1.568188e-03
27.205000	1.863308e-03
27.210000	2.068404e-03
27.215000	2.245873e-03
27.220000	2.484802e-03
27.225000	2.919274e-03
27.230000	3.477634e-03
27.235000	3.958870e-03
27.240000	4.352858e-03
27.245000	4.598666e-03
27.250000	4.730637e-03
27.255000	4.813141e-03
27.260000	4.918191e-03
27.265000	5.044004e-03
27.270000	5.091071e-03
27.275000	5.050967e-03
27.280000	4.958508e-03
27.285000	4.795451e-03
27.290000	4.550725e-03
27.295000	4.268747e-03
27.300000	3.985864e-03
27.305000	3.619619e-03
27.310000	3.220903e-03
27.315000	2.804933e-03
27.320000	2.393489e-03
27.325000	2.017056e-03
27.330000	1.698356e-03
27.335000	1.460699e-03
27.340000	1.343286e-03
27.345000	1.298391e-03
27.350000	1.173068e-03
27.355000	9.020606e-04
27.360000	5.302542e-04
27.365000	2.171221e-04
27.370000	7.398306e-05
27.375000	1.304114e-04
27.380000	3.259215e-04
27.385000	5.230776e-04
27.390000	6.694462e-04
27.395000	8.147074e-04
27.400000	9.153149e-04
27.405000	9.591112e-04
27.410000	9.482229e-04
27.415000	8.800973e-04
27.420000	7.724120e-04
27.425000	6.570463e-04
27.430000	5.207998e-04
27.435000	3.337140e-04
27.440000	1.220232e-04
27.445000	-8.164364e-05
27.450000	-2.225052e-04
27.455000	-2.841154e-04
27.460000	-2.668576e-04
27.465000	-2.092074e-04
27.470000	-8.414200e-05
27.475000	1.535817e-04
27.480000	5.159132e-04
27.485000	9.727580e-04
27.490000	1.463442e-03
27.495000	1.940245e-03
27.500000	2.398657e-03
27.505000	2.856466e-03
27.510000	3.316799e-03
27.515000	3.807623e-03
27.520000	4.277227e-03
27.525000	4.603895e-03
27.530000	4.808027e-03
27.535000	4.937658e-03
27.540000	5.017493e-03
27.545000	5.063783e-03
27.550000	5.079677e-03
27.555000	5.064156e-03
27.560000	5.000615e-03
27.565000	4.907932e-03
27.570000	4.771103e-03
27.575000	4.568848e-03
27.580000	4.351269e-03
27.585000	4.141231e-03
27.590000	3.952627e-03
27.595000	3.750269e-03
27.600000	3.549516e-03
27.605000	3.301430e-03
27.610000	3.015085e-03
27.615000	2.733154e-03
27.620000	2.469413e-03
27.625000	2.223086e-03
27.630000	1.990341e-03
27.635000	1.774120e-03
27.640000	1.574797e-03
27.645000	1.394084e-03
27.650000	1.248142e-03
27.655000	1.165793e-03
27.660000	1.132878e-03
27.665000	1.108131e-03
27.670000	1.086752e-03
27.675000	1.078376e-03
27.680000	1.090701e-03
27.685000	1.125404e-03
27.690000	1.161994e-03
27.695000	1.182281e-03
27.700000	1.174194e-03
27.705000	1.140221e-03
27.710000	1.082964e-03
27.715000	1.002527e-03
27.720000	9.154348e-04
27.725000	8.663482e-04
27.730000	8.687450e-04
27.735000	8.911351e-04
27.740000	9.100445e-04
27.745000	8.901281e-04
27.750000	8.178403e-04
27.755000	7.531398e-04
27.760000	7.185677e-04
27.765000	7.001144e-04
27.770000	6.991798e-04
27.775000	7.235377e-04
27.780000	7.712880e-04
27.785000	8.210495e-04
27.790000	8.663339e-04
27.795000	9.139794e-04
27.800000	9.669079e-04
27.805000	1.017947e-03
27.810000	1.044185e-03
27.815000	1.059910e-03
27.820000	1.079265e-03
27.825000	1.093742e-03
27.830000	1.115026e-03
27.835000	1.144510e-03
27.840000	1.182054e-03
27.845000	1.216233e-03
27.850000	1.221662e-03
27.855000	1.181928e-03
27.860000	1.112336e-03
27.865000	1.033730e-03
27.870000	9.670803e-04
27.875000	9.272010e-04
27.880000	9.037610e-04
27.885000	8.824222e-04
27.890000	8.464948e-04
27.895000	8.088186e-04
27.900000	7.690753e-04
27.905000	7.116729e-04
27.910000	6.387420e-04
27.915000	5.733483e-04
27.920000	5.173062e-04
27.925000	4.638432e-04
27.930000	4.016574e-04
27.935000	3.320783e-04
27.940000	2.571465e-04
27.945000	1.780043e-04
27.950000	1.015023e-04
27.955000	2.879739e-05
27.960000	-3.857973e-05
27.965000	-1.014166e-04
27.970000	-1.643251e-04
27.975000	-2.218780e-04
27.980000	-2.801250e-04
27.985000	-3.321629e-04
27.990000	-3.827814e-04
27.995000	-4.293798e-04
28.000000	-4.716100e-04
28.005000	-5.131073e-04
28.010000	-5.463708e-04
28.015000	-5.728199e-04
28.020000	-5.945256e-04
28.025000	-6.084673e-04
28.030000	-6.238408e-04
28.035000	-6.348375e-04
28.040000	-6.371666e-04
28.045000	-6.347378e-04
28.050000	-6.326416e-04
28.055000	-6.297804e-04
28.060000	-6.320484e-04
28.065000	-6.416472e-04
28.070000	-6.572480e-04
28.075000	-6.800550e-04
28.080000	-7.052359e-04
28.085000	-7.340856e-04
28.090000	-7.694546e-04
28.095000	-8.114276e-04
28.100000	-8.582378e-04
28.105000	-9.081265e-04
28.110000	-9.569145e-04
28.115000	-1.001546e-03
28.120000	-1.039553e-03
28.125000	-1.072060e-03
28.130000	-1.099106e-03
28.135000	-1.122687e-03
28.140000	-1.142714e-03
28.145000	-1.156457e-03
28.150000	-1.164116e-03
28.155000	-1.166514e-03
28.160000	-1.165402e-03
28.165000	-1.162505e-03
28.170000	-1.157688e-03
28.175000	-1.151664e-03
28.180000	-1.146822e-03
28.185000	-1.142616e-03
28.190000	-1.139704e-03
28.195000	-1.140479e-03
28.200000	-1.143588e-03
28.205000	-1.149108e-03
28.210000	-1.157732e-03
28.215000	-1.168349e-03
28.220000	-1.179778e-03
28.225000	-1.190744e-03
28.230000	-1.199441e-03
28.235000	-1.204794e-03
28.240000	-1.207957e-03
28.245000	-1.211452e-03
28.250000	-1.215955e-03
28.255000	-1.220593e-03
28.260000	-1.224504e-03
28.265000	-1.227378e-03
28.270000	-1.228745e-03
28.275000	-1.228824e-03
28.280000	-1.227922e-03
28.285000	-1.226070e-03
28.290000	-1.223434e-03
28.295000	-1.220192e-03
28.300000	-1.217142e-03
28.305000	-1.214333e-03
28.310000	-1.211675e-03
28.315000	-1.209239e-03
28.320000	-1.207329e-03
28.325000	-1.206118e-03
28.330000	-1.205336e-03
28.335000	-1.204831e-03
28.340000	-1.204082e-03
28.345000	-1.203049e-03
28.350000	-1.202392e-03
28.355000	-1.202867e-03
28.360000	-1.204713e-03
28.365000	-1.207256e-03
28.370000	-1.210069e-03
28.375000	-1.213038e-03
28.380000	-1.216103e-03
28.385000	-1.219203e-03
28.390000	-1.222318e-03
28.395000	-1.225497e-03
28.400000	-1.228930e-03
28.405000	-1.232666e-03
28.410000	-1.236593e-03
28.415000	-1.240789e-03
28.420000	-1.245099e-03
28.425000	-1.249527e-03
28.430000	-1.254158e-03
28.435000	-1.258919e-03
28.440000	-1.263805e-03
28.445000	-1.268812e-03
28.450000	-1.273918e-03
28.455000	-1.279051e-03
28.460000	-1.284205e-03
28.465000	-1.289337e-03
28.470000	-1.294498e-03
28.475000	-1.299701e-03
28.480000	-1.304936e-03
28.485000	-1.310176e-03
28.490000	-1.315392e-03
28.495000	-1.320594e-03
28.500000	-1.325805e-03
28.505000	-1.331028e-03
28.510000	-1.336260e-03
28.515000	-1.341495e-03
28.520000	-1.346721e-03
28.525000	-1.351928e-03
28.530000	-1.357121e-03
28.535000	-1.362299e-03
28.540000	-1.367458e-03
28.545000	-1.372598e-03
28.550000	-1.377718e-03
28.555000	-1.382813e-03
28.560000	-1.387883e-03
28.565000	-1.392925e-03
28.570000	-1.397938e-03
28.575000	-1.402919e-03
28.580000	-1.407869e-03
28.585000	-1.412785e-03
28.590000	-1.417664e-03
28.595000	-1.422506e-03
28.600000	-1.427309e-03
28.605000	-1.432071e-03
28.610000	-1.436790e-03
28.615000	-1.441466e-03
28.620000	-1.446097e-03
28.625000	-1.450683e-03
28.630000	-1.455224e-03
