0.000000	-4.488771e-03
0.005000	-4.494583e-03
0.010000	-4.503940e-03
0.015000	-4.512598e-03
0.020000	-4.520388e-03
0.025000	-4.523049e-03
0.030000	-4.523988e-03
0.035000	-4.525347e-03
0.040000	-4.535724e-03
0.045000	-4.556322e-03
0.050000	-4.586819e-03
0.055000	-4.613986e-03
0.060000	-4.627379e-03
0.065000	-4.614503e-03
0.070000	-4.584989e-03
0.075000	-4.559522e-03
0.080000	-4.567093e-03
0.085000	-4.632352e-03
0.090000	-4.766944e-03
0.095000	-4.969838e-03
0.100000	-5.239722e-03
0.105000	-5.539021e-03
0.110000	-5.830053e-03
0.115000	-6.057507e-03
0.120000	-6.180021e-03
0.125000	-6.165815e-03
0.130000	-6.025769e-03
0.135000	-5.786070e-03
0.140000	-5.494477e-03
0.145000	-5.190004e-03
0.150000	-4.922254e-03
0.155000	-4.691515e-03
0.160000	-4.487813e-03
0.165000	-4.263897e-03
0.170000	-3.933814e-03
0.175000	-3.403155e-03
0.180000	-2.602675e-03
0.185000	-1.593640e-03
0.190000	-5.594647e-04
0.195000	1.685212e-04
0.200000	2.142696e-04
0.205000	-6.845649e-04
0.210000	-2.550195e-03
0.215000	-4.938326e-03
0.220000	-6.899547e-03
0.225000	-7.989624e-03
0.230000	-8.414514e-03
0.235000	-8.408449e-03
0.240000	-8.009338e-03
0.245000	-7.290889e-03
0.250000	-6.265357e-03
0.255000	-5.078156e-03
0.260000	-4.092263e-03
0.265000	-3.764938e-03
0.270000	-4.419743e-03
0.275000	-6.062284e-03
0.280000	-8.251299e-03
0.285000	-1.021663e-02
0.290000	-1.126754e-02
0.295000	-1.108207e-02
0.300000	-9.351650e-03
0.305000	-6.009596e-03
0.310000	-1.248169e-03
0.315000	4.158173e-03
0.320000	9.148343e-03
0.325000	1.338623e-02
0.330000	1.751293e-02
0.335000	2.076268e-02
0.340000	2.121703e-02
0.345000	1.765703e-02
0.350000	9.050706e-03
0.355000	-3.794796e-03
0.360000	-1.785757e-02
0.365000	-3.020294e-02
0.370000	-3.888738e-02
0.375000	-4.336938e-02
0.380000	-4.408589e-02
0.385000	-4.214944e-02
0.390000	-3.844789e-02
0.395000	-3.345064e-02
0.400000	-2.731806e-02
0.405000	-1.903624e-02
0.410000	-7.120865e-03
0.415000	6.008452e-03
0.420000	1.781518e-02
0.425000	2.642059e-02
0.430000	3.067479e-02
0.435000	3.049241e-02
0.440000	2.564122e-02
0.445000	1.673513e-02
0.450000	4.805923e-03
0.455000	-8.221503e-03
0.460000	-1.925210e-02
0.465000	-2.595834e-02
0.470000	-2.769652e-02
0.475000	-2.602885e-02
0.480000	-2.195418e-02
0.485000	-1.665586e-02
0.490000	-1.141569e-02
0.495000	-7.442881e-03
0.500000	-4.657586e-03
0.505000	-2.308280e-03
0.510000	1.591778e-04
0.515000	3.140717e-03
0.520000	6.360435e-03
0.525000	9.188566e-03
0.530000	1.076575e-02
0.535000	1.063531e-02
0.540000	8.695370e-03
0.545000	5.384687e-03
0.550000	1.107290e-03
0.555000	-3.053509e-03
0.560000	-5.709972e-03
0.565000	-5.577884e-03
0.570000	-2.098443e-03
0.575000	4.359210e-03
0.580000	1.305644e-02
0.585000	2.264660e-02
0.590000	3.172064e-02
0.595000	3.952273e-02
0.600000	4.511143e-02
0.605000	4.651643e-02
0.610000	4.166784e-02
0.615000	2.932536e-02
0.620000	9.463293e-03
0.625000	-1.414166e-02
0.630000	-3.771749e-02
0.635000	-5.830053e-02
0.640000	-7.228749e-02
0.645000	-7.734944e-02
0.650000	-7.516782e-02
0.655000	-6.821495e-02
0.660000	-5.853962e-02
0.665000	-4.802664e-02
0.670000	-3.718890e-02
0.675000	-2.571166e-02
0.680000	-1.344030e-02
0.685000	-8.298635e-04
0.690000	1.081319e-02
0.695000	1.950052e-02
0.700000	2.304572e-02
0.705000	1.995347e-02
0.710000	1.106755e-02
0.715000	5.925653e-04
0.720000	-5.550279e-03
0.725000	-3.483110e-03
0.730000	6.637795e-03
0.735000	2.307609e-02
0.740000	4.386220e-02
0.745000	6.682900e-02
0.750000	9.078470e-02
0.755000	1.128079e-01
0.760000	1.270642e-01
0.765000	1.264851e-01
0.770000	1.058360e-01
0.775000	6.369112e-02
0.780000	7.584352e-03
0.785000	-5.057403e-02
0.790000	-1.031036e-01
0.795000	-1.414843e-01
0.800000	-1.583141e-01
0.805000	-1.552172e-01
0.810000	-1.384478e-01
0.815000	-1.099707e-01
0.820000	-7.371543e-02
0.825000	-3.335404e-02
0.830000	9.475199e-03
0.835000	5.504012e-02
0.840000	1.026865e-01
0.845000	1.485411e-01
0.850000	1.851273e-01
0.855000	2.031528e-01
0.860000	1.978006e-01
0.865000	1.684938e-01
0.870000	1.156370e-01
0.875000	4.707212e-02
0.880000	-1.795803e-02
0.885000	-6.416190e-02
0.890000	-8.544596e-02
0.895000	-8.814355e-02
0.900000	-7.972229e-02
0.905000	-6.296145e-02
0.910000	-3.967628e-02
0.915000	-1.356648e-02
0.920000	1.350285e-02
0.925000	3.925937e-02
0.930000	5.861430e-02
0.935000	6.532084e-02
0.940000	5.554253e-02
0.945000	2.748496e-02
0.950000	-1.752103e-02
0.955000	-6.997791e-02
0.960000	-1.200712e-01
0.965000	-1.591908e-01
0.970000	-1.734349e-01
0.975000	-1.595683e-01
0.980000	-1.278439e-01
0.985000	-8.727302e-02
0.990000	-4.488659e-02
0.995000	-1.730821e-03
1.000000	4.180195e-02
1.005000	8.323540e-02
1.010000	1.177843e-01
1.015000	1.396413e-01
1.020000	1.476290e-01
1.025000	1.427220e-01
1.030000	1.218647e-01
1.035000	8.418468e-02
1.040000	3.496411e-02
1.045000	-1.673253e-02
1.050000	-6.449069e-02
1.055000	-9.984770e-02
1.060000	-1.134427e-01
1.065000	-1.057617e-01
1.070000	-8.225246e-02
1.075000	-4.655989e-02
1.080000	-5.079008e-03
1.085000	3.816725e-02
1.090000	8.244419e-02
1.095000	1.250734e-01
1.100000	1.603526e-01
1.105000	1.808189e-01
1.110000	1.821598e-01
1.115000	1.629556e-01
1.120000	1.223981e-01
1.125000	6.690738e-02
1.130000	1.481882e-02
1.135000	-2.047070e-02
1.140000	-3.405310e-02
1.145000	-3.282062e-02
1.150000	-2.487070e-02
1.155000	-1.373215e-02
1.160000	-1.665354e-03
1.165000	9.578231e-03
1.170000	1.672293e-02
1.175000	1.842635e-02
1.180000	1.494499e-02
1.185000	8.613736e-03
1.190000	2.761949e-03
1.195000	-2.538727e-03
1.200000	-8.822990e-03
1.205000	-1.763438e-02
1.210000	-2.836378e-02
1.215000	-3.852543e-02
1.220000	-4.528616e-02
1.225000	-5.064044e-02
1.230000	-6.123366e-02
1.235000	-8.436912e-02
1.240000	-1.232235e-01
1.245000	-1.707632e-01
1.250000	-2.139498e-01
1.255000	-2.429673e-01
1.260000	-2.510408e-01
1.265000	-2.380742e-01
1.270000	-2.067761e-01
1.275000	-1.623604e-01
1.280000	-1.146218e-01
1.285000	-6.450644e-02
1.290000	-5.132223e-03
1.295000	6.463415e-02
1.300000	1.343581e-01
1.305000	1.999653e-01
1.310000	2.624339e-01
1.315000	3.122798e-01
1.320000	3.421716e-01
1.325000	3.428740e-01
1.330000	3.162489e-01
1.335000	2.706225e-01
1.340000	2.160605e-01
1.345000	1.567522e-01
1.350000	9.877691e-02
1.355000	4.798077e-02
1.360000	-7.234477e-03
1.365000	-6.799784e-02
1.370000	-1.230339e-01
1.375000	-1.573842e-01
1.380000	-1.619211e-01
1.385000	-1.426545e-01
1.390000	-1.040233e-01
1.395000	-5.150437e-02
1.400000	4.952823e-03
1.405000	6.295776e-02
1.410000	1.210480e-01
1.415000	1.743496e-01
1.420000	2.143489e-01
1.425000	2.319535e-01
1.430000	2.250809e-01
1.435000	1.960516e-01
1.440000	1.481965e-01
1.445000	9.349993e-02
1.450000	4.741545e-02
1.455000	2.084927e-02
1.460000	1.977473e-02
1.465000	4.321048e-02
1.470000	8.996347e-02
1.475000	1.532633e-01
1.480000	2.138684e-01
1.485000	2.565039e-01
1.490000	2.696261e-01
1.495000	2.481173e-01
1.500000	1.846329e-01
1.505000	7.963619e-02
1.510000	-4.155697e-02
1.515000	-1.517824e-01
1.520000	-2.326381e-01
1.525000	-2.701201e-01
1.530000	-2.670888e-01
1.535000	-2.354075e-01
1.540000	-1.811138e-01
1.545000	-1.147622e-01
1.550000	-4.741420e-02
1.555000	1.934280e-02
1.560000	8.642383e-02
1.565000	1.537548e-01
1.570000	2.195783e-01
1.575000	2.794602e-01
1.580000	3.241774e-01
1.585000	3.375554e-01
1.590000	3.062082e-01
1.595000	2.190733e-01
1.600000	7.884642e-02
1.605000	-8.436968e-02
1.610000	-2.214054e-01
1.615000	-3.031209e-01
1.620000	-3.246765e-01
1.625000	-3.119534e-01
1.630000	-2.815414e-01
1.635000	-2.404606e-01
1.640000	-1.974353e-01
1.645000	-1.579743e-01
1.650000	-1.199784e-01
1.655000	-7.653914e-02
1.660000	-2.233817e-02
1.665000	3.395942e-02
1.670000	8.337338e-02
1.675000	1.192343e-01
1.680000	1.330238e-01
1.685000	1.260714e-01
1.690000	9.843042e-02
1.695000	5.780892e-02
1.700000	2.145343e-02
1.705000	5.948739e-03
1.710000	4.015905e-03
1.715000	3.805451e-03
1.720000	-1.583811e-03
1.725000	-1.344297e-02
1.730000	-2.680804e-02
1.735000	-3.861265e-02
1.740000	-5.157817e-02
1.745000	-7.311718e-02
1.750000	-1.094016e-01
1.755000	-1.584075e-01
1.760000	-2.105098e-01
1.765000	-2.583396e-01
1.770000	-2.957120e-01
1.775000	-3.170821e-01
1.780000	-3.224775e-01
1.785000	-3.125832e-01
1.790000	-2.862203e-01
1.795000	-2.434426e-01
1.800000	-1.899530e-01
1.805000	-1.345721e-01
1.810000	-8.332194e-02
1.815000	-4.071868e-02
1.820000	-6.501838e-03
1.825000	2.420918e-02
1.830000	4.703497e-02
1.835000	6.574483e-02
1.840000	8.342598e-02
1.845000	1.042574e-01
1.850000	1.298621e-01
1.855000	1.603936e-01
1.860000	1.888224e-01
1.865000	2.057392e-01
1.870000	2.051029e-01
1.875000	1.805587e-01
1.880000	1.269970e-01
1.885000	4.692227e-02
1.890000	-5.362574e-02
1.895000	-1.544732e-01
1.900000	-2.359973e-01
1.905000	-2.899255e-01
1.910000	-3.162757e-01
1.915000	-3.201446e-01
1.920000	-3.093689e-01
1.925000	-2.853481e-01
1.930000	-2.487862e-01
1.935000	-2.040918e-01
1.940000	-1.504179e-01
1.945000	-8.964982e-02
1.950000	-3.036565e-02
1.955000	2.128720e-02
1.960000	6.002795e-02
1.965000	8.445265e-02
1.970000	9.832044e-02
1.975000	9.738471e-02
1.980000	7.655902e-02
1.985000	3.596639e-02
1.990000	-1.683084e-02
1.995000	-6.115665e-02
2.000000	-7.919820e-02
2.005000	-7.643882e-02
2.010000	-6.758843e-02
2.015000	-5.985669e-02
2.020000	-5.554243e-02
2.025000	-5.327441e-02
2.030000	-5.037115e-02
2.035000	-4.896689e-02
2.040000	-5.541135e-02
2.045000	-7.439442e-02
2.050000	-1.044374e-01
2.055000	-1.375997e-01
2.060000	-1.595829e-01
2.065000	-1.631408e-01
2.070000	-1.483050e-01
2.075000	-1.155567e-01
2.080000	-7.019906e-02
2.085000	-1.986274e-02
2.090000	2.968557e-02
2.095000	7.432088e-02
2.100000	1.100531e-01
2.105000	1.353007e-01
2.110000	1.560513e-01
2.115000	1.837879e-01
2.120000	2.215336e-01
2.125000	2.709932e-01
2.130000	3.288481e-01
2.135000	3.821249e-01
2.140000	4.164884e-01
2.145000	4.199998e-01
2.150000	3.892827e-01
2.155000	3.248873e-01
2.160000	2.360855e-01
2.165000	1.400867e-01
2.170000	4.227227e-02
2.175000	-5.309230e-02
2.180000	-1.365014e-01
2.185000	-1.947495e-01
2.190000	-2.178404e-01
2.195000	-2.122290e-01
2.200000	-1.914589e-01
2.205000	-1.621737e-01
2.210000	-1.304722e-01
2.215000	-1.002700e-01
2.220000	-6.094674e-02
2.225000	-9.321793e-03
2.230000	4.863802e-02
2.235000	1.115309e-01
2.240000	1.731618e-01
2.245000	2.271202e-01
2.250000	2.582912e-01
2.255000	2.540713e-01
2.260000	1.989560e-01
2.265000	8.418281e-02
2.270000	-7.637804e-02
2.275000	-2.372516e-01
2.280000	-3.451151e-01
2.285000	-3.741985e-01
2.290000	-3.390108e-01
2.295000	-2.696054e-01
2.300000	-1.856629e-01
2.305000	-1.037442e-01
2.310000	-2.554617e-02
2.315000	5.331103e-02
2.320000	1.379332e-01
2.325000	2.323994e-01
2.330000	3.346161e-01
2.335000	4.322382e-01
2.340000	4.999425e-01
2.345000	5.054441e-01
2.350000	4.278469e-01
2.355000	2.806895e-01
2.360000	1.125935e-01
2.365000	-3.331235e-02
2.370000	-1.447268e-01
2.375000	-2.318404e-01
2.380000	-3.053608e-01
2.385000	-3.564100e-01
2.390000	-3.997302e-01
2.395000	-4.325618e-01
2.400000	-4.512538e-01
2.405000	-4.539967e-01
2.410000	-4.345551e-01
2.415000	-3.911522e-01
2.420000	-3.279679e-01
2.425000	-2.591298e-01
2.430000	-1.863525e-01
2.435000	-1.103181e-01
2.440000	-3.482767e-02
2.445000	4.074151e-02
2.450000	1.184676e-01
2.455000	2.001776e-01
2.460000	2.860369e-01
2.465000	3.717320e-01
2.470000	4.465835e-01
2.475000	4.940647e-01
2.480000	4.992279e-01
2.485000	4.613583e-01
2.490000	3.909227e-01
2.495000	3.092884e-01
2.500000	2.273936e-01
2.505000	1.450499e-01
2.510000	6.120666e-02
2.515000	-2.415597e-02
2.520000	-1.075468e-01
2.525000	-1.816509e-01
2.530000	-2.366931e-01
2.535000	-2.655157e-01
2.540000	-2.721831e-01
2.545000	-2.652803e-01
2.550000	-2.438013e-01
2.555000	-2.067555e-01
2.560000	-1.562695e-01
2.565000	-1.010087e-01
2.570000	-4.594498e-02
2.575000	8.466995e-03
2.580000	6.255267e-02
2.585000	1.175833e-01
2.590000	1.752282e-01
2.595000	2.365386e-01
2.600000	2.998268e-01
2.605000	3.586049e-01
2.610000	4.006176e-01
2.615000	4.114128e-01
2.620000	3.840829e-01
2.625000	3.216359e-01
2.630000	2.345681e-01
2.635000	1.423646e-01
2.640000	5.873917e-02
2.645000	-7.796283e-03
2.650000	-6.472379e-02
2.655000	-1.140722e-01
2.660000	-1.472717e-01
2.665000	-1.621850e-01
2.670000	-1.668791e-01
2.675000	-1.652491e-01
2.680000	-1.574716e-01
2.685000	-1.427277e-01
2.690000	-1.181262e-01
2.695000	-8.353962e-02
2.700000	-4.361993e-02
2.705000	-3.155317e-03
2.710000	3.496511e-02
2.715000	6.662776e-02
2.720000	8.781489e-02
2.725000	9.784899e-02
2.730000	1.019733e-01
2.735000	1.022629e-01
2.740000	9.769554e-02
2.745000	8.526000e-02
2.750000	6.183194e-02
2.755000	2.781364e-02
2.760000	-7.993680e-03
2.765000	-3.617568e-02
2.770000	-5.212568e-02
2.775000	-5.626804e-02
2.780000	-4.875043e-02
2.785000	-3.018177e-02
2.790000	-2.519494e-03
2.795000	2.826259e-02
2.800000	5.111663e-02
2.805000	5.979946e-02
2.810000	5.375319e-02
2.815000	3.574302e-02
2.820000	1.064446e-02
2.825000	-1.500765e-02
2.830000	-3.353069e-02
2.835000	-4.223388e-02
2.840000	-4.331424e-02
2.845000	-3.711731e-02
2.850000	-2.432856e-02
2.855000	-7.904339e-03
2.860000	9.349457e-03
2.865000	2.532244e-02
2.870000	4.039627e-02
2.875000	5.442478e-02
2.880000	6.651911e-02
2.885000	7.542172e-02
2.890000	8.186976e-02
2.895000	8.884759e-02
2.900000	9.841441e-02
2.905000	1.104046e-01
2.910000	1.216244e-01
2.915000	1.268313e-01
2.920000	1.221299e-01
2.925000	1.084440e-01
2.930000	9.260561e-02
2.935000	8.381255e-02
2.940000	8.550532e-02
2.945000	9.462179e-02
2.950000	1.023858e-01
2.955000	9.880503e-02
2.960000	7.365769e-02
2.965000	1.987131e-02
2.970000	-5.798402e-02
2.975000	-1.405350e-01
2.980000	-2.142222e-01
2.985000	-2.669812e-01
2.990000	-2.879769e-01
2.995000	-2.785924e-01
3.000000	-2.453515e-01
3.005000	-1.917860e-01
3.010000	-1.282951e-01
3.015000	-6.447211e-02
3.020000	3.561213e-04
3.025000	6.853865e-02
3.030000	1.408398e-01
3.035000	2.132822e-01
3.040000	2.746940e-01
3.045000	3.074099e-01
3.050000	2.956116e-01
3.055000	2.282046e-01
3.060000	9.854924e-02
3.065000	-6.873679e-02
3.070000	-2.224841e-01
3.075000	-3.296508e-01
3.080000	-3.742777e-01
3.085000	-3.717790e-01
3.090000	-3.486154e-01
3.095000	-3.126786e-01
3.100000	-2.716463e-01
3.105000	-2.333529e-01
3.110000	-1.929661e-01
3.115000	-1.476163e-01
3.120000	-9.891428e-02
3.125000	-4.937875e-02
3.130000	-4.713384e-03
3.135000	2.661866e-02
3.140000	3.728590e-02
3.145000	2.729063e-02
3.150000	-7.888991e-04
3.155000	-4.205024e-02
3.160000	-8.551582e-02
3.165000	-1.223258e-01
3.170000	-1.480329e-01
3.175000	-1.624135e-01
3.180000	-1.710650e-01
3.185000	-1.771445e-01
3.190000	-1.795389e-01
3.195000	-1.755819e-01
3.200000	-1.615344e-01
3.205000	-1.347295e-01
3.210000	-9.499362e-02
3.215000	-4.997813e-02
3.220000	-4.976592e-03
3.225000	4.010589e-02
3.230000	8.685817e-02
3.235000	1.373635e-01
3.240000	1.924641e-01
3.245000	2.510534e-01
3.250000	3.102546e-01
3.255000	3.625824e-01
3.260000	3.956045e-01
3.265000	3.968527e-01
3.270000	3.610885e-01
3.275000	2.873450e-01
3.280000	1.892504e-01
3.285000	9.111207e-02
3.290000	7.568523e-03
3.295000	-4.778666e-02
3.300000	-6.666066e-02
3.305000	-5.945051e-02
3.310000	-4.058604e-02
3.315000	-1.530547e-02
3.320000	1.418665e-02
3.325000	4.566932e-02
3.330000	7.928481e-02
3.335000	1.132600e-01
3.340000	1.418772e-01
3.345000	1.561005e-01
3.350000	1.476681e-01
3.355000	1.124482e-01
3.360000	5.338897e-02
3.365000	-1.462565e-02
3.370000	-7.347802e-02
3.375000	-1.121221e-01
3.380000	-1.257365e-01
3.385000	-1.215970e-01
3.390000	-1.052819e-01
3.395000	-7.678929e-02
3.400000	-3.792840e-02
3.405000	4.822603e-03
3.410000	4.736486e-02
3.415000	8.546953e-02
3.420000	1.124147e-01
3.425000	1.224506e-01
3.430000	1.162980e-01
3.435000	9.534416e-02
3.440000	6.425701e-02
3.445000	3.537899e-02
3.450000	1.895015e-02
3.455000	1.109981e-02
3.460000	3.067683e-03
3.465000	-1.144884e-02
3.470000	-3.649273e-02
3.475000	-7.209315e-02
3.480000	-1.116377e-01
3.485000	-1.448776e-01
3.490000	-1.651933e-01
3.495000	-1.703406e-01
3.500000	-1.616341e-01
3.505000	-1.411038e-01
3.510000	-1.098754e-01
3.515000	-7.295142e-02
3.520000	-3.653191e-02
3.525000	-3.588798e-03
3.530000	2.259685e-02
3.535000	3.944972e-02
3.540000	4.802185e-02
3.545000	4.672210e-02
3.550000	3.343661e-02
3.555000	7.974718e-03
3.560000	-2.510681e-02
3.565000	-5.337069e-02
3.570000	-6.395985e-02
3.575000	-6.291911e-02
3.580000	-5.906871e-02
3.585000	-5.845983e-02
3.590000	-6.462449e-02
3.595000	-7.578814e-02
3.600000	-8.727666e-02
3.605000	-9.489479e-02
3.610000	-9.503041e-02
3.615000	-8.730632e-02
3.620000	-7.308518e-02
3.625000	-5.330668e-02
3.630000	-3.046036e-02
3.635000	-9.342026e-03
3.640000	5.489858e-03
3.645000	1.329000e-02
3.650000	1.538893e-02
3.655000	1.175474e-02
3.660000	3.689141e-03
3.665000	-7.686963e-03
3.670000	-2.225252e-02
3.675000	-4.029592e-02
3.680000	-6.209239e-02
3.685000	-9.068129e-02
3.690000	-1.270315e-01
3.695000	-1.635574e-01
3.700000	-1.918510e-01
3.705000	-2.072461e-01
3.710000	-2.110805e-01
3.715000	-2.087988e-01
3.720000	-2.031300e-01
3.725000	-1.948881e-01
3.730000	-1.831406e-01
3.735000	-1.664437e-01
3.740000	-1.448843e-01
3.745000	-1.221984e-01
3.750000	-1.051779e-01
3.755000	-9.685261e-02
3.760000	-9.600840e-02
3.765000	-1.010102e-01
3.770000	-1.101258e-01
3.775000	-1.235250e-01
3.780000	-1.413934e-01
3.785000	-1.603227e-01
3.790000	-1.745950e-01
3.795000	-1.795752e-01
3.800000	-1.737727e-01
3.805000	-1.577628e-01
3.810000	-1.347977e-01
3.815000	-1.093158e-01
3.820000	-8.789160e-02
3.825000	-7.421326e-02
3.830000	-6.823623e-02
3.835000	-6.845296e-02
3.840000	-7.386467e-02
3.845000	-8.382434e-02
3.850000	-1.000866e-01
3.855000	-1.244333e-01
3.860000	-1.549366e-01
3.865000	-1.817606e-01
3.870000	-1.931307e-01
3.875000	-1.845394e-01
3.880000	-1.521510e-01
3.885000	-9.806729e-02
3.890000	-3.384997e-02
3.895000	3.039867e-02
3.900000	9.387832e-02
3.905000	1.584530e-01
3.910000	2.261970e-01
3.915000	2.977055e-01
3.920000	3.691910e-01
3.925000	4.304684e-01
3.930000	4.656838e-01
3.935000	4.607328e-01
3.940000	4.123813e-01
3.945000	3.207264e-01
3.950000	2.032933e-01
3.955000	8.768349e-02
3.960000	-1.026834e-02
3.965000	-7.605471e-02
3.970000	-1.027517e-01
3.975000	-1.017838e-01
3.980000	-7.872078e-02
3.985000	-3.868450e-02
3.990000	9.124115e-03
3.995000	5.700840e-02
4.000000	1.050084e-01
4.005000	1.558178e-01
4.010000	2.115402e-01
4.015000	2.721274e-01
4.020000	3.317969e-01
4.025000	3.773937e-01
4.030000	3.899218e-01
4.035000	3.544848e-01
4.040000	2.703027e-01
4.045000	1.528853e-01
4.050000	3.654994e-02
4.055000	-5.760150e-02
4.060000	-1.201802e-01
4.065000	-1.557428e-01
4.070000	-1.778052e-01
4.075000	-1.888357e-01
4.080000	-1.915507e-01
4.085000	-1.857734e-01
4.090000	-1.724617e-01
4.095000	-1.524168e-01
4.100000	-1.246252e-01
4.105000	-9.103991e-02
4.110000	-5.618377e-02
4.115000	-2.154631e-02
4.120000	1.298123e-02
4.125000	4.820065e-02
4.130000	8.492803e-02
4.135000	1.232588e-01
4.140000	1.609938e-01
4.145000	1.929271e-01
4.150000	2.110840e-01
4.155000	2.088032e-01
4.160000	1.836998e-01
4.165000	1.359872e-01
4.170000	7.170094e-02
4.175000	3.789637e-03
4.180000	-5.873298e-02
4.185000	-1.064756e-01
4.190000	-1.298383e-01
4.195000	-1.267147e-01
4.200000	-1.019114e-01
4.205000	-5.797092e-02
4.210000	-1.783904e-03
4.215000	5.810043e-02
4.220000	1.191814e-01
4.225000	1.769415e-01
4.230000	2.212236e-01
4.235000	2.394484e-01
4.240000	2.234164e-01
4.245000	1.672081e-01
4.250000	7.018597e-02
4.255000	-4.770387e-02
4.260000	-1.589949e-01
4.265000	-2.217805e-01
4.270000	-2.418049e-01
4.275000	-2.356730e-01
4.280000	-2.096405e-01
4.285000	-1.733151e-01
4.290000	-1.308338e-01
4.295000	-7.615462e-02
4.300000	-1.319685e-02
4.305000	5.053910e-02
4.310000	1.137689e-01
4.315000	1.754925e-01
4.320000	2.349829e-01
4.325000	2.825125e-01
4.330000	3.039191e-01
4.335000	2.952444e-01
4.340000	2.519326e-01
4.345000	1.720859e-01
4.350000	7.139004e-02
4.355000	-2.552276e-02
4.360000	-1.169086e-01
4.365000	-1.927092e-01
4.370000	-2.419114e-01
4.375000	-2.714413e-01
4.380000	-2.781740e-01
4.385000	-2.713264e-01
4.390000	-2.533675e-01
4.395000	-2.249765e-01
4.400000	-1.909278e-01
4.405000	-1.565470e-01
4.410000	-1.145985e-01
4.415000	-6.497425e-02
4.420000	-1.260108e-02
4.425000	4.028986e-02
4.430000	9.057554e-02
4.435000	1.329787e-01
4.440000	1.628296e-01
4.445000	1.840798e-01
4.450000	1.926657e-01
4.455000	1.911431e-01
4.460000	1.859613e-01
4.465000	1.795223e-01
4.470000	1.716470e-01
4.475000	1.601280e-01
4.480000	1.431008e-01
4.485000	1.204107e-01
4.490000	9.498903e-02
4.495000	7.039161e-02
4.500000	4.794875e-02
4.505000	2.710373e-02
4.510000	8.639150e-03
4.515000	-5.340626e-03
4.520000	-1.327640e-02
4.525000	-1.724674e-02
4.530000	-1.983414e-02
4.535000	-2.439353e-02
4.540000	-3.547903e-02
4.545000	-5.761528e-02
4.550000	-9.202281e-02
4.555000	-1.342979e-01
4.560000	-1.741291e-01
4.565000	-2.012163e-01
4.570000	-2.140524e-01
4.575000	-2.130327e-01
4.580000	-1.960067e-01
4.585000	-1.644068e-01
4.590000	-1.219303e-01
4.595000	-7.322708e-02
4.600000	-1.200217e-02
4.605000	5.335924e-02
4.610000	1.141805e-01
4.615000	1.684510e-01
4.620000	2.191133e-01
4.625000	2.643573e-01
4.630000	3.035480e-01
4.635000	3.312800e-01
4.640000	3.437666e-01
4.645000	3.428876e-01
4.650000	3.270729e-01
4.655000	2.967795e-01
4.660000	2.501777e-01
4.665000	1.878391e-01
4.670000	1.121120e-01
4.675000	2.819667e-02
4.680000	-5.014410e-02
4.685000	-1.101134e-01
4.690000	-1.560174e-01
4.695000	-1.979101e-01
4.700000	-2.313429e-01
4.705000	-2.497493e-01
4.710000	-2.596720e-01
4.715000	-2.668144e-01
4.720000	-2.716503e-01
4.725000	-2.735993e-01
4.730000	-2.717362e-01
4.735000	-2.658394e-01
4.740000	-2.561572e-01
4.745000	-2.421768e-01
4.750000	-2.231428e-01
4.755000	-1.984815e-01
4.760000	-1.690725e-01
4.765000	-1.369770e-01
4.770000	-1.038660e-01
4.775000	-6.980454e-02
4.780000	-3.522517e-02
4.785000	-2.003495e-03
4.790000	2.617499e-02
4.795000	4.475018e-02
4.800000	5.129151e-02
4.805000	4.666926e-02
4.810000	3.257444e-02
4.815000	1.271469e-02
4.820000	-8.953887e-03
4.825000	-2.968553e-02
4.830000	-4.752727e-02
4.835000	-6.240246e-02
4.840000	-7.298995e-02
4.845000	-7.788584e-02
4.850000	-7.619771e-02
4.855000	-6.803970e-02
4.860000	-5.552257e-02
4.865000	-4.154421e-02
4.870000	-2.985612e-02
4.875000	-2.136383e-02
4.880000	-1.401584e-02
4.885000	-5.543903e-03
4.890000	6.668475e-03
4.895000	2.403844e-02
4.900000	4.644898e-02
4.905000	7.256777e-02
4.910000	9.992198e-02
4.915000	1.267628e-01
4.920000	1.501431e-01
4.925000	1.654536e-01
4.930000	1.679975e-01
4.935000	1.532988e-01
4.940000	1.194817e-01
4.945000	6.937956e-02
4.950000	1.257044e-02
4.955000	-4.434136e-02
4.960000	-9.630327e-02
4.965000	-1.355368e-01
4.970000	-1.543998e-01
4.975000	-1.518453e-01
4.980000	-1.323665e-01
4.985000	-9.908758e-02
4.990000	-5.802969e-02
4.995000	-1.553704e-02
5.000000	2.653440e-02
5.005000	6.591905e-02
5.010000	9.867025e-02
5.015000	1.208659e-01
5.020000	1.322146e-01
5.025000	1.363487e-01
5.030000	1.317365e-01
5.035000	1.156303e-01
5.040000	8.691193e-02
5.045000	4.863384e-02
5.050000	1.223591e-02
5.055000	-1.393743e-02
5.060000	-2.525688e-02
5.065000	-2.364758e-02
5.070000	-1.553821e-02
5.075000	-4.813555e-03
5.080000	6.330426e-03
5.085000	1.780741e-02
5.090000	3.205410e-02
5.095000	5.086850e-02
5.100000	7.326862e-02
5.105000	9.359648e-02
5.110000	1.053040e-01
5.115000	1.020395e-01
5.120000	7.892238e-02
5.125000	3.695706e-02
5.130000	-1.481007e-02
5.135000	-6.677668e-02
5.140000	-1.125965e-01
5.145000	-1.444676e-01
5.150000	-1.565274e-01
5.155000	-1.453632e-01
5.160000	-1.170729e-01
5.165000	-7.856486e-02
5.170000	-3.770553e-02
5.175000	-1.441019e-03
5.180000	2.767699e-02
5.185000	4.996318e-02
5.190000	6.922251e-02
5.195000	8.508937e-02
5.200000	9.898130e-02
5.205000	1.103735e-01
5.210000	1.190125e-01
5.215000	1.275903e-01
5.220000	1.386235e-01
5.225000	1.531877e-01
5.230000	1.699329e-01
5.235000	1.849781e-01
5.240000	1.952620e-01
5.245000	1.969274e-01
5.250000	1.848098e-01
5.255000	1.524967e-01
5.260000	9.484276e-02
5.265000	1.862309e-02
5.270000	-5.391226e-02
5.275000	-1.063916e-01
5.280000	-1.259317e-01
5.285000	-1.200972e-01
5.290000	-1.023450e-01
5.295000	-8.197291e-02
5.300000	-6.346621e-02
5.305000	-4.590993e-02
5.310000	-2.546332e-02
5.315000	1.773931e-03
5.320000	3.710406e-02
5.325000	8.063653e-02
5.330000	1.323961e-01
5.335000	1.903001e-01
5.340000	2.453173e-01
5.345000	2.909792e-01
5.350000	3.149465e-01
5.355000	3.175789e-01
5.360000	3.003866e-01
5.365000	2.665992e-01
5.370000	2.182405e-01
5.375000	1.590733e-01
5.380000	1.005338e-01
5.385000	4.833392e-02
5.390000	6.228449e-03
5.395000	-2.310450e-02
5.400000	-4.258697e-02
5.405000	-5.445086e-02
5.410000	-5.727934e-02
5.415000	-4.961423e-02
5.420000	-3.384938e-02
5.425000	-1.472750e-02
5.430000	5.555524e-03
5.435000	2.377579e-02
5.440000	4.094514e-02
5.445000	6.013906e-02
5.450000	8.490203e-02
5.455000	1.164327e-01
5.460000	1.524802e-01
5.465000	1.853874e-01
5.470000	2.053846e-01
5.475000	2.000732e-01
5.480000	1.584901e-01
5.485000	8.171151e-02
5.490000	-1.054628e-02
5.495000	-1.010735e-01
5.500000	-2.005400e-01
5.505000	-2.907986e-01
5.510000	-3.477982e-01
5.515000	-3.684999e-01
5.520000	-3.684729e-01
5.525000	-3.534580e-01
5.530000	-3.207671e-01
5.535000	-2.721934e-01
5.540000	-2.180083e-01
5.545000	-1.640296e-01
5.550000	-1.097836e-01
5.555000	-4.992441e-02
5.560000	7.442547e-03
5.565000	5.736689e-02
5.570000	1.018301e-01
5.575000	1.445205e-01
5.580000	1.863453e-01
5.585000	2.199807e-01
5.590000	2.371461e-01
5.595000	2.374747e-01
5.600000	2.199219e-01
5.605000	1.868326e-01
5.610000	1.471104e-01
5.615000	1.129857e-01
5.620000	9.060316e-02
5.625000	7.882761e-02
5.630000	7.492152e-02
5.635000	7.642126e-02
5.640000	8.083972e-02
5.645000	8.321263e-02
5.650000	8.121049e-02
5.655000	7.645894e-02
5.660000	7.314541e-02
5.665000	7.346892e-02
5.670000	7.688291e-02
5.675000	7.977444e-02
5.680000	8.008314e-02
5.685000	7.775476e-02
5.690000	7.360759e-02
5.695000	6.539596e-02
5.700000	4.716794e-02
5.705000	1.248141e-02
5.710000	-4.085537e-02
5.715000	-1.050778e-01
5.720000	-1.682972e-01
5.725000	-2.235804e-01
5.730000	-2.682951e-01
5.735000	-3.005090e-01
5.740000	-3.190501e-01
5.745000	-3.302461e-01
5.750000	-3.340102e-01
5.755000	-3.280772e-01
5.760000	-3.113350e-01
5.765000	-2.831268e-01
5.770000	-2.432814e-01
5.775000	-1.950522e-01
5.780000	-1.479074e-01
5.785000	-1.047502e-01
5.790000	-6.627711e-02
5.795000	-3.655876e-02
5.800000	-1.265797e-02
5.805000	6.512460e-03
5.810000	2.068171e-02
5.815000	2.785432e-02
5.820000	2.230223e-02
5.825000	1.590089e-03
5.830000	-3.183823e-02
5.835000	-7.061766e-02
5.840000	-1.028551e-01
5.845000	-1.240715e-01
5.850000	-1.337566e-01
5.855000	-1.361291e-01
5.860000	-1.327243e-01
5.865000	-1.256542e-01
5.870000	-1.174004e-01
5.875000	-1.078055e-01
5.880000	-9.737957e-02
5.885000	-8.836705e-02
5.890000	-8.323904e-02
5.895000	-8.393981e-02
5.900000	-8.939000e-02
5.905000	-9.523080e-02
5.910000	-9.725999e-02
5.915000	-9.355629e-02
5.920000	-8.622853e-02
5.925000	-7.771831e-02
5.930000	-6.917064e-02
5.935000	-6.153392e-02
5.940000	-5.378982e-02
5.945000	-4.418976e-02
5.950000	-3.164266e-02
5.955000	-1.699636e-02
5.960000	-4.047112e-03
5.965000	1.466581e-03
5.970000	-5.293270e-03
5.975000	-2.533162e-02
5.980000	-5.373288e-02
5.985000	-8.464437e-02
5.990000	-1.097669e-01
5.995000	-1.278362e-01
6.000000	-1.399535e-01
6.005000	-1.460321e-01
6.010000	-1.456067e-01
6.015000	-1.377907e-01
6.020000	-1.248835e-01
6.025000	-1.073014e-01
6.030000	-8.497623e-02
6.035000	-5.838524e-02
6.040000	-2.875821e-02
6.045000	2.906269e-03
6.050000	3.356011e-02
6.055000	6.121211e-02
6.060000	8.714521e-02
6.065000	1.134205e-01
6.070000	1.369510e-01
6.075000	1.553792e-01
6.080000	1.645849e-01
6.085000	1.595351e-01
6.090000	1.408007e-01
6.095000	1.155504e-01
6.100000	9.350349e-02
6.105000	8.505824e-02
6.110000	9.465608e-02
6.115000	1.180716e-01
6.120000	1.484673e-01
6.125000	1.769357e-01
6.130000	1.931901e-01
6.135000	1.909846e-01
6.140000	1.676144e-01
6.145000	1.255075e-01
6.150000	7.363655e-02
6.155000	2.522380e-02
6.160000	-1.017933e-02
6.165000	-3.035716e-02
6.170000	-3.786059e-02
6.175000	-3.894599e-02
6.180000	-3.838317e-02
6.185000	-3.947030e-02
6.190000	-4.405572e-02
6.195000	-5.252901e-02
6.200000	-6.394039e-02
6.205000	-7.568080e-02
6.210000	-8.394097e-02
6.215000	-8.490638e-02
6.220000	-7.709156e-02
6.225000	-6.149828e-02
6.230000	-4.029284e-02
6.235000	-1.609115e-02
6.240000	4.792665e-03
6.245000	1.781286e-02
6.250000	2.150819e-02
6.255000	1.563280e-02
6.260000	3.260257e-03
6.265000	-8.761790e-03
6.270000	-1.433491e-02
6.275000	-8.979639e-03
6.280000	7.385641e-03
6.285000	3.068974e-02
6.290000	5.623018e-02
6.295000	7.858038e-02
6.300000	9.463852e-02
6.305000	1.051662e-01
6.310000	1.124699e-01
6.315000	1.177627e-01
6.320000	1.214669e-01
6.325000	1.244058e-01
6.330000	1.259319e-01
6.335000	1.243878e-01
6.340000	1.178041e-01
6.345000	1.048633e-01
6.350000	8.428650e-02
6.355000	5.487654e-02
6.360000	1.831335e-02
6.365000	-2.103780e-02
6.370000	-5.385209e-02
6.375000	-7.396734e-02
6.380000	-8.241966e-02
6.385000	-8.153490e-02
6.390000	-7.212618e-02
6.395000	-5.830470e-02
6.400000	-4.646769e-02
6.405000	-4.196940e-02
6.410000	-4.875848e-02
6.415000	-6.841531e-02
6.420000	-9.884942e-02
6.425000	-1.320160e-01
6.430000	-1.574774e-01
6.435000	-1.686174e-01
6.440000	-1.626902e-01
6.445000	-1.415693e-01
6.450000	-1.113859e-01
6.455000	-8.044409e-02
6.460000	-5.480003e-02
6.465000	-3.588744e-02
6.470000	-2.467457e-02
6.475000	-2.004836e-02
6.480000	-2.028218e-02
6.485000	-2.357669e-02
6.490000	-2.513180e-02
6.495000	-2.079812e-02
6.500000	-9.709808e-03
6.505000	5.841455e-03
6.510000	2.123935e-02
6.515000	3.189035e-02
6.520000	3.419978e-02
6.525000	2.732130e-02
6.530000	1.229014e-02
6.535000	-9.261696e-03
6.540000	-3.782141e-02
6.545000	-7.115512e-02
6.550000	-1.063928e-01
6.555000	-1.400756e-01
6.560000	-1.693494e-01
6.565000	-1.935697e-01
6.570000	-2.151963e-01
6.575000	-2.353324e-01
6.580000	-2.525533e-01
6.585000	-2.660612e-01
6.590000	-2.752797e-01
6.595000	-2.797719e-01
6.600000	-2.780178e-01
6.605000	-2.700351e-01
6.610000	-2.563061e-01
6.615000	-2.344617e-01
6.620000	-2.027514e-01
6.625000	-1.622688e-01
6.630000	-1.175886e-01
6.635000	-6.799884e-02
6.640000	-1.158917e-02
6.645000	5.171621e-02
6.650000	1.247289e-01
6.655000	2.132714e-01
6.660000	3.108284e-01
6.665000	4.189399e-01
6.670000	5.380083e-01
6.675000	6.567973e-01
6.680000	7.465698e-01
6.685000	7.643455e-01
6.690000	6.725895e-01
6.695000	4.678646e-01
6.700000	2.013689e-01
6.705000	-4.307576e-03
6.710000	-1.448098e-01
6.715000	-2.093713e-01
6.720000	-2.079245e-01
6.725000	-1.854517e-01
6.730000	-1.545861e-01
6.735000	-1.199631e-01
6.740000	-8.573163e-02
6.745000	-6.028314e-02
6.750000	-4.705088e-02
6.755000	-4.991685e-02
6.760000	-6.544180e-02
6.765000	-8.680947e-02
6.770000	-1.067036e-01
6.775000	-1.189106e-01
6.780000	-1.247569e-01
6.785000	-1.282264e-01
6.790000	-1.293537e-01
6.795000	-1.274469e-01
6.800000	-1.201431e-01
6.805000	-1.062298e-01
6.810000	-8.657040e-02
6.815000	-6.411703e-02
6.820000	-4.188200e-02
6.825000	-2.009656e-02
6.830000	2.089437e-03
6.835000	2.519909e-02
6.840000	4.818128e-02
6.845000	6.750120e-02
6.850000	8.175533e-02
6.855000	9.129662e-02
6.860000	9.746002e-02
6.865000	9.992576e-02
6.870000	9.813511e-02
6.875000	9.125225e-02
6.880000	7.802970e-02
6.885000	5.688334e-02
6.890000	2.873041e-02
6.895000	-1.439426e-03
6.900000	-2.834263e-02
6.905000	-5.148650e-02
6.910000	-7.383998e-02
6.915000	-9.359753e-02
6.920000	-1.097862e-01
6.925000	-1.210266e-01
6.930000	-1.271013e-01
6.935000	-1.286761e-01
6.940000	-1.257102e-01
6.945000	-1.197667e-01
6.950000	-1.122000e-01
6.955000	-1.035853e-01
6.960000	-9.336302e-02
6.965000	-8.159654e-02
6.970000	-6.814241e-02
6.975000	-5.206341e-02
6.980000	-3.307288e-02
6.985000	-1.126437e-02
6.990000	1.148397e-02
6.995000	3.455786e-02
7.000000	5.640490e-02
7.005000	7.510124e-02
7.010000	8.852096e-02
7.015000	9.508028e-02
7.020000	9.510328e-02
7.025000	8.838362e-02
7.030000	7.822763e-02
7.035000	6.876851e-02
7.040000	6.338425e-02
7.045000	6.487876e-02
7.050000	7.280498e-02
7.055000	8.535181e-02
7.060000	1.008868e-01
7.065000	1.182438e-01
7.070000	1.374986e-01
7.075000	1.604020e-01
7.080000	1.878476e-01
7.085000	2.164025e-01
7.090000	2.388032e-01
7.095000	2.487571e-01
7.100000	2.448188e-01
7.105000	2.272920e-01
7.110000	2.029369e-01
7.115000	1.791695e-01
7.120000	1.640405e-01
7.125000	1.588753e-01
7.130000	1.624361e-01
7.135000	1.720713e-01
7.140000	1.837819e-01
7.145000	1.952454e-01
7.150000	2.038999e-01
7.155000	2.057260e-01
7.160000	1.977579e-01
7.165000	1.795849e-01
7.170000	1.537570e-01
7.175000	1.224345e-01
7.180000	9.052293e-02
7.185000	5.929224e-02
7.190000	3.203522e-02
7.195000	1.201925e-02
7.200000	1.296521e-04
7.205000	-3.991906e-03
7.210000	6.824414e-05
7.215000	1.094454e-02
7.220000	2.548856e-02
7.225000	4.078627e-02
7.230000	5.395716e-02
7.235000	6.307452e-02
7.240000	6.821605e-02
7.245000	6.875632e-02
7.250000	6.538095e-02
7.255000	5.946821e-02
7.260000	5.219549e-02
7.265000	4.347476e-02
7.270000	3.313036e-02
7.275000	2.139295e-02
7.280000	9.301749e-03
7.285000	-1.480891e-03
7.290000	-9.929252e-03
7.295000	-1.557806e-02
7.300000	-1.901799e-02
7.305000	-2.109233e-02
7.310000	-2.280682e-02
7.315000	-2.533275e-02
7.320000	-2.988895e-02
7.325000	-3.762748e-02
7.330000	-4.938172e-02
7.335000	-6.452147e-02
7.340000	-8.041133e-02
7.345000	-9.233889e-02
7.350000	-9.578592e-02
7.355000	-8.911759e-02
7.360000	-7.515165e-02
7.365000	-5.795332e-02
7.370000	-3.992304e-02
7.375000	-2.458198e-02
7.380000	-1.307658e-02
7.385000	-5.247932e-03
7.390000	1.190896e-03
7.395000	9.032334e-03
7.400000	2.037878e-02
7.405000	3.534233e-02
7.410000	5.178580e-02
7.415000	6.708546e-02
7.420000	7.880640e-02
7.425000	8.626927e-02
7.430000	8.905012e-02
7.435000	8.707467e-02
7.440000	8.130452e-02
7.445000	7.297501e-02
7.450000	6.294048e-02
7.455000	5.063874e-02
7.460000	3.628803e-02
7.465000	2.137719e-02
7.470000	8.133404e-03
7.475000	-1.780383e-03
7.480000	-6.754026e-03
7.485000	-5.723373e-03
7.490000	1.682355e-03
7.495000	1.488491e-02
7.500000	3.359741e-02
7.505000	5.607901e-02
7.510000	7.970873e-02
7.515000	1.021327e-01
7.520000	1.216026e-01
7.525000	1.367834e-01
7.530000	1.462378e-01
7.535000	1.491456e-01
7.540000	1.447478e-01
7.545000	1.337387e-01
7.550000	1.186244e-01
7.555000	1.013429e-01
7.560000	8.347436e-02
7.565000	6.539980e-02
7.570000	4.539726e-02
7.575000	2.223916e-02
7.580000	-2.587136e-03
7.585000	-2.743160e-02
7.590000	-5.087295e-02
7.595000	-7.129182e-02
7.600000	-8.741567e-02
7.605000	-9.990181e-02
7.610000	-1.104791e-01
7.615000	-1.198555e-01
7.620000	-1.277951e-01
7.625000	-1.324428e-01
7.630000	-1.321638e-01
7.635000	-1.276562e-01
7.640000	-1.211332e-01
7.645000	-1.146133e-01
7.650000	-1.092365e-01
7.655000	-1.069943e-01
7.660000	-1.086929e-01
7.665000	-1.118622e-01
7.670000	-1.131920e-01
7.675000	-1.109381e-01
7.680000	-1.050548e-01
7.685000	-9.643773e-02
7.690000	-8.534790e-02
7.695000	-7.189311e-02
7.700000	-5.737239e-02
7.705000	-4.255291e-02
7.710000	-2.927146e-02
7.715000	-1.880254e-02
7.720000	-1.087835e-02
7.725000	-5.325727e-03
7.730000	-1.365040e-03
7.735000	1.784817e-03
7.740000	5.170010e-03
7.745000	9.158463e-03
7.750000	1.353328e-02
7.755000	1.766028e-02
7.760000	1.996687e-02
7.765000	1.811900e-02
7.770000	1.082097e-02
7.775000	-9.931153e-04
7.780000	-1.454275e-02
7.785000	-2.574359e-02
7.790000	-2.995130e-02
7.795000	-2.448033e-02
7.800000	-1.123879e-02
7.805000	7.796175e-03
7.810000	3.083883e-02
7.815000	5.497912e-02
7.820000	7.577812e-02
7.825000	9.105644e-02
7.830000	9.872302e-02
7.835000	9.613874e-02
7.840000	8.265781e-02
7.845000	5.992767e-02
7.850000	3.185290e-02
7.855000	4.565195e-03
7.860000	-1.777918e-02
7.865000	-3.329681e-02
7.870000	-4.121215e-02
7.875000	-4.119652e-02
7.880000	-3.286102e-02
7.885000	-1.771436e-02
7.890000	1.009356e-03
7.895000	1.991368e-02
7.900000	3.670595e-02
7.905000	5.026483e-02
7.910000	5.992332e-02
7.915000	6.469199e-02
7.920000	6.263749e-02
7.925000	5.359884e-02
7.930000	3.775674e-02
7.935000	1.462920e-02
7.940000	-1.411304e-02
7.945000	-4.414930e-02
7.950000	-7.179528e-02
7.955000	-9.524528e-02
7.960000	-1.140099e-01
7.965000	-1.273620e-01
7.970000	-1.357788e-01
7.975000	-1.394259e-01
7.980000	-1.388614e-01
7.985000	-1.352019e-01
7.990000	-1.298399e-01
7.995000	-1.243305e-01
8.000000	-1.185819e-01
8.005000	-1.111104e-01
8.010000	-1.002334e-01
8.015000	-8.490315e-02
8.020000	-6.463402e-02
8.025000	-4.112262e-02
8.030000	-1.670053e-02
8.035000	7.594118e-03
8.040000	3.106377e-02
8.045000	5.373470e-02
8.050000	7.602037e-02
8.055000	9.708534e-02
8.060000	1.132521e-01
8.065000	1.203032e-01
8.070000	1.140897e-01
8.075000	9.167974e-02
8.080000	5.347829e-02
8.085000	5.106804e-03
8.090000	-4.065445e-02
8.095000	-7.488453e-02
8.100000	-9.370560e-02
8.105000	-1.005671e-01
8.110000	-9.990164e-02
8.115000	-9.350274e-02
8.120000	-8.396472e-02
8.125000	-7.244149e-02
8.130000	-5.940111e-02
8.135000	-4.706139e-02
8.140000	-3.725729e-02
8.145000	-3.131238e-02
8.150000	-3.009843e-02
8.155000	-3.329567e-02
8.160000	-3.993248e-02
8.165000	-4.866915e-02
8.170000	-5.822823e-02
8.175000	-6.770211e-02
8.180000	-7.567425e-02
8.185000	-8.115784e-02
8.190000	-8.373066e-02
8.195000	-8.316453e-02
8.200000	-7.898415e-02
8.205000	-7.136591e-02
8.210000	-6.088418e-02
8.215000	-4.883890e-02
8.220000	-3.624247e-02
8.225000	-2.264179e-02
8.230000	-7.340885e-03
8.235000	9.486111e-03
8.240000	2.583524e-02
8.245000	3.846245e-02
8.250000	4.525865e-02
8.255000	4.457346e-02
8.260000	3.505121e-02
8.265000	1.718804e-02
8.270000	-4.950421e-03
8.275000	-2.673927e-02
8.280000	-4.534901e-02
8.285000	-5.788972e-02
8.290000	-6.254731e-02
8.295000	-6.045346e-02
8.300000	-5.209953e-02
8.305000	-3.789224e-02
8.310000	-1.987151e-02
8.315000	-1.142750e-03
8.320000	1.754934e-02
8.325000	3.629930e-02
8.330000	5.436144e-02
8.335000	6.984404e-02
8.340000	8.026676e-02
8.345000	8.427125e-02
8.350000	8.310456e-02
8.355000	7.707655e-02
8.360000	6.580094e-02
8.365000	5.018778e-02
8.370000	3.318178e-02
8.375000	1.689743e-02
8.380000	1.695095e-03
8.385000	-1.299748e-02
8.390000	-2.862379e-02
8.395000	-4.453632e-02
8.400000	-5.933620e-02
8.405000	-7.125540e-02
8.410000	-7.865865e-02
8.415000	-8.178318e-02
8.420000	-8.200317e-02
8.425000	-8.029263e-02
8.430000	-7.777830e-02
8.435000	-7.557932e-02
8.440000	-7.385277e-02
8.445000	-7.246088e-02
8.450000	-7.088641e-02
8.455000	-6.851873e-02
8.460000	-6.466369e-02
8.465000	-5.937101e-02
8.470000	-5.305682e-02
8.475000	-4.615595e-02
8.480000	-3.892849e-02
8.485000	-3.114417e-02
8.490000	-2.279889e-02
8.495000	-1.434545e-02
8.500000	-6.195743e-03
8.505000	1.666838e-03
8.510000	9.388653e-03
8.515000	1.727174e-02
8.520000	2.638869e-02
8.525000	3.720621e-02
8.530000	4.961681e-02
8.535000	6.199702e-02
8.540000	7.253698e-02
8.545000	7.936313e-02
8.550000	8.106002e-02
8.555000	7.687166e-02
8.560000	6.644446e-02
8.565000	5.072818e-02
8.570000	3.260305e-02
8.575000	1.400964e-02
8.580000	-4.480550e-03
8.585000	-2.186247e-02
8.590000	-3.634828e-02
8.595000	-4.596352e-02
8.600000	-4.929505e-02
8.605000	-4.514659e-02
8.610000	-3.346025e-02
8.615000	-1.628161e-02
8.620000	3.504992e-03
8.625000	2.166813e-02
8.630000	3.635970e-02
8.635000	4.655543e-02
8.640000	5.173681e-02
8.645000	5.213708e-02
8.650000	4.816094e-02
8.655000	4.073065e-02
8.660000	3.123555e-02
8.665000	2.164245e-02
8.670000	1.329852e-02
8.675000	6.460805e-03
8.680000	7.244800e-04
8.685000	-3.991858e-03
8.690000	-8.389775e-03
8.695000	-1.291107e-02
8.700000	-1.755248e-02
8.705000	-2.208301e-02
8.710000	-2.647320e-02
8.715000	-3.126508e-02
8.720000	-3.703701e-02
8.725000	-4.389955e-02
8.730000	-5.155681e-02
8.735000	-5.951083e-02
8.740000	-6.685238e-02
8.745000	-7.297818e-02
8.750000	-7.786596e-02
8.755000	-8.138331e-02
8.760000	-8.278750e-02
8.765000	-8.071084e-02
8.770000	-7.349525e-02
8.775000	-6.027402e-02
8.780000	-4.257714e-02
8.785000	-2.356043e-02
8.790000	-4.098666e-03
8.795000	1.576340e-02
8.800000	3.544573e-02
8.805000	5.355481e-02
8.810000	6.787683e-02
8.815000	7.643811e-02
8.820000	7.959799e-02
8.825000	7.949637e-02
8.830000	7.728240e-02
8.835000	7.396535e-02
8.840000	7.037431e-02
8.845000	6.685723e-02
8.850000	6.345715e-02
8.855000	6.010365e-02
8.860000	5.604833e-02
8.865000	5.050256e-02
8.870000	4.254296e-02
8.875000	3.173413e-02
8.880000	1.849365e-02
8.885000	4.281328e-03
8.890000	-9.471826e-03
8.895000	-2.163066e-02
8.900000	-3.094237e-02
8.905000	-3.688764e-02
8.910000	-4.001991e-02
8.915000	-4.103818e-02
8.920000	-4.035128e-02
8.925000	-3.843504e-02
8.930000	-3.579450e-02
8.935000	-3.277918e-02
8.940000	-2.959699e-02
8.945000	-2.629091e-02
8.950000	-2.252267e-02
8.955000	-1.790649e-02
8.960000	-1.278895e-02
8.965000	-8.176333e-03
8.970000	-4.818001e-03
8.975000	-2.869846e-03
8.980000	-1.644481e-03
8.985000	1.259750e-04
8.990000	3.813848e-03
8.995000	1.041913e-02
9.000000	2.028448e-02
9.005000	3.284894e-02
9.010000	4.671412e-02
9.015000	6.106742e-02
9.020000	7.556406e-02
9.025000	8.926562e-02
9.030000	1.008769e-01
9.035000	1.093992e-01
9.040000	1.151652e-01
9.045000	1.179742e-01
9.050000	1.169082e-01
9.055000	1.107527e-01
9.060000	9.839455e-02
9.065000	8.042344e-02
9.070000	6.001344e-02
9.075000	3.903899e-02
9.080000	1.849083e-02
9.085000	1.887681e-04
9.090000	-1.338066e-02
9.095000	-2.037398e-02
9.100000	-2.194998e-02
9.105000	-2.051657e-02
9.110000	-1.736400e-02
9.115000	-1.372297e-02
9.120000	-1.121316e-02
9.125000	-1.097695e-02
9.130000	-1.341612e-02
9.135000	-1.811507e-02
9.140000	-2.456090e-02
9.145000	-3.248613e-02
9.150000	-4.155917e-02
9.155000	-5.144205e-02
9.160000	-6.097344e-02
9.165000	-6.882838e-02
9.170000	-7.370137e-02
9.175000	-7.503559e-02
9.180000	-7.270007e-02
9.185000	-6.681473e-02
9.190000	-5.785264e-02
9.195000	-4.701466e-02
9.200000	-3.573834e-02
9.205000	-2.496355e-02
9.210000	-1.532890e-02
9.215000	-7.494847e-03
9.220000	-1.987454e-03
9.225000	1.316618e-03
9.230000	3.205392e-03
9.235000	4.236996e-03
9.240000	4.406877e-03
9.245000	3.587339e-03
9.250000	1.181592e-03
9.255000	-3.308479e-03
9.260000	-9.559287e-03
9.265000	-1.604368e-02
9.270000	-2.105212e-02
9.275000	-2.393563e-02
9.280000	-2.405953e-02
9.285000	-2.113695e-02
9.290000	-1.682648e-02
9.295000	-1.310537e-02
9.300000	-1.047772e-02
9.305000	-8.633365e-03
9.310000	-7.085493e-03
9.315000	-5.352227e-03
9.320000	-3.019725e-03
9.325000	1.523299e-04
9.330000	4.243272e-03
9.335000	9.449023e-03
9.340000	1.575417e-02
9.345000	2.268836e-02
9.350000	2.907131e-02
9.355000	3.341725e-02
9.360000	3.526895e-02
9.365000	3.498458e-02
9.370000	3.321500e-02
9.375000	3.028650e-02
9.380000	2.649565e-02
9.385000	2.246207e-02
9.390000	1.922552e-02
9.395000	1.746998e-02
9.400000	1.705684e-02
9.405000	1.749081e-02
9.410000	1.771954e-02
9.415000	1.695112e-02
9.420000	1.526496e-02
9.425000	1.366348e-02
9.430000	1.305159e-02
9.435000	1.385477e-02
9.440000	1.610730e-02
9.445000	1.931423e-02
9.450000	2.255732e-02
9.455000	2.434896e-02
9.460000	2.308039e-02
9.465000	1.827634e-02
9.470000	1.061899e-02
9.475000	8.788086e-04
9.480000	-9.614896e-03
9.485000	-2.006893e-02
9.490000	-3.032103e-02
9.495000	-4.014809e-02
9.500000	-4.901558e-02
9.505000	-5.552189e-02
9.510000	-5.801190e-02
9.515000	-5.628471e-02
9.520000	-5.036469e-02
9.525000	-4.029943e-02
9.530000	-2.670150e-02
9.535000	-1.095860e-02
9.540000	4.513435e-03
9.545000	1.880238e-02
9.550000	3.255519e-02
9.555000	4.473603e-02
9.560000	5.507942e-02
9.565000	6.242334e-02
9.570000	6.589024e-02
9.575000	6.587417e-02
9.580000	6.266360e-02
9.585000	5.716792e-02
9.590000	5.011892e-02
9.595000	4.169148e-02
9.600000	3.196083e-02
9.605000	2.178507e-02
9.610000	1.175155e-02
9.615000	2.258158e-03
9.620000	-5.727815e-03
9.625000	-1.116765e-02
9.630000	-1.380389e-02
9.635000	-1.411648e-02
9.640000	-1.254873e-02
9.645000	-9.415098e-03
9.650000	-5.214757e-03
9.655000	-6.779997e-04
9.660000	3.508190e-03
9.665000	7.168669e-03
9.670000	1.049566e-02
9.675000	1.353146e-02
9.680000	1.631124e-02
9.685000	1.867550e-02
9.690000	2.019359e-02
9.695000	2.059304e-02
9.700000	1.952173e-02
9.705000	1.678165e-02
9.710000	1.236989e-02
9.715000	6.654780e-03
9.720000	5.199063e-04
9.725000	-4.751459e-03
9.730000	-7.699497e-03
9.735000	-7.327801e-03
9.740000	-3.473827e-03
9.745000	3.574331e-03
9.750000	1.280376e-02
9.755000	2.225977e-02
9.760000	3.007703e-02
9.765000	3.556602e-02
9.770000	3.897028e-02
9.775000	4.071474e-02
9.780000	4.143060e-02
9.785000	4.133441e-02
9.790000	3.991636e-02
9.795000	3.638100e-02
9.800000	3.008485e-02
9.805000	2.103888e-02
9.810000	9.974764e-03
9.815000	-1.761685e-03
9.820000	-1.375162e-02
9.825000	-2.593382e-02
9.830000	-3.789983e-02
9.835000	-4.876144e-02
9.840000	-5.718487e-02
9.845000	-6.211637e-02
9.850000	-6.380838e-02
9.855000	-6.282759e-02
9.860000	-5.928173e-02
9.865000	-5.380530e-02
9.870000	-4.739164e-02
9.875000	-4.081375e-02
9.880000	-3.503038e-02
9.885000	-2.983948e-02
9.890000	-2.545546e-02
9.895000	-2.240991e-02
9.900000	-2.013276e-02
9.905000	-1.773095e-02
9.910000	-1.431031e-02
9.915000	-9.256406e-03
9.920000	-2.459235e-03
9.925000	5.705591e-03
9.930000	1.416800e-02
9.935000	2.126901e-02
9.940000	2.540386e-02
9.945000	2.522999e-02
9.950000	2.013387e-02
9.955000	1.027638e-02
9.960000	-3.372808e-03
9.965000	-1.864758e-02
9.970000	-3.421283e-02
9.975000	-4.966930e-02
9.980000	-6.419754e-02
9.985000	-7.640592e-02
9.990000	-8.478181e-02
9.995000	-8.897329e-02
10.000000	-8.911376e-02
10.005000	-8.398130e-02
10.010000	-7.289563e-02
10.015000	-5.766746e-02
10.020000	-4.125777e-02
10.025000	-2.476791e-02
10.030000	-9.038796e-03
10.035000	4.741221e-03
10.040000	1.417381e-02
10.045000	1.686027e-02
10.050000	1.470925e-02
10.055000	1.095864e-02
10.060000	8.481835e-03
10.065000	9.102324e-03
10.070000	1.298277e-02
10.075000	1.821549e-02
10.080000	2.305642e-02
10.085000	2.679442e-02
10.090000	2.913007e-02
10.095000	3.016323e-02
10.100000	2.999220e-02
10.105000	2.825322e-02
10.110000	2.440693e-02
10.115000	1.806478e-02
10.120000	9.224775e-03
10.125000	-9.244730e-04
10.130000	-1.130386e-02
10.135000	-2.127436e-02
10.140000	-2.980499e-02
10.145000	-3.567363e-02
10.150000	-3.825987e-02
10.155000	-3.791601e-02
10.160000	-3.538403e-02
10.165000	-3.176864e-02
10.170000	-2.786310e-02
10.175000	-2.414720e-02
10.180000	-2.123809e-02
10.185000	-2.038087e-02
10.190000	-2.265907e-02
10.195000	-2.734128e-02
10.200000	-3.229402e-02
10.205000	-3.539004e-02
10.210000	-3.477665e-02
10.215000	-3.005804e-02
10.220000	-2.248824e-02
10.225000	-1.325887e-02
10.230000	-3.520772e-03
10.235000	6.209684e-03
10.240000	1.601561e-02
10.245000	2.589741e-02
10.250000	3.557804e-02
10.255000	4.434774e-02
10.260000	5.125574e-02
10.265000	5.538734e-02
10.270000	5.567097e-02
10.275000	5.163448e-02
10.280000	4.398364e-02
10.285000	3.361111e-02
10.290000	2.239613e-02
10.295000	1.242193e-02
10.300000	5.005333e-03
10.305000	6.810815e-04
10.310000	-1.708895e-03
10.315000	-3.415833e-03
10.320000	-4.772498e-03
10.325000	-5.649492e-03
10.330000	-5.874219e-03
10.335000	-5.546328e-03
10.340000	-4.836136e-03
10.345000	-4.355149e-03
10.350000	-4.732254e-03
10.355000	-6.367124e-03
10.360000	-9.053757e-03
10.365000	-1.226360e-02
10.370000	-1.520553e-02
10.375000	-1.706461e-02
10.380000	-1.717084e-02
10.385000	-1.520176e-02
10.390000	-1.121355e-02
10.395000	-5.518668e-03
10.400000	1.775278e-03
10.405000	1.018492e-02
10.410000	1.897120e-02
10.415000	2.780934e-02
10.420000	3.668863e-02
10.425000	4.556918e-02
10.430000	5.430742e-02
10.435000	6.261978e-02
10.440000	7.018112e-02
10.445000	7.680798e-02
10.450000	8.193941e-02
10.455000	8.489887e-02
10.460000	8.545045e-02
10.465000	8.345436e-02
10.470000	7.892388e-02
10.475000	7.199686e-02
10.480000	6.300027e-02
10.485000	5.276921e-02
10.490000	4.217288e-02
10.495000	3.137188e-02
10.500000	2.060554e-02
10.505000	1.054665e-02
10.510000	2.277433e-03
10.515000	-3.147293e-03
10.520000	-5.503629e-03
10.525000	-4.805944e-03
10.530000	-1.209287e-03
10.535000	4.107396e-03
10.540000	1.001407e-02
10.545000	1.540162e-02
10.550000	1.869994e-02
10.555000	1.911400e-02
10.560000	1.653191e-02
10.565000	1.175386e-02
10.570000	5.959521e-03
10.575000	5.236471e-05
10.580000	-4.694007e-03
10.585000	-7.462697e-03
10.590000	-8.164509e-03
10.595000	-6.787988e-03
10.600000	-4.212513e-03
10.605000	-1.879889e-03
10.610000	-1.203513e-03
10.615000	-3.288239e-03
10.620000	-7.736375e-03
10.625000	-1.341855e-02
10.630000	-1.896133e-02
10.635000	-2.250880e-02
10.640000	-2.244380e-02
10.645000	-1.828851e-02
10.650000	-1.078062e-02
10.655000	-9.913805e-04
10.660000	9.932041e-03
10.665000	2.095623e-02
10.670000	3.220057e-02
10.675000	4.370966e-02
10.680000	5.403883e-02
10.685000	6.260820e-02
10.690000	6.801723e-02
10.695000	6.943327e-02
10.700000	6.731128e-02
10.705000	6.279390e-02
10.710000	5.681753e-02
10.715000	4.972202e-02
10.720000	4.233133e-02
10.725000	3.586900e-02
10.730000	3.155556e-02
10.735000	2.916759e-02
10.740000	2.837174e-02
10.745000	2.858012e-02
10.750000	2.908788e-02
10.755000	2.937492e-02
10.760000	2.894690e-02
10.765000	2.728534e-02
10.770000	2.389136e-02
10.775000	1.855622e-02
10.780000	1.175795e-02
10.785000	4.444962e-03
10.790000	-2.226437e-03
10.795000	-7.511595e-03
10.800000	-1.069736e-02
10.805000	-1.180415e-02
10.810000	-1.068525e-02
10.815000	-7.021580e-03
10.820000	-3.773507e-04
10.825000	9.076457e-03
10.830000	2.011168e-02
10.835000	3.146012e-02
10.840000	4.254867e-02
10.845000	5.266766e-02
10.850000	6.083333e-02
10.855000	6.635624e-02
10.860000	6.941608e-02
10.865000	6.979203e-02
10.870000	6.714463e-02
10.875000	6.093743e-02
10.880000	5.112316e-02
10.885000	3.909646e-02
10.890000	2.690238e-02
10.895000	1.566402e-02
10.900000	6.414591e-03
10.905000	-2.572024e-04
10.910000	-4.964459e-03
10.915000	-7.518965e-03
10.920000	-8.509211e-03
10.925000	-8.604429e-03
10.930000	-8.316752e-03
10.935000	-7.986976e-03
10.940000	-7.948225e-03
10.945000	-8.347235e-03
10.950000	-9.319671e-03
10.955000	-1.089977e-02
10.960000	-1.312431e-02
10.965000	-1.598065e-02
10.970000	-1.897843e-02
10.975000	-2.119032e-02
10.980000	-2.154576e-02
10.985000	-1.945987e-02
10.990000	-1.520301e-02
10.995000	-9.819980e-03
11.000000	-4.671674e-03
11.005000	-1.195375e-03
11.010000	-3.750428e-05
11.015000	-1.281725e-03
11.020000	-4.761478e-03
11.025000	-1.036173e-02
11.030000	-1.797795e-02
11.035000	-2.743265e-02
11.040000	-3.814965e-02
11.045000	-4.948662e-02
11.050000	-6.130186e-02
11.055000	-7.294956e-02
11.060000	-8.396657e-02
11.065000	-9.335761e-02
11.070000	-9.984403e-02
11.075000	-1.031614e-01
11.080000	-1.028770e-01
11.085000	-9.841789e-02
11.090000	-8.975670e-02
11.095000	-7.764865e-02
11.100000	-6.411324e-02
11.105000	-5.089388e-02
11.110000	-3.900814e-02
11.115000	-2.894607e-02
11.120000	-2.029509e-02
11.125000	-1.384406e-02
11.130000	-1.075383e-02
11.135000	-1.109154e-02
11.140000	-1.557196e-02
11.145000	-2.506646e-02
11.150000	-3.895552e-02
11.155000	-5.454127e-02
11.160000	-7.021434e-02
11.165000	-8.489571e-02
11.170000	-9.689366e-02
11.175000	-1.044865e-01
11.180000	-1.072854e-01
11.185000	-1.063799e-01
11.190000	-1.022001e-01
11.195000	-9.483306e-02
11.200000	-8.490635e-02
11.205000	-7.364873e-02
11.210000	-6.215722e-02
11.215000	-5.053916e-02
11.220000	-3.864628e-02
11.225000	-2.644741e-02
11.230000	-1.417498e-02
11.235000	-2.549879e-03
11.240000	7.231933e-03
11.245000	1.388927e-02
11.250000	1.707903e-02
11.255000	1.735431e-02
11.260000	1.459339e-02
11.265000	8.414017e-03
11.270000	-1.222972e-03
11.275000	-1.347782e-02
11.280000	-2.649517e-02
11.285000	-3.852944e-02
11.290000	-4.883305e-02
11.295000	-5.442339e-02
11.300000	-5.459236e-02
11.305000	-5.122342e-02
11.310000	-4.557298e-02
11.315000	-3.899653e-02
11.320000	-3.245749e-02
11.325000	-2.669063e-02
11.330000	-2.213015e-02
11.335000	-1.900593e-02
11.340000	-1.713565e-02
11.345000	-1.634767e-02
11.350000	-1.599398e-02
11.355000	-1.535138e-02
11.360000	-1.384121e-02
11.365000	-1.114762e-02
11.370000	-7.105625e-03
11.375000	-2.041301e-03
11.380000	3.409647e-03
11.385000	8.207270e-03
11.390000	1.184347e-02
11.395000	1.460126e-02
11.400000	1.706943e-02
11.405000	1.978730e-02
11.410000	2.314873e-02
11.415000	2.691258e-02
11.420000	3.065355e-02
11.425000	3.358394e-02
11.430000	3.498187e-02
11.435000	3.481401e-02
11.440000	3.340034e-02
11.445000	3.096607e-02
11.450000	2.761089e-02
11.455000	2.346243e-02
11.460000	1.833331e-02
11.465000	1.222235e-02
11.470000	5.804026e-03
11.475000	3.727490e-04
11.480000	-3.252852e-03
11.485000	-5.443520e-03
11.490000	-6.383323e-03
11.495000	-6.140584e-03
11.500000	-4.385219e-03
11.505000	-6.373858e-04
11.510000	5.453809e-03
11.515000	1.345865e-02
11.520000	2.255336e-02
11.525000	3.130615e-02
11.530000	3.849550e-02
11.535000	4.334511e-02
11.540000	4.575066e-02
11.545000	4.593248e-02
11.550000	4.475656e-02
11.555000	4.321755e-02
11.560000	4.191695e-02
11.565000	4.096603e-02
11.570000	3.975437e-02
11.575000	3.730394e-02
11.580000	3.275290e-02
11.585000	2.573269e-02
11.590000	1.666135e-02
11.595000	6.819629e-03
11.600000	-2.781100e-03
11.605000	-1.142668e-02
11.610000	-1.829083e-02
11.615000	-2.283312e-02
11.620000	-2.500844e-02
11.625000	-2.457590e-02
11.630000	-2.100198e-02
11.635000	-1.411903e-02
11.640000	-4.737556e-03
11.645000	5.643230e-03
11.650000	1.604650e-02
11.655000	2.562826e-02
11.660000	3.311055e-02
11.665000	3.721341e-02
11.670000	3.776871e-02
11.675000	3.567460e-02
11.680000	3.113932e-02
11.685000	2.417016e-02
11.690000	1.509660e-02
11.695000	5.260961e-03
11.700000	-3.700476e-03
11.705000	-1.060300e-02
11.710000	-1.467537e-02
11.715000	-1.622682e-02
11.720000	-1.565859e-02
11.725000	-1.336450e-02
11.730000	-1.005562e-02
11.735000	-6.426271e-03
11.740000	-3.208512e-03
11.745000	-8.090789e-04
11.750000	6.005125e-04
11.755000	1.042759e-03
11.760000	6.182411e-04
11.765000	-6.257347e-04
11.770000	-2.312363e-03
11.775000	-3.942569e-03
11.780000	-5.305684e-03
11.785000	-6.100033e-03
11.790000	-5.937968e-03
11.795000	-4.292469e-03
11.800000	-5.721067e-04
11.805000	5.262471e-03
11.810000	1.264812e-02
11.815000	2.086107e-02
11.820000	2.888322e-02
11.825000	3.556896e-02
11.830000	4.107950e-02
11.835000	4.545517e-02
11.840000	4.797208e-02
11.845000	4.757615e-02
11.850000	4.327209e-02
11.855000	3.410185e-02
11.860000	2.042791e-02
11.865000	4.526090e-03
11.870000	-1.061003e-02
11.875000	-2.221294e-02
11.880000	-2.963618e-02
11.885000	-3.277249e-02
11.890000	-3.333483e-02
11.895000	-3.244839e-02
11.900000	-3.038612e-02
11.905000	-2.693301e-02
11.910000	-2.171571e-02
11.915000	-1.437428e-02
11.920000	-5.218804e-03
11.925000	4.847697e-03
11.930000	1.526127e-02
11.935000	2.487985e-02
11.940000	3.239807e-02
11.945000	3.702914e-02
11.950000	3.854371e-02
11.955000	3.695720e-02
11.960000	3.195633e-02
11.965000	2.338177e-02
11.970000	1.221407e-02
11.975000	-1.849447e-04
11.980000	-1.271971e-02
11.985000	-2.338501e-02
11.990000	-3.021513e-02
11.995000	-3.293123e-02
12.000000	-3.229693e-02
12.005000	-2.857677e-02
12.010000	-2.206532e-02
12.015000	-1.348241e-02
12.020000	-4.164649e-03
12.025000	5.480327e-03
12.030000	1.536457e-02
12.035000	2.410685e-02
12.040000	3.007920e-02
12.045000	3.246874e-02
12.050000	3.111947e-02
12.055000	2.620943e-02
12.060000	1.839115e-02
12.065000	9.423589e-03
12.070000	1.429981e-03
12.075000	-4.317458e-03
12.080000	-7.337606e-03
12.085000	-8.118718e-03
12.090000	-7.514518e-03
12.095000	-5.846640e-03
12.100000	-3.198998e-03
12.105000	3.774316e-04
12.110000	4.725599e-03
12.115000	9.465633e-03
12.120000	1.399264e-02
12.125000	1.766640e-02
12.130000	2.005175e-02
12.135000	2.118649e-02
12.140000	2.122446e-02
12.145000	2.041004e-02
12.150000	1.895058e-02
12.155000	1.688767e-02
12.160000	1.438909e-02
12.165000	1.155219e-02
12.170000	8.355322e-03
12.175000	4.840843e-03
12.180000	1.011050e-03
12.185000	-2.933525e-03
12.190000	-6.567525e-03
12.195000	-9.736683e-03
12.200000	-1.228080e-02
12.205000	-1.415563e-02
12.210000	-1.519465e-02
12.215000	-1.512338e-02
12.220000	-1.362534e-02
12.225000	-1.082094e-02
12.230000	-7.115695e-03
12.235000	-3.421047e-03
12.240000	-7.506560e-04
12.245000	8.515007e-04
12.250000	1.680006e-03
12.255000	1.954992e-03
12.260000	1.674907e-03
12.265000	8.694778e-04
12.270000	-4.454599e-04
12.275000	-2.234920e-03
12.280000	-4.189852e-03
12.285000	-5.704125e-03
12.290000	-6.346541e-03
12.295000	-5.981177e-03
12.300000	-4.657687e-03
12.305000	-2.596368e-03
12.310000	-1.229761e-04
12.315000	2.638451e-03
12.320000	5.706384e-03
12.325000	8.964008e-03
12.330000	1.220057e-02
12.335000	1.494096e-02
12.340000	1.654915e-02
12.345000	1.674905e-02
12.350000	1.566818e-02
12.355000	1.422105e-02
12.360000	1.360875e-02
12.365000	1.435087e-02
12.370000	1.622329e-02
12.375000	1.839161e-02
12.380000	1.999105e-02
12.385000	2.014687e-02
12.390000	1.834144e-02
12.395000	1.471256e-02
12.400000	9.769247e-03
12.405000	3.974391e-03
12.410000	-1.730418e-03
12.415000	-6.470266e-03
12.420000	-9.943270e-03
12.425000	-1.242376e-02
12.430000	-1.386792e-02
12.435000	-1.433187e-02
12.440000	-1.367032e-02
12.445000	-1.173529e-02
12.450000	-8.670188e-03
12.455000	-5.124853e-03
12.460000	-1.823163e-03
12.465000	5.758849e-04
12.470000	1.820528e-03
12.475000	1.892976e-03
12.480000	7.161342e-04
12.485000	-1.371690e-03
12.490000	-3.901673e-03
12.495000	-6.322033e-03
12.500000	-8.101557e-03
12.505000	-8.868124e-03
12.510000	-8.476830e-03
12.515000	-6.905447e-03
12.520000	-4.374955e-03
12.525000	-1.049298e-03
12.530000	2.622921e-03
12.535000	6.076843e-03
12.540000	8.753403e-03
12.545000	1.034182e-02
12.550000	1.076838e-02
12.555000	1.005121e-02
12.560000	8.052487e-03
12.565000	4.700946e-03
12.570000	2.645811e-04
12.575000	-4.622374e-03
12.580000	-9.340620e-03
12.585000	-1.315434e-02
12.590000	-1.557139e-02
12.595000	-1.635207e-02
12.600000	-1.544538e-02
12.605000	-1.327174e-02
12.610000	-1.012048e-02
12.615000	-6.106384e-03
12.620000	-1.402935e-03
12.625000	3.751524e-03
12.630000	9.467503e-03
12.635000	1.532323e-02
12.640000	2.093344e-02
12.645000	2.637996e-02
12.650000	3.140351e-02
12.655000	3.597439e-02
12.660000	4.002005e-02
12.665000	4.337934e-02
12.670000	4.600263e-02
12.675000	4.768335e-02
12.680000	4.835650e-02
12.685000	4.782949e-02
12.690000	4.578125e-02
12.695000	4.192146e-02
12.700000	3.600263e-02
12.705000	2.813895e-02
12.710000	1.915400e-02
12.715000	1.032205e-02
12.720000	1.915451e-03
12.725000	-5.548359e-03
12.730000	-1.140014e-02
12.735000	-1.545629e-02
12.740000	-1.786546e-02
12.745000	-1.841879e-02
12.750000	-1.694433e-02
12.755000	-1.360822e-02
12.760000	-8.779080e-03
12.765000	-2.967466e-03
12.770000	3.418499e-03
12.775000	9.789156e-03
12.780000	1.504358e-02
12.785000	1.903181e-02
12.790000	2.151211e-02
12.795000	2.242259e-02
12.800000	2.174514e-02
12.805000	1.936069e-02
12.810000	1.537028e-02
12.815000	1.053146e-02
12.820000	5.719015e-03
12.825000	1.784772e-03
12.830000	-7.867557e-04
12.835000	-1.937711e-03
12.840000	-1.908862e-03
12.845000	-8.994074e-04
12.850000	6.171443e-04
12.855000	1.935276e-03
12.860000	2.671066e-03
12.865000	2.682002e-03
12.870000	2.014326e-03
12.875000	7.442337e-04
12.880000	-9.976811e-04
12.885000	-3.183298e-03
12.890000	-5.735161e-03
12.895000	-8.306875e-03
12.900000	-1.064572e-02
12.905000	-1.261800e-02
12.910000	-1.401617e-02
12.915000	-1.497200e-02
12.920000	-1.587148e-02
12.925000	-1.719436e-02
12.930000	-1.937083e-02
12.935000	-2.263485e-02
12.940000	-2.660246e-02
12.945000	-3.053551e-02
12.950000	-3.376311e-02
12.955000	-3.596375e-02
12.960000	-3.668071e-02
12.965000	-3.579420e-02
12.970000	-3.345140e-02
12.975000	-2.985328e-02
12.980000	-2.540332e-02
12.985000	-2.068321e-02
12.990000	-1.592625e-02
12.995000	-1.145812e-02
13.000000	-7.694808e-03
13.005000	-4.941180e-03
13.010000	-3.278501e-03
13.015000	-2.665661e-03
13.020000	-2.937622e-03
13.025000	-3.815367e-03
13.030000	-5.106974e-03
13.035000	-6.690150e-03
13.040000	-8.175092e-03
13.045000	-9.211042e-03
13.050000	-9.759194e-03
13.055000	-9.915624e-03
13.060000	-9.923486e-03
13.065000	-1.010268e-02
13.070000	-1.081619e-02
13.075000	-1.225647e-02
13.080000	-1.467902e-02
13.085000	-1.831023e-02
13.090000	-2.306490e-02
13.095000	-2.859186e-02
13.100000	-3.430674e-02
13.105000	-3.936008e-02
13.110000	-4.304683e-02
13.115000	-4.486082e-02
13.120000	-4.464556e-02
13.125000	-4.254290e-02
13.130000	-3.890583e-02
13.135000	-3.384681e-02
13.140000	-2.750732e-02
13.145000	-2.055289e-02
13.150000	-1.372474e-02
13.155000	-7.447853e-03
13.160000	-2.226624e-03
13.165000	1.778978e-03
13.170000	4.704352e-03
13.175000	6.757767e-03
13.180000	8.062919e-03
13.185000	8.635880e-03
13.190000	8.309318e-03
13.195000	6.628437e-03
13.200000	3.297626e-03
13.205000	-1.779278e-03
13.210000	-8.105876e-03
13.215000	-1.476887e-02
13.220000	-2.048537e-02
13.225000	-2.451630e-02
13.230000	-2.680764e-02
13.235000	-2.783861e-02
13.240000	-2.789841e-02
13.245000	-2.721654e-02
13.250000	-2.613713e-02
13.255000	-2.483291e-02
13.260000	-2.343591e-02
13.265000	-2.196832e-02
13.270000	-2.027499e-02
13.275000	-1.837236e-02
13.280000	-1.621574e-02
13.285000	-1.386996e-02
13.290000	-1.166578e-02
13.295000	-9.986076e-03
13.300000	-9.092902e-03
13.305000	-8.971517e-03
13.310000	-9.384551e-03
13.315000	-1.010500e-02
13.320000	-1.087690e-02
13.325000	-1.149999e-02
13.330000	-1.203165e-02
13.335000	-1.243074e-02
13.340000	-1.261580e-02
13.345000	-1.256354e-02
13.350000	-1.254270e-02
13.355000	-1.283405e-02
13.360000	-1.382061e-02
13.365000	-1.565240e-02
13.370000	-1.845354e-02
13.375000	-2.217130e-02
13.380000	-2.637163e-02
13.385000	-3.041523e-02
13.390000	-3.388253e-02
13.395000	-3.649178e-02
13.400000	-3.801241e-02
13.405000	-3.798506e-02
13.410000	-3.626757e-02
13.415000	-3.303669e-02
13.420000	-2.855427e-02
13.425000	-2.335435e-02
13.430000	-1.817943e-02
13.435000	-1.356236e-02
13.440000	-9.577046e-03
13.445000	-6.239629e-03
13.450000	-3.562792e-03
13.455000	-1.590256e-03
13.460000	-2.282961e-05
13.465000	1.513666e-03
13.470000	3.489270e-03
13.475000	6.135054e-03
13.480000	9.436156e-03
13.485000	1.319126e-02
13.490000	1.704555e-02
13.495000	2.069830e-02
13.500000	2.389369e-02
13.505000	2.636916e-02
13.510000	2.804130e-02
13.515000	2.895284e-02
13.520000	2.918707e-02
13.525000	2.871477e-02
13.530000	2.723129e-02
13.535000	2.458717e-02
13.540000	2.115367e-02
13.545000	1.751244e-02
13.550000	1.440274e-02
13.555000	1.225129e-02
13.560000	1.116888e-02
13.565000	1.130914e-02
13.570000	1.243872e-02
13.575000	1.444238e-02
13.580000	1.716116e-02
13.585000	2.020362e-02
13.590000	2.315365e-02
13.595000	2.549607e-02
13.600000	2.681808e-02
13.605000	2.710533e-02
13.610000	2.652817e-02
13.615000	2.540215e-02
13.620000	2.421540e-02
13.625000	2.344470e-02
13.630000	2.346380e-02
13.635000	2.465594e-02
13.640000	2.717456e-02
13.645000	3.059728e-02
13.650000	3.424079e-02
13.655000	3.738045e-02
13.660000	3.940806e-02
13.665000	4.022242e-02
13.670000	4.011124e-02
13.675000	3.944747e-02
13.680000	3.851441e-02
13.685000	3.731823e-02
13.690000	3.574353e-02
13.695000	3.372837e-02
13.700000	3.147977e-02
13.705000	2.924433e-02
13.710000	2.737881e-02
13.715000	2.605893e-02
13.720000	2.532808e-02
13.725000	2.496897e-02
13.730000	2.456116e-02
13.735000	2.402987e-02
13.740000	2.337669e-02
13.745000	2.266307e-02
13.750000	2.222499e-02
13.755000	2.240205e-02
13.760000	2.341666e-02
13.765000	2.483743e-02
13.770000	2.595646e-02
13.775000	2.641001e-02
13.780000	2.638357e-02
13.785000	2.623403e-02
13.790000	2.637640e-02
13.795000	2.644011e-02
13.800000	2.537784e-02
13.805000	2.198096e-02
13.810000	1.567695e-02
13.815000	7.196016e-03
13.820000	-1.724459e-03
13.825000	-9.859239e-03
13.830000	-1.768394e-02
13.835000	-2.506874e-02
13.840000	-3.158608e-02
13.845000	-3.574044e-02
13.850000	-3.661429e-02
13.855000	-3.415066e-02
13.860000	-2.881224e-02
13.865000	-2.125073e-02
13.870000	-1.185277e-02
13.875000	-1.260598e-03
13.880000	9.522126e-03
13.885000	1.920914e-02
13.890000	2.690481e-02
13.895000	3.080596e-02
13.900000	3.107674e-02
13.905000	2.831452e-02
13.910000	2.284545e-02
13.915000	1.552846e-02
13.920000	7.781553e-03
13.925000	1.487119e-03
13.930000	-2.536924e-03
13.935000	-3.937670e-03
13.940000	-3.046825e-03
13.945000	-4.328550e-04
13.950000	3.656217e-03
13.955000	8.915539e-03
13.960000	1.489249e-02
13.965000	2.064101e-02
13.970000	2.524407e-02
13.975000	2.895023e-02
13.980000	3.203141e-02
13.985000	3.486042e-02
13.990000	3.746267e-02
13.995000	3.958071e-02
14.000000	4.120031e-02
14.005000	4.266821e-02
14.010000	4.414661e-02
14.015000	4.542858e-02
14.020000	4.615268e-02
14.025000	4.590889e-02
14.030000	4.420433e-02
14.035000	4.060320e-02
14.040000	3.531540e-02
14.045000	2.912928e-02
14.050000	2.333508e-02
14.055000	1.902769e-02
14.060000	1.637070e-02
14.065000	1.501902e-02
14.070000	1.464047e-02
14.075000	1.512089e-02
14.080000	1.621511e-02
14.085000	1.720894e-02
14.090000	1.716429e-02
14.095000	1.523801e-02
14.100000	1.107600e-02
14.105000	5.022896e-03
14.110000	-2.027301e-03
14.115000	-8.975591e-03
14.120000	-1.470346e-02
14.125000	-1.805057e-02
14.130000	-1.833859e-02
14.135000	-1.486480e-02
14.140000	-8.060979e-03
14.145000	4.941497e-04
14.150000	8.541216e-03
14.155000	1.404240e-02
14.160000	1.644637e-02
14.165000	1.598583e-02
14.170000	1.317536e-02
14.175000	8.416978e-03
14.180000	2.240677e-03
14.185000	-4.835049e-03
14.190000	-1.236890e-02
14.195000	-1.998530e-02
14.200000	-2.738678e-02
14.205000	-3.400792e-02
14.210000	-3.907669e-02
14.215000	-4.228733e-02
14.220000	-4.412764e-02
14.225000	-4.433440e-02
14.230000	-4.249629e-02
14.235000	-3.844773e-02
14.240000	-3.259774e-02
14.245000	-2.633485e-02
14.250000	-2.127460e-02
14.255000	-1.821419e-02
14.260000	-1.706064e-02
14.265000	-1.727985e-02
14.270000	-1.848037e-02
14.275000	-2.066921e-02
14.280000	-2.408123e-02
14.285000	-2.916074e-02
14.290000	-3.578185e-02
14.295000	-4.310678e-02
14.300000	-4.978252e-02
14.305000	-5.436378e-02
14.310000	-5.605529e-02
14.315000	-5.495048e-02
14.320000	-5.134468e-02
14.325000	-4.602467e-02
14.330000	-3.989184e-02
14.335000	-3.339191e-02
14.340000	-2.700024e-02
14.345000	-2.126427e-02
14.350000	-1.695666e-02
14.355000	-1.447820e-02
14.360000	-1.367102e-02
14.365000	-1.415132e-02
14.370000	-1.565459e-02
14.375000	-1.792384e-02
14.380000	-2.059958e-02
14.385000	-2.339388e-02
14.390000	-2.600058e-02
14.395000	-2.800810e-02
14.400000	-2.915395e-02
14.405000	-2.923627e-02
14.410000	-2.846478e-02
14.415000	-2.729642e-02
14.420000	-2.586743e-02
14.425000	-2.393363e-02
14.430000	-2.111317e-02
14.435000	-1.707203e-02
14.440000	-1.208160e-02
14.445000	-7.126946e-03
14.450000	-3.587619e-03
14.455000	-2.473095e-03
14.460000	-3.796595e-03
14.465000	-6.907978e-03
14.470000	-1.067221e-02
14.475000	-1.383736e-02
14.480000	-1.554536e-02
14.485000	-1.590451e-02
14.490000	-1.521115e-02
14.495000	-1.378529e-02
14.500000	-1.201457e-02
14.505000	-1.007036e-02
14.510000	-8.089909e-03
14.515000	-6.177429e-03
14.520000	-4.279955e-03
14.525000	-2.419679e-03
14.530000	-7.203281e-04
14.535000	7.854150e-04
14.540000	2.000738e-03
14.545000	2.791247e-03
14.550000	2.933823e-03
14.555000	2.354075e-03
14.560000	1.002335e-03
14.565000	-1.251783e-03
14.570000	-4.526098e-03
14.575000	-8.538185e-03
14.580000	-1.282740e-02
14.585000	-1.661314e-02
14.590000	-1.933207e-02
14.595000	-2.089307e-02
14.600000	-2.131610e-02
14.605000	-2.071993e-02
14.610000	-1.932774e-02
14.615000	-1.743297e-02
14.620000	-1.543627e-02
14.625000	-1.368760e-02
14.630000	-1.257530e-02
14.635000	-1.228221e-02
14.640000	-1.289374e-02
14.645000	-1.446966e-02
14.650000	-1.713256e-02
14.655000	-2.063678e-02
14.660000	-2.456778e-02
14.665000	-2.844939e-02
14.670000	-3.141858e-02
14.675000	-3.217007e-02
14.680000	-2.945604e-02
14.685000	-2.259196e-02
14.690000	-1.236139e-02
14.695000	-9.241248e-04
14.700000	9.941956e-03
14.705000	1.983977e-02
14.710000	2.684734e-02
14.715000	3.055809e-02
14.720000	3.151142e-02
14.725000	3.080748e-02
14.730000	2.920716e-02
14.735000	2.705723e-02
14.740000	2.465436e-02
14.745000	2.204025e-02
14.750000	1.933518e-02
14.755000	1.678065e-02
14.760000	1.459258e-02
14.765000	1.268578e-02
14.770000	1.115415e-02
14.775000	1.023257e-02
14.780000	9.928056e-03
14.785000	9.888344e-03
14.790000	9.589322e-03
14.795000	8.550518e-03
14.800000	6.651495e-03
14.805000	4.353115e-03
14.810000	2.403421e-03
14.815000	1.529971e-03
14.820000	2.191319e-03
14.825000	4.306722e-03
14.830000	7.583303e-03
14.835000	1.168875e-02
14.840000	1.617470e-02
14.845000	2.053396e-02
14.850000	2.430377e-02
14.855000	2.680692e-02
14.860000	2.763344e-02
14.865000	2.659378e-02
14.870000	2.382215e-02
14.875000	1.978159e-02
14.880000	1.516877e-02
14.885000	1.085997e-02
14.890000	7.766718e-03
14.895000	6.121875e-03
14.900000	5.725633e-03
14.905000	6.528271e-03
14.910000	8.243343e-03
14.915000	1.034294e-02
14.920000	1.217245e-02
14.925000	1.308288e-02
14.930000	1.286976e-02
14.935000	1.150113e-02
14.940000	9.112419e-03
14.945000	6.075278e-03
14.950000	2.751121e-03
14.955000	-4.006573e-04
14.960000	-2.863800e-03
14.965000	-4.401072e-03
14.970000	-4.646151e-03
14.975000	-3.431981e-03
14.980000	-9.012638e-04
14.985000	2.573055e-03
14.990000	6.526687e-03
14.995000	1.031780e-02
15.000000	1.368084e-02
15.005000	1.648597e-02
15.010000	1.866381e-02
15.015000	2.020449e-02
15.020000	2.098352e-02
15.025000	2.079760e-02
15.030000	1.973224e-02
15.035000	1.797482e-02
15.040000	1.590922e-02
15.045000	1.409334e-02
15.050000	1.287821e-02
15.055000	1.268703e-02
15.060000	1.377557e-02
15.065000	1.587966e-02
15.070000	1.868464e-02
15.075000	2.161312e-02
15.080000	2.405810e-02
15.085000	2.555601e-02
15.090000	2.614314e-02
15.095000	2.609421e-02
15.100000	2.564549e-02
15.105000	2.472373e-02
15.110000	2.317247e-02
15.115000	2.069700e-02
15.120000	1.712976e-02
15.125000	1.271263e-02
15.130000	8.175689e-03
15.135000	4.184818e-03
15.140000	9.968046e-04
15.145000	-1.329038e-03
15.150000	-2.855582e-03
15.155000	-3.727928e-03
15.160000	-3.936839e-03
15.165000	-3.469989e-03
15.170000	-2.103495e-03
15.175000	1.877592e-05
15.180000	2.475735e-03
15.185000	4.875498e-03
15.190000	6.850848e-03
15.195000	8.262760e-03
15.200000	9.006598e-03
15.205000	9.215198e-03
15.210000	9.019186e-03
15.215000	8.400213e-03
15.220000	7.377359e-03
15.225000	6.216580e-03
15.230000	5.215068e-03
15.235000	4.613706e-03
15.240000	4.379675e-03
15.245000	4.478978e-03
15.250000	4.953678e-03
15.255000	5.788885e-03
15.260000	6.871164e-03
15.265000	7.992974e-03
15.270000	8.760441e-03
15.275000	8.799719e-03
15.280000	7.698331e-03
15.285000	5.262907e-03
15.290000	1.584356e-03
15.295000	-2.878716e-03
15.300000	-7.487567e-03
15.305000	-1.153660e-02
15.310000	-1.443371e-02
15.315000	-1.599011e-02
15.320000	-1.605032e-02
15.325000	-1.466987e-02
15.330000	-1.223762e-02
15.335000	-9.241942e-03
15.340000	-6.258329e-03
15.345000	-4.040710e-03
15.350000	-2.894593e-03
15.355000	-2.749981e-03
15.360000	-3.621746e-03
15.365000	-5.387605e-03
15.370000	-7.635592e-03
15.375000	-9.992242e-03
15.380000	-1.204822e-02
15.385000	-1.351078e-02
15.390000	-1.411850e-02
15.395000	-1.370276e-02
15.400000	-1.241801e-02
15.405000	-1.051244e-02
15.410000	-8.174600e-03
15.415000	-5.861215e-03
15.420000	-3.886961e-03
15.425000	-2.349316e-03
15.430000	-1.181865e-03
15.435000	-2.846342e-04
15.440000	3.617953e-04
15.445000	6.259777e-04
15.450000	5.420256e-04
15.455000	1.520290e-04
15.460000	-5.522024e-04
15.465000	-1.354421e-03
15.470000	-2.050707e-03
15.475000	-2.409651e-03
15.480000	-2.243637e-03
15.485000	-1.482361e-03
15.490000	-2.317718e-04
15.495000	1.464162e-03
15.500000	3.582190e-03
15.505000	5.863693e-03
15.510000	8.153950e-03
15.515000	1.030467e-02
15.520000	1.195341e-02
15.525000	1.306379e-02
15.530000	1.384616e-02
15.535000	1.426467e-02
15.540000	1.443237e-02
15.545000	1.441322e-02
15.550000	1.421525e-02
15.555000	1.377532e-02
15.560000	1.311458e-02
15.565000	1.225047e-02
15.570000	1.121815e-02
15.575000	9.823808e-03
15.580000	7.927605e-03
15.585000	5.401514e-03
15.590000	2.197548e-03
15.595000	-1.575859e-03
15.600000	-5.583297e-03
15.605000	-9.551501e-03
15.610000	-1.306519e-02
15.615000	-1.595115e-02
15.620000	-1.797809e-02
15.625000	-1.888236e-02
15.630000	-1.849432e-02
15.635000	-1.680357e-02
15.640000	-1.412165e-02
15.645000	-1.098237e-02
15.650000	-7.709836e-03
15.655000	-4.475406e-03
15.660000	-1.197846e-03
15.665000	2.386886e-03
15.670000	6.317697e-03
15.675000	1.039170e-02
15.680000	1.443260e-02
15.685000	1.804201e-02
15.690000	2.084746e-02
15.695000	2.253783e-02
15.700000	2.280804e-02
15.705000	2.135572e-02
15.710000	1.792443e-02
15.715000	1.267374e-02
15.720000	6.291602e-03
15.725000	-6.157903e-06
15.730000	-5.157605e-03
15.735000	-8.824835e-03
15.740000	-1.129974e-02
15.745000	-1.296693e-02
15.750000	-1.399843e-02
15.755000	-1.469289e-02
15.760000	-1.514894e-02
15.765000	-1.535766e-02
15.770000	-1.528052e-02
15.775000	-1.499731e-02
15.780000	-1.464132e-02
15.785000	-1.418288e-02
15.790000	-1.353441e-02
15.795000	-1.262944e-02
15.800000	-1.151218e-02
15.805000	-1.025621e-02
15.810000	-8.997161e-03
15.815000	-7.790310e-03
15.820000	-6.625389e-03
15.825000	-5.357202e-03
15.830000	-3.989712e-03
15.835000	-2.586654e-03
15.840000	-1.358356e-03
15.845000	-7.520313e-04
15.850000	-1.083741e-03
15.855000	-2.447106e-03
15.860000	-4.981281e-03
15.865000	-8.645725e-03
15.870000	-1.299897e-02
15.875000	-1.774347e-02
15.880000	-2.257477e-02
15.885000	-2.690814e-02
15.890000	-3.045160e-02
15.895000	-3.283463e-02
15.900000	-3.387052e-02
15.905000	-3.364452e-02
15.910000	-3.207503e-02
15.915000	-2.928056e-02
15.920000	-2.561455e-02
15.925000	-2.137021e-02
15.930000	-1.720920e-02
15.935000	-1.371628e-02
15.940000	-1.130805e-02
15.945000	-1.021087e-02
15.950000	-1.032193e-02
15.955000	-1.143423e-02
15.960000	-1.298121e-02
15.965000	-1.424687e-02
15.970000	-1.483523e-02
15.975000	-1.459918e-02
15.980000	-1.354246e-02
15.985000	-1.196348e-02
15.990000	-1.028016e-02
15.995000	-8.743444e-03
16.000000	-7.644119e-03
16.005000	-7.220605e-03
16.010000	-7.451487e-03
16.015000	-8.260375e-03
16.020000	-9.709667e-03
16.025000	-1.156828e-02
16.030000	-1.351251e-02
16.035000	-1.541487e-02
16.040000	-1.740870e-02
16.045000	-1.929917e-02
16.050000	-2.079625e-02
16.055000	-2.175684e-02
16.060000	-2.209815e-02
16.065000	-2.182905e-02
16.070000	-2.116233e-02
16.075000	-2.033852e-02
16.080000	-1.959122e-02
16.085000	-1.901069e-02
16.090000	-1.850320e-02
16.095000	-1.792861e-02
16.100000	-1.742432e-02
16.105000	-1.704182e-02
16.110000	-1.698654e-02
16.115000	-1.725309e-02
16.120000	-1.766380e-02
16.125000	-1.799408e-02
16.130000	-1.787079e-02
16.135000	-1.718304e-02
16.140000	-1.608733e-02
16.145000	-1.491583e-02
16.150000	-1.392565e-02
16.155000	-1.325959e-02
16.160000	-1.283380e-02
16.165000	-1.237815e-02
16.170000	-1.157286e-02
16.175000	-1.053820e-02
16.180000	-9.569203e-03
16.185000	-8.982495e-03
16.190000	-8.923340e-03
16.195000	-9.285781e-03
16.200000	-9.867575e-03
16.205000	-1.032063e-02
16.210000	-1.058709e-02
16.215000	-1.085541e-02
16.220000	-1.126694e-02
16.225000	-1.165690e-02
16.230000	-1.168153e-02
16.235000	-1.127720e-02
16.240000	-1.028597e-02
16.245000	-8.620328e-03
16.250000	-6.152903e-03
16.255000	-3.033884e-03
16.260000	5.536130e-04
16.265000	4.228328e-03
16.270000	7.546112e-03
16.275000	1.026783e-02
16.280000	1.231655e-02
16.285000	1.374610e-02
16.290000	1.485635e-02
16.295000	1.578814e-02
16.300000	1.661861e-02
16.305000	1.730968e-02
16.310000	1.788912e-02
16.315000	1.839150e-02
16.320000	1.900773e-02
16.325000	1.989255e-02
16.330000	2.102632e-02
16.335000	2.229531e-02
16.340000	2.341663e-02
16.345000	2.408827e-02
16.350000	2.395601e-02
16.355000	2.254389e-02
16.360000	1.968312e-02
16.365000	1.561871e-02
16.370000	1.093667e-02
16.375000	6.352235e-03
16.380000	2.694258e-03
16.385000	1.120989e-04
16.390000	-1.451811e-03
16.395000	-2.112059e-03
16.400000	-2.083659e-03
16.405000	-1.321236e-03
16.410000	1.236543e-04
16.415000	2.089554e-03
16.420000	4.214017e-03
16.425000	5.994715e-03
16.430000	7.249965e-03
16.435000	8.022530e-03
16.440000	8.600862e-03
16.445000	9.524498e-03
16.450000	1.088244e-02
16.455000	1.235654e-02
16.460000	1.348589e-02
16.465000	1.381239e-02
16.470000	1.315770e-02
16.475000	1.175314e-02
16.480000	1.002781e-02
16.485000	8.442562e-03
16.490000	7.107825e-03
16.495000	5.972047e-03
16.500000	4.999551e-03
16.505000	4.286565e-03
16.510000	4.393495e-03
16.515000	6.020284e-03
16.520000	9.541714e-03
16.525000	1.453753e-02
16.530000	1.991658e-02
16.535000	2.418044e-02
16.540000	2.650970e-02
16.545000	2.720170e-02
16.550000	2.663107e-02
16.555000	2.487368e-02
16.560000	2.193867e-02
16.565000	1.781557e-02
16.570000	1.257874e-02
16.575000	6.885339e-03
16.580000	1.736295e-03
16.585000	-2.172075e-03
16.590000	-4.572062e-03
16.595000	-5.490930e-03
16.600000	-5.141571e-03
16.605000	-3.662175e-03
16.610000	-1.045616e-03
16.615000	2.471715e-03
16.620000	6.762923e-03
16.625000	1.138273e-02
16.630000	1.557086e-02
16.635000	1.886690e-02
16.640000	2.103554e-02
16.645000	2.190194e-02
16.650000	2.146996e-02
16.655000	1.993880e-02
16.660000	1.765623e-02
16.665000	1.510754e-02
16.670000	1.257322e-02
16.675000	1.009079e-02
16.680000	7.647210e-03
16.685000	5.324913e-03
16.690000	3.251136e-03
16.695000	1.514997e-03
16.700000	1.328656e-04
16.705000	-8.236819e-04
16.710000	-1.262858e-03
16.715000	-1.045774e-03
16.720000	-1.293754e-04
16.725000	1.490036e-03
16.730000	3.650986e-03
16.735000	6.037468e-03
16.740000	8.177960e-03
16.745000	9.606471e-03
16.750000	1.010958e-02
16.755000	9.679311e-03
16.760000	8.478662e-03
16.765000	6.786237e-03
16.770000	4.674015e-03
16.775000	2.458108e-03
16.780000	6.198913e-04
16.785000	-6.451779e-04
16.790000	-1.408546e-03
16.795000	-1.677166e-03
16.800000	-1.521765e-03
16.805000	-8.302181e-04
16.810000	1.500391e-04
16.815000	1.361832e-03
16.820000	2.643022e-03
16.825000	3.571848e-03
16.830000	3.797581e-03
16.835000	3.222413e-03
16.840000	2.019080e-03
16.845000	5.189361e-04
16.850000	-1.142932e-03
16.855000	-2.857531e-03
16.860000	-4.479469e-03
16.865000	-5.941855e-03
16.870000	-7.139040e-03
16.875000	-7.886307e-03
16.880000	-8.028444e-03
16.885000	-7.418746e-03
16.890000	-5.970006e-03
16.895000	-3.762982e-03
16.900000	-1.099123e-03
16.905000	1.818289e-03
16.910000	4.677729e-03
16.915000	7.212502e-03
16.920000	9.165264e-03
16.925000	1.024091e-02
16.930000	1.006039e-02
16.935000	8.632358e-03
16.940000	6.384835e-03
16.945000	3.933633e-03
16.950000	1.653676e-03
16.955000	-6.892285e-05
16.960000	-1.099779e-03
16.965000	-1.552951e-03
16.970000	-1.579401e-03
16.975000	-1.225207e-03
16.980000	-4.234959e-04
16.985000	1.013347e-03
16.990000	2.938375e-03
16.995000	5.076958e-03
17.000000	6.930958e-03
17.005000	8.137668e-03
17.010000	8.230001e-03
17.015000	7.143600e-03
17.020000	5.096972e-03
17.025000	2.265928e-03
17.030000	-1.143199e-03
17.035000	-4.941584e-03
17.040000	-8.590668e-03
17.045000	-1.138801e-02
17.050000	-1.312117e-02
17.055000	-1.380447e-02
17.060000	-1.344837e-02
17.065000	-1.219760e-02
17.070000	-1.035327e-02
17.075000	-8.335535e-03
17.080000	-6.414803e-03
17.085000	-4.719106e-03
17.090000	-3.678516e-03
17.095000	-3.430114e-03
17.100000	-3.926862e-03
17.105000	-5.148886e-03
17.110000	-6.948375e-03
17.115000	-8.892732e-03
17.120000	-1.061935e-02
17.125000	-1.175196e-02
17.130000	-1.215648e-02
17.135000	-1.179544e-02
17.140000	-1.075835e-02
17.145000	-9.320716e-03
17.150000	-7.851063e-03
17.155000	-6.594299e-03
17.160000	-5.816575e-03
17.165000	-5.744473e-03
17.170000	-6.314893e-03
17.175000	-7.337204e-03
17.180000	-8.600886e-03
17.185000	-9.796505e-03
17.190000	-1.068230e-02
17.195000	-1.100572e-02
17.200000	-1.078944e-02
17.205000	-1.017321e-02
17.210000	-9.254084e-03
17.215000	-7.972739e-03
17.220000	-6.188217e-03
17.225000	-3.966122e-03
17.230000	-1.629715e-03
17.235000	3.274910e-04
17.240000	1.584264e-03
17.245000	1.958651e-03
17.250000	1.536224e-03
17.255000	4.165598e-04
17.260000	-1.312738e-03
17.265000	-3.690212e-03
17.270000	-6.607310e-03
17.275000	-9.731429e-03
17.280000	-1.263160e-02
17.285000	-1.496243e-02
17.290000	-1.643492e-02
17.295000	-1.696211e-02
17.300000	-1.657766e-02
17.305000	-1.557898e-02
17.310000	-1.415183e-02
17.315000	-1.227875e-02
17.320000	-1.002923e-02
17.325000	-7.504343e-03
17.330000	-4.962697e-03
17.335000	-2.902315e-03
17.340000	-1.581167e-03
17.345000	-1.271644e-03
17.350000	-1.892786e-03
17.355000	-3.109411e-03
17.360000	-4.645402e-03
17.365000	-6.269703e-03
17.370000	-7.842273e-03
17.375000	-9.160952e-03
17.380000	-1.004735e-02
17.385000	-1.039075e-02
17.390000	-1.002353e-02
17.395000	-8.954447e-03
17.400000	-7.501595e-03
17.405000	-5.913877e-03
17.410000	-4.390779e-03
17.415000	-3.027510e-03
17.420000	-1.864748e-03
17.425000	-1.101251e-03
17.430000	-9.391143e-04
17.435000	-1.391258e-03
17.440000	-2.367977e-03
17.445000	-3.636783e-03
17.450000	-4.797617e-03
17.455000	-5.529855e-03
17.460000	-5.560498e-03
17.465000	-4.767133e-03
17.470000	-3.262613e-03
17.475000	-1.246155e-03
17.480000	1.138657e-03
17.485000	3.691867e-03
17.490000	6.146304e-03
17.495000	8.186765e-03
17.500000	9.591328e-03
17.505000	1.027571e-02
17.510000	1.020035e-02
17.515000	9.597710e-03
17.520000	8.779672e-03
17.525000	7.860924e-03
17.530000	6.946443e-03
17.535000	6.006942e-03
17.540000	5.085953e-03
17.545000	4.212564e-03
17.550000	3.428839e-03
17.555000	2.779021e-03
17.560000	2.270036e-03
17.565000	1.708613e-03
17.570000	8.756931e-04
17.575000	-2.680000e-04
17.580000	-1.507187e-03
17.585000	-2.406357e-03
17.590000	-2.600843e-03
17.595000	-2.115093e-03
17.600000	-1.171390e-03
17.605000	-1.317741e-06
17.610000	1.269699e-03
17.615000	2.858589e-03
17.620000	4.822722e-03
17.625000	7.011410e-03
17.630000	9.120863e-03
17.635000	1.090808e-02
17.640000	1.210448e-02
17.645000	1.252573e-02
17.650000	1.236017e-02
17.655000	1.193062e-02
17.660000	1.174821e-02
17.665000	1.212409e-02
17.670000	1.312244e-02
17.675000	1.467846e-02
17.680000	1.665734e-02
17.685000	1.894884e-02
17.690000	2.127802e-02
17.695000	2.340752e-02
17.700000	2.524304e-02
17.705000	2.649108e-02
17.710000	2.687307e-02
17.715000	2.619175e-02
17.720000	2.431409e-02
17.725000	2.134431e-02
17.730000	1.768639e-02
17.735000	1.380055e-02
17.740000	1.024758e-02
17.745000	7.257695e-03
17.750000	4.739438e-03
17.755000	2.620621e-03
17.760000	9.100769e-04
17.765000	-4.017435e-04
17.770000	-1.240894e-03
17.775000	-1.476860e-03
17.780000	-9.719435e-04
17.785000	1.116691e-04
17.790000	1.512630e-03
17.795000	2.880200e-03
17.800000	3.882534e-03
17.805000	4.104413e-03
17.810000	3.244503e-03
17.815000	1.363278e-03
17.820000	-1.303985e-03
17.825000	-4.308417e-03
17.830000	-6.979554e-03
17.835000	-8.917198e-03
17.840000	-9.853981e-03
17.845000	-9.571917e-03
17.850000	-8.141808e-03
17.855000	-5.894294e-03
17.860000	-3.041695e-03
17.865000	7.779792e-05
17.870000	3.148229e-03
17.875000	5.950421e-03
17.880000	8.163972e-03
17.885000	9.683345e-03
17.890000	1.057478e-02
17.895000	1.085948e-02
17.900000	1.053918e-02
17.905000	9.727246e-03
17.910000	8.526241e-03
17.915000	7.086271e-03
17.920000	5.532883e-03
17.925000	3.913217e-03
17.930000	2.161929e-03
17.935000	2.132700e-04
17.940000	-1.725914e-03
17.945000	-3.329241e-03
17.950000	-4.354111e-03
17.955000	-4.747813e-03
17.960000	-4.631433e-03
17.965000	-4.349236e-03
17.970000	-4.127716e-03
17.975000	-4.253886e-03
17.980000	-4.778487e-03
17.985000	-5.611216e-03
17.990000	-6.546850e-03
17.995000	-7.340776e-03
18.000000	-7.947510e-03
18.005000	-8.471636e-03
18.010000	-8.920436e-03
18.015000	-9.223257e-03
18.020000	-9.398854e-03
18.025000	-9.458192e-03
18.030000	-9.303588e-03
18.035000	-9.057263e-03
18.040000	-8.845985e-03
18.045000	-8.633576e-03
18.050000	-8.294967e-03
18.055000	-7.492876e-03
18.060000	-6.013422e-03
18.065000	-3.933516e-03
18.070000	-1.392802e-03
18.075000	1.278832e-03
18.080000	3.930985e-03
18.085000	6.381146e-03
18.090000	8.402553e-03
18.095000	9.771365e-03
18.100000	1.045332e-02
18.105000	1.025230e-02
18.110000	9.296763e-03
18.115000	7.918215e-03
18.120000	6.151256e-03
18.125000	4.144662e-03
18.130000	2.118738e-03
18.135000	1.541121e-04
18.140000	-1.554887e-03
18.145000	-2.786452e-03
18.150000	-3.224471e-03
18.155000	-2.538482e-03
18.160000	-7.603054e-04
18.165000	1.704024e-03
18.170000	4.493533e-03
18.175000	7.246358e-03
18.180000	9.780429e-03
18.185000	1.194245e-02
18.190000	1.365662e-02
18.195000	1.470601e-02
18.200000	1.514483e-02
18.205000	1.504111e-02
18.210000	1.459954e-02
18.215000	1.411318e-02
18.220000	1.365361e-02
18.225000	1.323808e-02
18.230000	1.263428e-02
18.235000	1.168059e-02
18.240000	1.036255e-02
18.245000	8.833328e-03
18.250000	7.365461e-03
18.255000	6.206801e-03
18.260000	5.415549e-03
18.265000	4.888413e-03
18.270000	4.432956e-03
18.275000	3.967636e-03
18.280000	3.579750e-03
18.285000	3.209038e-03
18.290000	3.064271e-03
18.295000	3.106241e-03
18.300000	3.190280e-03
18.305000	3.280644e-03
18.310000	3.535438e-03
18.315000	4.070262e-03
18.320000	4.632981e-03
18.325000	5.250747e-03
18.330000	5.848257e-03
18.335000	6.481854e-03
18.340000	7.053026e-03
18.345000	7.599826e-03
18.350000	8.230596e-03
18.355000	8.910838e-03
18.360000	9.579091e-03
18.365000	1.021590e-02
18.370000	1.084797e-02
18.375000	1.135573e-02
18.380000	1.164065e-02
18.385000	1.146019e-02
18.390000	1.060807e-02
18.395000	9.060907e-03
18.400000	6.940156e-03
18.405000	4.391031e-03
18.410000	1.790228e-03
18.415000	-6.255040e-04
18.420000	-2.649018e-03
18.425000	-4.080529e-03
18.430000	-4.783928e-03
18.435000	-4.698278e-03
18.440000	-3.876037e-03
18.445000	-2.741236e-03
18.450000	-1.458464e-03
18.455000	-2.183831e-04
18.460000	8.381211e-04
18.465000	1.713394e-03
18.470000	2.370190e-03
18.475000	2.864796e-03
18.480000	3.179416e-03
18.485000	3.153456e-03
18.490000	2.770084e-03
18.495000	1.918721e-03
18.500000	6.364548e-04
18.505000	-1.024527e-03
18.510000	-2.985995e-03
18.515000	-4.878708e-03
18.520000	-6.520101e-03
18.525000	-8.095382e-03
18.530000	-9.632538e-03
18.535000	-1.094593e-02
18.540000	-1.176757e-02
18.545000	-1.200138e-02
18.550000	-1.158337e-02
18.555000	-1.065921e-02
18.560000	-9.484621e-03
18.565000	-8.215982e-03
18.570000	-6.934794e-03
18.575000	-5.590597e-03
18.580000	-4.079972e-03
18.585000	-2.412621e-03
18.590000	-7.192754e-04
18.595000	9.382206e-04
18.600000	2.366558e-03
18.605000	3.502568e-03
18.610000	4.496730e-03
18.615000	5.316907e-03
18.620000	5.870946e-03
18.625000	6.021791e-03
18.630000	5.684326e-03
18.635000	4.928710e-03
18.640000	3.694548e-03
18.645000	2.067677e-03
18.650000	4.941650e-04
18.655000	-8.732730e-04
18.660000	-1.867674e-03
18.665000	-2.431919e-03
18.670000	-2.553996e-03
18.675000	-2.179860e-03
18.680000	-1.229985e-03
18.685000	5.813271e-05
18.690000	1.415832e-03
18.695000	2.506843e-03
18.700000	3.032512e-03
18.705000	2.969721e-03
18.710000	2.542359e-03
18.715000	1.928266e-03
18.720000	1.251486e-03
18.725000	5.616036e-04
18.730000	-9.616658e-05
18.735000	-7.339390e-04
18.740000	-1.301785e-03
18.745000	-1.702279e-03
18.750000	-1.640515e-03
18.755000	-9.718260e-04
18.760000	1.117302e-04
18.765000	1.284613e-03
18.770000	2.395275e-03
18.775000	3.386496e-03
18.780000	4.249700e-03
18.785000	4.845582e-03
18.790000	5.079606e-03
18.795000	4.782136e-03
18.800000	3.869154e-03
18.805000	2.216157e-03
18.810000	-4.041921e-04
18.815000	-3.737696e-03
18.820000	-7.237713e-03
18.825000	-1.012916e-02
18.830000	-1.197675e-02
18.835000	-1.268429e-02
18.840000	-1.243395e-02
18.845000	-1.147405e-02
18.850000	-1.006555e-02
18.855000	-8.286527e-03
18.860000	-6.258344e-03
18.865000	-3.825409e-03
18.870000	-9.779731e-04
18.875000	2.177177e-03
18.880000	5.392922e-03
18.885000	8.256854e-03
18.890000	1.046441e-02
18.895000	1.177945e-02
18.900000	1.209138e-02
18.905000	1.134740e-02
18.910000	9.608465e-03
18.915000	6.976941e-03
18.920000	3.504004e-03
18.925000	-4.463999e-04
18.930000	-4.432525e-03
18.935000	-7.991102e-03
18.940000	-1.071460e-02
18.945000	-1.236088e-02
18.950000	-1.301078e-02
18.955000	-1.300010e-02
18.960000	-1.261256e-02
18.965000	-1.213862e-02
18.970000	-1.154948e-02
18.975000	-1.084393e-02
18.980000	-9.921808e-03
18.985000	-8.970526e-03
18.990000	-8.009894e-03
18.995000	-7.086204e-03
19.000000	-6.572015e-03
19.005000	-6.803434e-03
19.010000	-8.091867e-03
19.015000	-1.043340e-02
19.020000	-1.350073e-02
19.025000	-1.653573e-02
19.030000	-1.859220e-02
19.035000	-1.921333e-02
19.040000	-1.815351e-02
19.045000	-1.554514e-02
19.050000	-1.189551e-02
19.055000	-8.041549e-03
19.060000	-4.816474e-03
19.065000	-2.510523e-03
19.070000	-9.892296e-04
19.075000	7.774084e-05
19.080000	8.795805e-04
19.085000	1.299664e-03
19.090000	1.157291e-03
19.095000	1.238823e-04
19.100000	-2.142489e-03
19.105000	-5.402283e-03
19.110000	-8.962479e-03
19.115000	-1.221122e-02
19.120000	-1.485352e-02
19.125000	-1.670751e-02
19.130000	-1.755089e-02
19.135000	-1.733539e-02
19.140000	-1.622045e-02
19.145000	-1.440798e-02
19.150000	-1.191943e-02
19.155000	-9.050945e-03
19.160000	-6.065799e-03
19.165000	-3.381654e-03
19.170000	-1.655050e-03
19.175000	-1.244959e-03
19.180000	-2.152324e-03
19.185000	-4.328641e-03
19.190000	-7.287252e-03
19.195000	-1.032178e-02
19.200000	-1.285936e-02
19.205000	-1.465325e-02
19.210000	-1.591417e-02
19.215000	-1.675985e-02
19.220000	-1.678428e-02
19.225000	-1.555081e-02
19.230000	-1.310557e-02
19.235000	-9.961164e-03
19.240000	-7.009731e-03
19.245000	-5.010636e-03
19.250000	-3.846400e-03
19.255000	-2.953763e-03
19.260000	-1.865480e-03
19.265000	-3.267700e-04
19.270000	1.549864e-03
19.275000	3.649073e-03
19.280000	5.726112e-03
19.285000	7.492786e-03
19.290000	8.953104e-03
19.295000	1.015081e-02
19.300000	1.127271e-02
19.305000	1.280004e-02
19.310000	1.480221e-02
19.315000	1.663963e-02
19.320000	1.759881e-02
19.325000	1.732957e-02
19.330000	1.605740e-02
19.335000	1.435591e-02
19.340000	1.271636e-02
19.345000	1.151531e-02
19.350000	1.102800e-02
19.355000	1.096421e-02
19.360000	1.100936e-02
19.365000	1.103305e-02
19.370000	1.107171e-02
19.375000	1.135618e-02
19.380000	1.194486e-02
19.385000	1.264538e-02
19.390000	1.333663e-02
19.395000	1.390357e-02
19.400000	1.428083e-02
19.405000	1.458790e-02
19.410000	1.491905e-02
19.415000	1.537776e-02
19.420000	1.586556e-02
19.425000	1.629682e-02
19.430000	1.663384e-02
19.435000	1.678007e-02
19.440000	1.647638e-02
19.445000	1.548316e-02
19.450000	1.403171e-02
19.455000	1.258151e-02
19.460000	1.167862e-02
19.465000	1.168127e-02
19.470000	1.260741e-02
19.475000	1.417612e-02
19.480000	1.609289e-02
19.485000	1.810510e-02
19.490000	1.988544e-02
19.495000	2.114674e-02
19.500000	2.159185e-02
19.505000	2.119146e-02
19.510000	1.992704e-02
19.515000	1.776133e-02
19.520000	1.464507e-02
19.525000	1.084937e-02
19.530000	6.949167e-03
19.535000	3.304807e-03
19.540000	3.483321e-05
19.545000	-2.552875e-03
19.550000	-4.123429e-03
19.555000	-4.673947e-03
19.560000	-4.500186e-03
19.565000	-3.991444e-03
19.570000	-3.356116e-03
19.575000	-2.719323e-03
19.580000	-1.952023e-03
19.585000	-8.553661e-04
19.590000	7.988928e-04
19.595000	3.183136e-03
19.600000	6.093002e-03
19.605000	9.109384e-03
19.610000	1.174580e-02
19.615000	1.340249e-02
19.620000	1.394569e-02
19.625000	1.350304e-02
19.630000	1.229124e-02
19.635000	1.053989e-02
19.640000	8.322243e-03
19.645000	5.785783e-03
19.650000	3.057752e-03
19.655000	4.231256e-04
19.660000	-1.759932e-03
19.665000	-3.416316e-03
19.670000	-4.331403e-03
19.675000	-4.237226e-03
19.680000	-3.331628e-03
19.685000	-2.081540e-03
19.690000	-7.373801e-04
19.695000	4.017667e-04
19.700000	1.034344e-03
19.705000	9.431397e-04
19.710000	8.591713e-05
19.715000	-1.590590e-03
19.720000	-3.930779e-03
19.725000	-6.593371e-03
19.730000	-9.157131e-03
19.735000	-1.148556e-02
19.740000	-1.330757e-02
19.745000	-1.416828e-02
19.750000	-1.379507e-02
19.755000	-1.219888e-02
19.760000	-9.672832e-03
19.765000	-6.495394e-03
19.770000	-2.932963e-03
19.775000	8.586003e-04
19.780000	4.627748e-03
19.785000	8.453858e-03
19.790000	1.210581e-02
19.795000	1.530230e-02
19.800000	1.784546e-02
19.805000	1.947709e-02
19.810000	1.990100e-02
19.815000	1.861563e-02
19.820000	1.529399e-02
19.825000	1.021627e-02
19.830000	4.464201e-03
19.835000	-6.720497e-04
19.840000	-4.302675e-03
19.845000	-6.270692e-03
19.850000	-6.898710e-03
19.855000	-6.691473e-03
19.860000	-5.952717e-03
19.865000	-4.701989e-03
19.870000	-3.225236e-03
19.875000	-1.935000e-03
19.880000	-1.142644e-03
19.885000	-9.249950e-04
19.890000	-1.162685e-03
19.895000	-1.697876e-03
19.900000	-2.316562e-03
19.905000	-2.872730e-03
19.910000	-3.339644e-03
19.915000	-3.963721e-03
19.920000	-4.911530e-03
19.925000	-6.039546e-03
19.930000	-7.159760e-03
19.935000	-8.238450e-03
19.940000	-9.122954e-03
19.945000	-9.610906e-03
19.950000	-9.709402e-03
19.955000	-9.459389e-03
19.960000	-9.065500e-03
19.965000	-8.593067e-03
19.970000	-7.805254e-03
19.975000	-6.632900e-03
19.980000	-5.019143e-03
19.985000	-3.052179e-03
19.990000	-1.037463e-03
19.995000	4.125317e-04
20.000000	9.104436e-04
20.005000	3.531929e-04
20.010000	-1.363439e-03
20.015000	-4.308965e-03
20.020000	-8.152623e-03
20.025000	-1.245326e-02
20.030000	-1.676060e-02
20.035000	-2.043174e-02
20.040000	-2.288862e-02
20.045000	-2.371098e-02
20.050000	-2.279289e-02
20.055000	-2.019827e-02
20.060000	-1.617524e-02
20.065000	-1.130930e-02
20.070000	-6.189665e-03
20.075000	-1.507856e-03
20.080000	1.934824e-03
20.085000	3.842497e-03
20.090000	4.139653e-03
20.095000	2.995421e-03
20.100000	7.386110e-04
20.105000	-2.429617e-03
20.110000	-6.530695e-03
20.115000	-1.142215e-02
20.120000	-1.661893e-02
20.125000	-2.114933e-02
20.130000	-2.436938e-02
20.135000	-2.629385e-02
20.140000	-2.695224e-02
20.145000	-2.652488e-02
20.150000	-2.530685e-02
20.155000	-2.338318e-02
20.160000	-2.099083e-02
20.165000	-1.833954e-02
20.170000	-1.584715e-02
20.175000	-1.402583e-02
20.180000	-1.308585e-02
20.185000	-1.315531e-02
20.190000	-1.425427e-02
20.195000	-1.630155e-02
20.200000	-1.886105e-02
20.205000	-2.156187e-02
20.210000	-2.411787e-02
20.215000	-2.610930e-02
20.220000	-2.734938e-02
20.225000	-2.764530e-02
20.230000	-2.683001e-02
20.235000	-2.517674e-02
20.240000	-2.313347e-02
20.245000	-2.113183e-02
20.250000	-1.949018e-02
20.255000	-1.853224e-02
20.260000	-1.824914e-02
20.265000	-1.838128e-02
20.270000	-1.875382e-02
20.275000	-1.919238e-02
20.280000	-1.952938e-02
20.285000	-1.959273e-02
20.290000	-1.936457e-02
20.295000	-1.875133e-02
20.300000	-1.769696e-02
20.305000	-1.643888e-02
20.310000	-1.523243e-02
20.315000	-1.420300e-02
20.320000	-1.345655e-02
20.325000	-1.304915e-02
20.330000	-1.299403e-02
20.335000	-1.312686e-02
20.340000	-1.325727e-02
20.345000	-1.317353e-02
20.350000	-1.287661e-02
20.355000	-1.264231e-02
20.360000	-1.263384e-02
20.365000	-1.304032e-02
20.370000	-1.377823e-02
20.375000	-1.470267e-02
20.380000	-1.558088e-02
20.385000	-1.613724e-02
20.390000	-1.637014e-02
20.395000	-1.641009e-02
20.400000	-1.638182e-02
20.405000	-1.642387e-02
20.410000	-1.638580e-02
20.415000	-1.629633e-02
20.420000	-1.604123e-02
20.425000	-1.550816e-02
20.430000	-1.470004e-02
20.435000	-1.371641e-02
20.440000	-1.257674e-02
20.445000	-1.130955e-02
20.450000	-9.844079e-03
20.455000	-8.229872e-03
20.460000	-6.617084e-03
20.465000	-5.069403e-03
20.470000	-3.561275e-03
20.475000	-2.232699e-03
20.480000	-1.066507e-03
20.485000	7.351626e-05
20.490000	1.540693e-03
20.495000	3.380718e-03
20.500000	5.473144e-03
20.505000	7.642500e-03
20.510000	9.489099e-03
20.515000	1.093396e-02
20.520000	1.204053e-02
20.525000	1.302235e-02
20.530000	1.396343e-02
20.535000	1.491963e-02
20.540000	1.590128e-02
20.545000	1.658920e-02
20.550000	1.668839e-02
20.555000	1.609332e-02
20.560000	1.475002e-02
20.565000	1.278250e-02
20.570000	1.049338e-02
20.575000	8.283342e-03
20.580000	6.350126e-03
20.585000	4.822838e-03
20.590000	3.705352e-03
20.595000	2.804666e-03
20.600000	2.136359e-03
20.605000	1.763553e-03
20.610000	1.710221e-03
20.615000	1.866918e-03
20.620000	2.127650e-03
20.625000	2.373057e-03
20.630000	2.582372e-03
20.635000	3.102074e-03
20.640000	4.020247e-03
20.645000	5.112496e-03
20.650000	6.221176e-03
20.655000	7.117016e-03
20.660000	7.737427e-03
20.665000	8.149333e-03
20.670000	8.324842e-03
20.675000	8.286797e-03
20.680000	8.154256e-03
20.685000	7.771065e-03
20.690000	6.865481e-03
20.695000	5.758301e-03
20.700000	4.649546e-03
20.705000	3.627102e-03
20.710000	2.745169e-03
20.715000	1.994220e-03
20.720000	1.362298e-03
20.725000	8.205936e-04
20.730000	3.953242e-04
20.735000	1.714414e-04
20.740000	2.095186e-04
20.745000	2.678813e-04
20.750000	1.921559e-04
20.755000	-1.557904e-04
20.760000	-7.926510e-04
20.765000	-1.514675e-03
20.770000	-2.062496e-03
20.775000	-2.186910e-03
20.780000	-1.823517e-03
20.785000	-1.030551e-03
20.790000	8.716407e-05
20.795000	1.479991e-03
20.800000	3.150383e-03
20.805000	4.865554e-03
20.810000	6.141195e-03
20.815000	6.849527e-03
20.820000	6.945598e-03
20.825000	6.542627e-03
20.830000	6.120147e-03
20.835000	6.189655e-03
20.840000	6.970698e-03
20.845000	8.340371e-03
20.850000	9.944680e-03
20.855000	1.148051e-02
20.860000	1.288249e-02
20.865000	1.410172e-02
20.870000	1.509811e-02
20.875000	1.576061e-02
20.880000	1.602079e-02
20.885000	1.575630e-02
20.890000	1.469352e-02
20.895000	1.270954e-02
20.900000	1.019847e-02
20.905000	7.615347e-03
20.910000	5.398525e-03
20.915000	3.865703e-03
20.920000	3.028719e-03
20.925000	2.835633e-03
20.930000	2.936639e-03
20.935000	3.334682e-03
20.940000	4.144800e-03
20.945000	5.227970e-03
20.950000	6.337699e-03
20.955000	7.127857e-03
20.960000	7.328822e-03
20.965000	7.036492e-03
20.970000	6.182223e-03
20.975000	4.702006e-03
20.980000	2.944972e-03
20.985000	1.187691e-03
20.990000	-3.008106e-04
20.995000	-1.214368e-03
21.000000	-1.318549e-03
21.005000	-6.698875e-04
21.010000	6.033589e-04
21.015000	2.389630e-03
21.020000	4.674143e-03
21.025000	7.329880e-03
21.030000	1.007310e-02
21.035000	1.271070e-02
21.040000	1.512760e-02
21.045000	1.710262e-02
21.050000	1.835833e-02
21.055000	1.889112e-02
21.060000	1.863023e-02
21.065000	1.756817e-02
21.070000	1.591135e-02
21.075000	1.372240e-02
21.080000	1.131305e-02
21.085000	9.130622e-03
21.090000	7.416988e-03
21.095000	6.365484e-03
21.100000	6.304235e-03
21.105000	7.061580e-03
21.110000	8.266803e-03
21.115000	9.590882e-03
21.120000	1.074694e-02
21.125000	1.159465e-02
21.130000	1.196382e-02
21.135000	1.168156e-02
21.140000	1.075612e-02
21.145000	9.313710e-03
21.150000	7.488547e-03
21.155000	5.600292e-03
21.160000	3.919505e-03
21.165000	2.685484e-03
21.170000	2.027096e-03
21.175000	1.881272e-03
21.180000	2.388199e-03
21.185000	3.439366e-03
21.190000	4.858155e-03
21.195000	6.566538e-03
21.200000	8.388984e-03
21.205000	9.939336e-03
21.210000	1.091824e-02
21.215000	1.106011e-02
21.220000	1.038543e-02
21.225000	9.120339e-03
21.230000	7.390717e-03
21.235000	5.374594e-03
21.240000	3.353799e-03
21.245000	1.552726e-03
21.250000	1.521061e-04
21.255000	-6.101707e-04
21.260000	-5.482307e-04
21.265000	4.495289e-04
21.270000	2.448234e-03
21.275000	5.115353e-03
21.280000	7.879232e-03
21.285000	1.021526e-02
21.290000	1.173557e-02
21.295000	1.253680e-02
21.300000	1.276399e-02
21.305000	1.240796e-02
21.310000	1.141465e-02
21.315000	9.714606e-03
21.320000	7.369014e-03
21.325000	4.580166e-03
21.330000	1.525677e-03
21.335000	-1.365979e-03
21.340000	-3.698348e-03
21.345000	-5.294360e-03
21.350000	-6.476352e-03
21.355000	-7.446316e-03
21.360000	-7.932960e-03
21.365000	-7.502212e-03
21.370000	-5.736671e-03
21.375000	-2.710005e-03
21.380000	1.243424e-03
21.385000	5.446894e-03
21.390000	9.002910e-03
21.395000	1.132351e-02
21.400000	1.267546e-02
21.405000	1.331193e-02
21.410000	1.340118e-02
21.415000	1.289088e-02
21.420000	1.135992e-02
21.425000	8.564843e-03
21.430000	4.626287e-03
21.435000	2.912775e-04
21.440000	-3.543781e-03
21.445000	-6.366050e-03
21.450000	-8.105340e-03
21.455000	-8.872663e-03
21.460000	-8.875461e-03
21.465000	-8.186944e-03
21.470000	-6.949966e-03
21.475000	-5.463100e-03
21.480000	-4.041732e-03
21.485000	-2.918887e-03
21.490000	-2.147010e-03
21.495000	-1.791589e-03
21.500000	-1.785403e-03
21.505000	-1.881658e-03
21.510000	-1.902263e-03
21.515000	-1.440659e-03
21.520000	-3.222296e-04
21.525000	1.273222e-03
21.530000	2.948794e-03
21.535000	4.438248e-03
21.540000	5.422632e-03
21.545000	5.818938e-03
21.550000	5.629235e-03
21.555000	4.940366e-03
21.560000	3.758801e-03
21.565000	2.322341e-03
21.570000	8.947035e-04
21.575000	-4.766625e-04
21.580000	-1.809556e-03
21.585000	-2.930730e-03
21.590000	-3.642440e-03
21.595000	-3.937046e-03
21.600000	-3.740948e-03
21.605000	-3.137175e-03
21.610000	-2.309397e-03
21.615000	-1.466579e-03
21.620000	-7.230245e-04
21.625000	-1.735604e-04
21.630000	1.438848e-04
21.635000	4.133859e-04
21.640000	6.173013e-04
21.645000	7.464361e-04
21.650000	6.464925e-04
21.655000	3.506828e-04
21.660000	7.951206e-05
21.665000	-2.472616e-04
21.670000	-5.479246e-04
21.675000	-6.735000e-04
21.680000	-7.367610e-04
21.685000	-8.602533e-04
21.690000	-1.034186e-03
21.695000	-1.177768e-03
21.700000	-1.128004e-03
21.705000	-8.242916e-04
21.710000	-7.081050e-04
21.715000	-1.133775e-03
21.720000	-2.024096e-03
21.725000	-3.219199e-03
21.730000	-4.558302e-03
21.735000	-5.684714e-03
21.740000	-6.567061e-03
21.745000	-7.294094e-03
21.750000	-7.969693e-03
21.755000	-8.548026e-03
21.760000	-8.945177e-03
21.765000	-9.087796e-03
21.770000	-8.808059e-03
21.775000	-8.326368e-03
21.780000	-7.926262e-03
21.785000	-7.691931e-03
21.790000	-7.594352e-03
21.795000	-7.576364e-03
21.800000	-7.518893e-03
21.805000	-7.517262e-03
21.810000	-7.720852e-03
21.815000	-8.114570e-03
21.820000	-8.538077e-03
21.825000	-8.822470e-03
21.830000	-8.908376e-03
21.835000	-8.674607e-03
21.840000	-8.149349e-03
21.845000	-7.584575e-03
21.850000	-7.133898e-03
21.855000	-7.059628e-03
21.860000	-7.389065e-03
21.865000	-8.124164e-03
21.870000	-9.199031e-03
21.875000	-1.028566e-02
21.880000	-1.120841e-02
21.885000	-1.201711e-02
21.890000	-1.290696e-02
21.895000	-1.398609e-02
21.900000	-1.521081e-02
21.905000	-1.631117e-02
21.910000	-1.708561e-02
21.915000	-1.738449e-02
21.920000	-1.708175e-02
21.925000	-1.613128e-02
21.930000	-1.468689e-02
21.935000	-1.256265e-02
21.940000	-9.657449e-03
21.945000	-6.214961e-03
21.950000	-2.808974e-03
21.955000	-1.954830e-04
21.960000	1.407527e-03
21.965000	2.206306e-03
21.970000	2.336944e-03
21.975000	1.935552e-03
21.980000	1.163391e-03
21.985000	1.346187e-04
21.990000	-9.476692e-04
21.995000	-1.883437e-03
22.000000	-2.464986e-03
22.005000	-2.710942e-03
22.010000	-2.876667e-03
22.015000	-3.351005e-03
22.020000	-4.237202e-03
22.025000	-5.326222e-03
22.030000	-6.350541e-03
22.035000	-7.020158e-03
22.040000	-7.238980e-03
22.045000	-7.251658e-03
22.050000	-7.240777e-03
22.055000	-7.223248e-03
22.060000	-7.185705e-03
22.065000	-7.129639e-03
22.070000	-7.085261e-03
22.075000	-7.133008e-03
22.080000	-7.364022e-03
22.085000	-7.810153e-03
22.090000	-8.303061e-03
22.095000	-8.365943e-03
22.100000	-7.466324e-03
22.105000	-5.476338e-03
22.110000	-2.434258e-03
22.115000	1.485594e-03
22.120000	5.920973e-03
22.125000	1.040046e-02
22.130000	1.458161e-02
22.135000	1.815508e-02
22.140000	2.062633e-02
22.145000	2.145228e-02
22.150000	2.029084e-02
22.155000	1.687007e-02
22.160000	1.159096e-02
22.165000	5.464096e-03
22.170000	-4.316887e-04
22.175000	-5.468322e-03
22.180000	-9.384052e-03
22.185000	-1.243291e-02
22.190000	-1.471038e-02
22.195000	-1.588310e-02
22.200000	-1.589435e-02
22.205000	-1.476055e-02
22.210000	-1.260831e-02
22.215000	-9.718889e-03
22.220000	-6.432661e-03
22.225000	-3.231032e-03
22.230000	-3.651215e-04
22.235000	1.944039e-03
22.240000	3.501727e-03
22.245000	4.307320e-03
22.250000	4.338965e-03
22.255000	3.431908e-03
22.260000	1.639951e-03
22.265000	-8.309758e-04
22.270000	-3.644683e-03
22.275000	-6.082311e-03
22.280000	-7.508357e-03
22.285000	-7.948167e-03
22.290000	-7.483496e-03
22.295000	-6.094493e-03
22.300000	-4.098345e-03
22.305000	-1.804640e-03
22.310000	6.164781e-04
22.315000	3.051954e-03
22.320000	5.318163e-03
22.325000	7.161386e-03
22.330000	8.448056e-03
22.335000	9.280577e-03
22.340000	9.509924e-03
22.345000	9.062741e-03
22.350000	8.180774e-03
22.355000	6.931596e-03
22.360000	5.572024e-03
22.365000	4.589131e-03
22.370000	4.159931e-03
22.375000	4.112340e-03
22.380000	4.421297e-03
22.385000	4.902410e-03
22.390000	5.358657e-03
22.395000	5.735608e-03
22.400000	5.807261e-03
22.405000	5.508398e-03
22.410000	4.827500e-03
22.415000	3.808432e-03
22.420000	2.579149e-03
22.425000	1.365472e-03
22.430000	4.176750e-04
22.435000	4.165237e-06
22.440000	2.020853e-04
22.445000	1.229490e-03
22.450000	3.262734e-03
22.455000	6.163319e-03
22.460000	9.590217e-03
22.465000	1.293886e-02
22.470000	1.572826e-02
22.475000	1.777012e-02
22.480000	1.905645e-02
22.485000	1.947317e-02
22.490000	1.899366e-02
22.495000	1.778653e-02
22.500000	1.604308e-02
22.505000	1.395165e-02
22.510000	1.187107e-02
22.515000	1.012940e-02
22.520000	8.861118e-03
22.525000	8.235282e-03
22.530000	8.311005e-03
22.535000	9.063638e-03
22.540000	1.028629e-02
22.545000	1.183100e-02
22.550000	1.351962e-02
22.555000	1.513640e-02
22.560000	1.673429e-02
22.565000	1.812135e-02
22.570000	1.918191e-02
22.575000	1.980151e-02
22.580000	1.993188e-02
22.585000	1.955090e-02
22.590000	1.865252e-02
22.595000	1.732320e-02
22.600000	1.576002e-02
22.605000	1.401706e-02
22.610000	1.206427e-02
22.615000	1.007271e-02
22.620000	8.269084e-03
22.625000	6.809743e-03
22.630000	5.967693e-03
22.635000	5.782279e-03
22.640000	5.958026e-03
22.645000	6.089428e-03
22.650000	5.908595e-03
22.655000	5.429959e-03
22.660000	4.737745e-03
22.665000	4.106267e-03
22.670000	3.631620e-03
22.675000	3.370779e-03
22.680000	3.335371e-03
22.685000	3.806739e-03
22.690000	4.942689e-03
22.695000	6.604104e-03
22.700000	8.587153e-03
22.705000	1.060700e-02
22.710000	1.233624e-02
22.715000	1.353067e-02
22.720000	1.397193e-02
22.725000	1.356928e-02
22.730000	1.252502e-02
22.735000	1.117000e-02
22.740000	9.448376e-03
22.745000	7.223119e-03
22.750000	4.624731e-03
22.755000	1.890955e-03
22.760000	-5.769645e-04
22.765000	-2.518097e-03
22.770000	-3.760393e-03
22.775000	-4.232319e-03
22.780000	-4.014489e-03
22.785000	-3.158803e-03
22.790000	-1.748383e-03
22.795000	1.471616e-04
22.800000	2.104807e-03
22.805000	3.791242e-03
22.810000	4.969128e-03
22.815000	5.513258e-03
22.820000	5.454808e-03
22.825000	4.888630e-03
22.830000	4.154022e-03
22.835000	3.305417e-03
22.840000	2.426543e-03
22.845000	1.629859e-03
22.850000	9.641878e-04
22.855000	6.860649e-04
22.860000	9.842203e-04
22.865000	1.794853e-03
22.870000	2.981446e-03
22.875000	4.356792e-03
22.880000	5.879826e-03
22.885000	7.301593e-03
22.890000	8.490304e-03
22.895000	9.232585e-03
22.900000	9.238202e-03
22.905000	8.423809e-03
22.910000	6.750995e-03
22.915000	4.470069e-03
22.920000	2.061818e-03
22.925000	-1.662726e-04
22.930000	-1.853028e-03
22.935000	-3.074297e-03
22.940000	-4.043626e-03
22.945000	-4.587681e-03
22.950000	-4.677021e-03
22.955000	-4.332199e-03
22.960000	-3.436568e-03
22.965000	-1.993474e-03
22.970000	-2.329938e-04
22.975000	1.690766e-03
22.980000	3.525306e-03
22.985000	5.341876e-03
22.990000	7.232473e-03
22.995000	9.060668e-03
23.000000	1.056405e-02
23.005000	1.162829e-02
23.010000	1.216184e-02
23.015000	1.198644e-02
23.020000	1.098624e-02
23.025000	9.398665e-03
23.030000	7.488599e-03
23.035000	5.416739e-03
23.040000	3.393706e-03
23.045000	1.562716e-03
23.050000	8.136341e-05
23.055000	-7.068135e-04
23.060000	-6.343581e-04
23.065000	1.323791e-04
23.070000	1.104671e-03
23.075000	2.026010e-03
23.080000	2.625361e-03
23.085000	2.963708e-03
23.090000	3.164224e-03
23.095000	3.312932e-03
23.100000	3.239362e-03
23.105000	2.731779e-03
23.110000	1.917262e-03
23.115000	1.060633e-03
23.120000	3.474689e-04
23.125000	-8.687124e-05
23.130000	-1.448066e-04
23.135000	-1.222530e-04
23.140000	-2.834094e-04
23.145000	-7.648780e-04
23.150000	-1.564685e-03
23.155000	-2.412010e-03
23.160000	-3.099809e-03
23.165000	-3.496387e-03
23.170000	-3.466857e-03
23.175000	-3.057802e-03
23.180000	-2.294873e-03
23.185000	-1.230999e-03
23.190000	9.545654e-05
23.195000	1.510118e-03
23.200000	2.825016e-03
23.205000	4.072174e-03
23.210000	5.084730e-03
23.215000	5.785091e-03
23.220000	6.259723e-03
23.225000	6.765591e-03
23.230000	7.515123e-03
23.235000	8.304499e-03
23.240000	8.928839e-03
23.245000	9.257647e-03
23.250000	9.297488e-03
23.255000	9.194103e-03
23.260000	8.923958e-03
23.265000	8.448564e-03
23.270000	7.742825e-03
23.275000	6.604611e-03
23.280000	5.080783e-03
23.285000	3.410842e-03
23.290000	2.047890e-03
23.295000	1.141450e-03
23.300000	5.141156e-04
23.305000	-1.165291e-04
23.310000	-9.730040e-04
23.315000	-2.035234e-03
23.320000	-3.169191e-03
23.325000	-4.245359e-03
23.330000	-5.100005e-03
23.335000	-5.784443e-03
23.340000	-6.491214e-03
23.345000	-7.439703e-03
23.350000	-8.714070e-03
23.355000	-1.006166e-02
23.360000	-1.114958e-02
23.365000	-1.170279e-02
23.370000	-1.166121e-02
23.375000	-1.104751e-02
23.380000	-1.015307e-02
23.385000	-9.106858e-03
23.390000	-7.983876e-03
23.395000	-6.975377e-03
23.400000	-6.199965e-03
23.405000	-5.713943e-03
23.410000	-5.599719e-03
23.415000	-5.804781e-03
23.420000	-6.251476e-03
23.425000	-6.861404e-03
23.430000	-7.396160e-03
23.435000	-7.685604e-03
23.440000	-7.713006e-03
23.445000	-7.680269e-03
23.450000	-7.647527e-03
23.455000	-7.630794e-03
23.460000	-7.668035e-03
23.465000	-7.811395e-03
23.470000	-8.112186e-03
23.475000	-8.591200e-03
23.480000	-9.311443e-03
23.485000	-1.029380e-02
23.490000	-1.134440e-02
23.495000	-1.242298e-02
23.500000	-1.346402e-02
23.505000	-1.437360e-02
23.510000	-1.505348e-02
23.515000	-1.549650e-02
23.520000	-1.571221e-02
23.525000	-1.565801e-02
23.530000	-1.535198e-02
23.535000	-1.498014e-02
23.540000	-1.448848e-02
23.545000	-1.370092e-02
23.550000	-1.266068e-02
23.555000	-1.127165e-02
23.560000	-9.645967e-03
23.565000	-7.993537e-03
23.570000	-6.426448e-03
23.575000	-4.962509e-03
23.580000	-3.906346e-03
23.585000	-3.504689e-03
23.590000	-3.857435e-03
23.595000	-5.096676e-03
23.600000	-7.199364e-03
23.605000	-9.944663e-03
23.610000	-1.293590e-02
23.615000	-1.576118e-02
23.620000	-1.821448e-02
23.625000	-1.997482e-02
23.630000	-2.068602e-02
23.635000	-2.019259e-02
23.640000	-1.844070e-02
23.645000	-1.585132e-02
23.650000	-1.288221e-02
23.655000	-9.901607e-03
23.660000	-7.332497e-03
23.665000	-5.436409e-03
23.670000	-4.085261e-03
23.675000	-3.298881e-03
23.680000	-3.300380e-03
23.685000	-3.979835e-03
23.690000	-5.173208e-03
23.695000	-6.578210e-03
23.700000	-7.973830e-03
23.705000	-9.094532e-03
23.710000	-9.784474e-03
23.715000	-1.012567e-02
23.720000	-1.008450e-02
23.725000	-9.485023e-03
23.730000	-8.660503e-03
23.735000	-7.872143e-03
23.740000	-7.240253e-03
23.745000	-6.875867e-03
23.750000	-6.651258e-03
23.755000	-6.583022e-03
23.760000	-6.630509e-03
23.765000	-6.628875e-03
23.770000	-6.339534e-03
23.775000	-5.784204e-03
23.780000	-4.806588e-03
23.785000	-3.382018e-03
23.790000	-1.598929e-03
23.795000	2.451732e-04
23.800000	1.788984e-03
23.805000	3.038597e-03
23.810000	4.143250e-03
23.815000	5.188146e-03
23.820000	6.111361e-03
23.825000	6.919496e-03
23.830000	7.458314e-03
23.835000	7.545735e-03
23.840000	7.196326e-03
23.845000	6.601212e-03
23.850000	5.924402e-03
23.855000	5.212333e-03
23.860000	4.567311e-03
23.865000	3.986668e-03
23.870000	3.489521e-03
23.875000	3.162819e-03
23.880000	2.951502e-03
23.885000	2.972327e-03
23.890000	3.218472e-03
23.895000	3.482536e-03
23.900000	3.370114e-03
23.905000	2.842136e-03
23.910000	2.022993e-03
23.915000	9.166273e-04
23.920000	-4.752502e-04
23.925000	-1.980061e-03
23.930000	-3.444498e-03
23.935000	-4.745372e-03
23.940000	-5.822506e-03
23.945000	-6.588688e-03
23.950000	-6.947538e-03
23.955000	-6.747686e-03
23.960000	-6.012915e-03
23.965000	-4.849727e-03
23.970000	-3.338180e-03
23.975000	-1.624859e-03
23.980000	2.042517e-04
23.985000	2.110044e-03
23.990000	3.960219e-03
23.995000	5.534475e-03
24.000000	6.646927e-03
24.005000	7.283270e-03
24.010000	7.702110e-03
24.015000	7.868616e-03
24.020000	7.854909e-03
24.025000	7.613759e-03
24.030000	6.979462e-03
24.035000	5.840653e-03
24.040000	4.058665e-03
24.045000	1.721166e-03
24.050000	-9.208274e-04
24.055000	-3.349173e-03
24.060000	-5.094177e-03
24.065000	-5.823785e-03
24.070000	-5.722057e-03
24.075000	-5.164650e-03
24.080000	-4.243327e-03
24.085000	-3.114371e-03
24.090000	-1.822499e-03
24.095000	-5.959382e-04
24.100000	5.255629e-04
24.105000	1.513168e-03
24.110000	2.222054e-03
24.115000	2.624595e-03
24.120000	3.002348e-03
24.125000	3.584056e-03
24.130000	4.341441e-03
24.135000	5.421904e-03
24.140000	6.621042e-03
24.145000	7.609927e-03
24.150000	8.117709e-03
24.155000	8.055424e-03
24.160000	7.489627e-03
24.165000	6.440367e-03
24.170000	4.924229e-03
24.175000	2.902208e-03
24.180000	6.028067e-04
24.185000	-1.734328e-03
24.190000	-3.881420e-03
24.195000	-5.692515e-03
24.200000	-7.215165e-03
24.205000	-8.382057e-03
24.210000	-9.230466e-03
24.215000	-9.858926e-03
24.220000	-1.025471e-02
24.225000	-1.032650e-02
24.230000	-9.911329e-03
24.235000	-9.033089e-03
24.240000	-7.926317e-03
24.245000	-6.741025e-03
24.250000	-5.481774e-03
24.255000	-4.208626e-03
24.260000	-3.020468e-03
24.265000	-2.058498e-03
24.270000	-1.469129e-03
24.275000	-1.326045e-03
24.280000	-1.467349e-03
24.285000	-1.881128e-03
24.290000	-2.681351e-03
24.295000	-3.886832e-03
24.300000	-5.442309e-03
24.305000	-7.191740e-03
24.310000	-9.075055e-03
24.315000	-1.068814e-02
24.320000	-1.178675e-02
24.325000	-1.214987e-02
24.330000	-1.178071e-02
24.335000	-1.089263e-02
24.340000	-9.632118e-03
24.345000	-8.198993e-03
24.350000	-6.780445e-03
24.355000	-5.550722e-03
24.360000	-4.563109e-03
24.365000	-3.879330e-03
24.370000	-3.768964e-03
24.375000	-4.103996e-03
24.380000	-4.686542e-03
24.385000	-5.321210e-03
24.390000	-5.850004e-03
24.395000	-6.182793e-03
24.400000	-6.314698e-03
24.405000	-6.182016e-03
24.410000	-5.865742e-03
24.415000	-5.376463e-03
24.420000	-4.445695e-03
24.425000	-3.095810e-03
24.430000	-1.437023e-03
24.435000	3.472887e-04
24.440000	1.905680e-03
24.445000	2.993794e-03
24.450000	3.670998e-03
24.455000	3.897438e-03
24.460000	3.701069e-03
24.465000	3.114050e-03
24.470000	2.129052e-03
24.475000	9.539776e-04
24.480000	-8.877258e-05
24.485000	-7.798127e-04
24.490000	-1.061544e-03
24.495000	-1.008273e-03
24.500000	-7.841082e-04
24.505000	-6.161799e-04
24.510000	-5.053596e-04
24.515000	-4.624673e-04
24.520000	-3.548791e-04
24.525000	-2.780263e-04
24.530000	-3.393852e-04
24.535000	-6.741596e-04
24.540000	-1.413594e-03
24.545000	-2.479511e-03
24.550000	-3.645328e-03
24.555000	-4.765466e-03
24.560000	-5.694843e-03
24.565000	-6.401953e-03
24.570000	-7.067012e-03
24.575000	-7.737745e-03
24.580000	-8.419146e-03
24.585000	-8.909329e-03
24.590000	-9.197248e-03
24.595000	-9.478269e-03
24.600000	-9.701523e-03
24.605000	-9.953259e-03
24.610000	-1.030106e-02
24.615000	-1.069812e-02
24.620000	-1.084384e-02
24.625000	-1.022968e-02
24.630000	-8.612328e-03
24.635000	-6.289357e-03
24.640000	-4.031431e-03
24.645000	-2.446510e-03
24.650000	-1.731623e-03
24.655000	-1.582948e-03
24.660000	-1.596281e-03
24.665000	-1.541355e-03
24.670000	-1.357010e-03
24.675000	-1.081646e-03
24.680000	-8.164962e-04
24.685000	-6.949833e-04
24.690000	-8.307494e-04
24.695000	-1.095445e-03
24.700000	-1.245642e-03
24.705000	-1.302246e-03
24.710000	-1.477337e-03
24.715000	-1.923714e-03
24.720000	-2.628165e-03
24.725000	-3.379191e-03
24.730000	-3.860597e-03
24.735000	-3.844015e-03
24.740000	-3.343125e-03
24.745000	-2.542726e-03
24.750000	-1.700606e-03
24.755000	-1.150959e-03
24.760000	-9.512595e-04
24.765000	-9.938129e-04
24.770000	-1.293233e-03
24.775000	-1.538303e-03
24.780000	-1.478011e-03
24.785000	-1.145383e-03
24.790000	-7.202044e-04
24.795000	-3.678428e-04
24.800000	-2.829276e-04
24.805000	-4.327146e-04
24.810000	-7.243756e-04
24.815000	-1.076903e-03
24.820000	-1.336026e-03
24.825000	-1.366361e-03
24.830000	-1.291887e-03
24.835000	-1.178936e-03
24.840000	-1.034119e-03
24.845000	-7.187097e-04
24.850000	-1.653330e-04
24.855000	4.850056e-04
24.860000	1.118728e-03
24.865000	1.571938e-03
24.870000	1.762019e-03
24.875000	1.537468e-03
24.880000	1.103209e-03
24.885000	6.937578e-04
24.890000	5.791110e-04
24.895000	8.299261e-04
24.900000	1.355159e-03
24.905000	2.206786e-03
24.910000	3.245826e-03
24.915000	4.480562e-03
24.920000	6.205123e-03
24.925000	8.615289e-03
24.930000	1.146344e-02
24.935000	1.408827e-02
24.940000	1.565556e-02
24.945000	1.593196e-02
24.950000	1.519762e-02
24.955000	1.367607e-02
24.960000	1.167131e-02
24.965000	9.472737e-03
24.970000	7.352684e-03
24.975000	5.463383e-03
24.980000	4.260463e-03
24.985000	3.986125e-03
24.990000	4.575688e-03
24.995000	5.819692e-03
25.000000	7.453094e-03
25.005000	9.185866e-03
25.010000	1.082467e-02
25.015000	1.233899e-02
25.020000	1.370091e-02
25.025000	1.472932e-02
25.030000	1.510948e-02
25.035000	1.474079e-02
25.040000	1.366462e-02
25.045000	1.225687e-02
25.050000	1.096239e-02
25.055000	1.011579e-02
25.060000	9.688814e-03
25.065000	9.589496e-03
25.070000	9.881075e-03
25.075000	1.039759e-02
25.080000	1.105145e-02
25.085000	1.193719e-02
25.090000	1.285532e-02
25.095000	1.350904e-02
25.100000	1.372964e-02
25.105000	1.340274e-02
25.110000	1.262131e-02
25.115000	1.150160e-02
25.120000	1.018331e-02
25.125000	8.770392e-03
25.130000	7.351325e-03
25.135000	6.005199e-03
25.140000	4.791139e-03
25.145000	3.738778e-03
25.150000	2.782226e-03
25.155000	1.829533e-03
25.160000	1.024005e-03
25.165000	5.236452e-04
25.170000	6.294753e-04
25.175000	1.547365e-03
25.180000	3.377497e-03
25.185000	5.822498e-03
25.190000	8.325932e-03
25.195000	1.032053e-02
25.200000	1.186486e-02
25.205000	1.309309e-02
25.210000	1.394132e-02
25.215000	1.437696e-02
25.220000	1.445938e-02
25.225000	1.407489e-02
25.230000	1.328823e-02
25.235000	1.215043e-02
25.240000	1.058237e-02
25.245000	8.884118e-03
25.250000	7.318911e-03
25.255000	5.934973e-03
25.260000	4.875198e-03
25.265000	4.298189e-03
25.270000	4.160047e-03
25.275000	4.558135e-03
25.280000	5.295573e-03
25.285000	6.077800e-03
25.290000	6.665916e-03
25.295000	6.811954e-03
25.300000	6.533665e-03
25.305000	6.092530e-03
25.310000	5.765324e-03
25.315000	5.547122e-03
25.320000	5.540275e-03
25.325000	5.848626e-03
25.330000	6.130488e-03
25.335000	6.211268e-03
25.340000	6.237500e-03
25.345000	6.239865e-03
25.350000	6.200447e-03
25.355000	6.106380e-03
25.360000	5.972678e-03
25.365000	6.001401e-03
25.370000	6.330696e-03
25.375000	7.050801e-03
25.380000	8.062029e-03
25.385000	8.918959e-03
25.390000	9.346061e-03
25.395000	9.324613e-03
25.400000	8.954057e-03
25.405000	8.242242e-03
25.410000	7.170102e-03
25.415000	5.781340e-03
25.420000	4.144625e-03
25.425000	2.449240e-03
25.430000	8.529298e-04
25.435000	-4.983736e-04
25.440000	-1.340456e-03
25.445000	-1.580306e-03
25.450000	-1.342750e-03
25.455000	-7.396957e-04
25.460000	3.051399e-05
25.465000	8.091822e-04
25.470000	1.457138e-03
25.475000	1.866682e-03
25.480000	1.854155e-03
25.485000	1.353965e-03
25.490000	4.195696e-04
25.495000	-7.744026e-04
25.500000	-2.138011e-03
25.505000	-3.451617e-03
25.510000	-4.358207e-03
25.515000	-4.514801e-03
25.520000	-3.896819e-03
25.525000	-2.789017e-03
25.530000	-1.600603e-03
25.535000	-6.617486e-04
25.540000	-1.375212e-04
25.545000	-4.687975e-05
25.550000	-3.955389e-04
25.555000	-1.180305e-03
25.560000	-2.335456e-03
25.565000	-3.663115e-03
25.570000	-5.137551e-03
25.575000	-6.513441e-03
25.580000	-7.647968e-03
25.585000	-8.507949e-03
25.590000	-9.161861e-03
25.595000	-9.676876e-03
25.600000	-1.008555e-02
25.605000	-1.053467e-02
25.610000	-1.117997e-02
25.615000	-1.183553e-02
25.620000	-1.233396e-02
25.625000	-1.259311e-02
25.630000	-1.258825e-02
25.635000	-1.232675e-02
25.640000	-1.168493e-02
25.645000	-1.066001e-02
25.650000	-9.451175e-03
25.655000	-8.073691e-03
25.660000	-6.596315e-03
25.665000	-5.150221e-03
25.670000	-3.672298e-03
25.675000	-2.150185e-03
25.680000	-6.744495e-04
25.685000	5.528041e-04
25.690000	1.391033e-03
25.695000	1.820362e-03
25.700000	1.913099e-03
25.705000	1.754003e-03
25.710000	1.348111e-03
25.715000	7.174631e-04
25.720000	8.443973e-05
25.725000	-3.209942e-04
25.730000	-5.568138e-04
25.735000	-7.623580e-04
25.740000	-7.851843e-04
25.745000	-5.814596e-04
25.750000	-3.147129e-04
25.755000	4.435150e-05
25.760000	4.185840e-04
25.765000	6.705751e-04
25.770000	7.700571e-04
25.775000	1.369050e-03
25.780000	1.652177e-03
25.785000	2.034883e-03
25.790000	2.298999e-03
25.795000	2.299634e-03
25.800000	2.195896e-03
25.805000	2.036883e-03
25.810000	1.878899e-03
25.815000	1.789087e-03
25.820000	1.530217e-03
25.825000	1.186128e-03
25.830000	8.438221e-04
25.835000	4.621901e-04
25.840000	1.963688e-04
25.845000	1.170526e-04
25.850000	1.088418e-04
25.855000	1.519930e-04
25.860000	2.776635e-04
25.865000	4.858908e-04
25.870000	7.505743e-04
25.875000	1.012557e-03
25.880000	1.065932e-03
25.885000	1.126274e-03
25.890000	1.397155e-03
25.895000	1.941590e-03
25.900000	2.805543e-03
25.905000	3.830830e-03
25.910000	4.800466e-03
25.915000	5.575430e-03
25.920000	6.080058e-03
25.925000	6.321934e-03
25.930000	6.232893e-03
25.935000	5.823155e-03
25.940000	5.190337e-03
25.945000	4.555904e-03
25.950000	4.103391e-03
25.955000	3.929785e-03
25.960000	3.925056e-03
25.965000	4.049005e-03
25.970000	4.539318e-03
25.975000	5.536468e-03
25.980000	6.887093e-03
25.985000	8.304393e-03
25.990000	9.602740e-03
25.995000	1.060752e-02
26.000000	1.114279e-02
26.005000	1.122144e-02
26.010000	1.092981e-02
26.015000	1.027213e-02
26.020000	9.244445e-03
26.025000	7.834322e-03
26.030000	5.887085e-03
26.035000	3.534030e-03
26.040000	1.053676e-03
26.045000	-1.241734e-03
26.050000	-3.092405e-03
26.055000	-4.356117e-03
26.060000	-5.045531e-03
26.065000	-5.304954e-03
26.070000	-5.103474e-03
26.075000	-4.512797e-03
26.080000	-3.809285e-03
26.085000	-3.125767e-03
26.090000	-2.669466e-03
26.095000	-2.574820e-03
26.100000	-2.894837e-03
26.105000	-3.562652e-03
26.110000	-4.433980e-03
26.115000	-5.369549e-03
26.120000	-6.273596e-03
26.125000	-6.965741e-03
26.130000	-7.165169e-03
26.135000	-6.907786e-03
26.140000	-6.108797e-03
26.145000	-5.013835e-03
26.150000	-3.808486e-03
26.155000	-2.514989e-03
26.160000	-1.058021e-03
26.165000	4.536245e-04
26.170000	1.969392e-03
26.175000	3.280685e-03
26.180000	4.120719e-03
26.185000	4.409023e-03
26.190000	4.151500e-03
26.195000	3.470280e-03
26.200000	2.462467e-03
26.205000	1.320288e-03
26.210000	2.486029e-04
26.215000	-6.100068e-04
26.220000	-1.237263e-03
26.225000	-1.653030e-03
26.230000	-1.985264e-03
26.235000	-2.489973e-03
26.240000	-3.078401e-03
26.245000	-3.647863e-03
26.250000	-4.122318e-03
26.255000	-4.281592e-03
26.260000	-4.159913e-03
26.265000	-3.941956e-03
26.270000	-3.599965e-03
26.275000	-2.973045e-03
26.280000	-2.066544e-03
26.285000	-1.252296e-03
26.290000	-8.303193e-04
26.295000	-8.383344e-04
26.300000	-1.146257e-03
26.305000	-1.656928e-03
26.310000	-2.208984e-03
26.315000	-2.648838e-03
26.320000	-2.896529e-03
26.325000	-2.940501e-03
26.330000	-2.780130e-03
26.335000	-2.297421e-03
26.340000	-1.441839e-03
26.345000	-4.163228e-04
26.350000	4.504353e-04
26.355000	8.774311e-04
26.360000	7.605017e-04
26.365000	2.207095e-04
26.370000	-4.678442e-04
26.375000	-1.029684e-03
26.380000	-1.501844e-03
26.385000	-2.031746e-03
26.390000	-2.563731e-03
26.395000	-3.147698e-03
26.400000	-3.587192e-03
26.405000	-3.670180e-03
26.410000	-3.387936e-03
26.415000	-2.890038e-03
26.420000	-2.369874e-03
26.425000	-1.990312e-03
26.430000	-1.891323e-03
26.435000	-2.124737e-03
26.440000	-2.529861e-03
26.445000	-2.940948e-03
26.450000	-3.281366e-03
26.455000	-3.556060e-03
26.460000	-3.745859e-03
26.465000	-3.843012e-03
26.470000	-3.839782e-03
26.475000	-3.581892e-03
26.480000	-3.030320e-03
26.485000	-2.282950e-03
26.490000	-1.427239e-03
26.495000	-5.449450e-04
26.500000	1.671200e-04
26.505000	6.004324e-04
26.510000	8.728936e-04
26.515000	9.293819e-04
26.520000	8.836649e-04
26.525000	7.165810e-04
26.530000	3.583029e-04
26.535000	-1.504310e-04
26.540000	-6.051321e-04
26.545000	-8.613006e-04
26.550000	-1.015575e-03
26.555000	-1.306329e-03
26.560000	-1.774746e-03
26.565000	-2.305442e-03
26.570000	-2.854669e-03
26.575000	-3.291190e-03
26.580000	-3.515443e-03
26.585000	-3.653293e-03
26.590000	-3.831964e-03
26.595000	-4.064796e-03
26.600000	-4.432310e-03
26.605000	-4.884814e-03
26.610000	-5.211014e-03
26.615000	-5.365074e-03
26.620000	-5.269133e-03
26.625000	-4.891621e-03
26.630000	-4.351801e-03
26.635000	-3.635044e-03
26.640000	-2.759176e-03
26.645000	-1.824453e-03
26.650000	-9.257385e-04
26.655000	-1.586389e-04
26.660000	3.735861e-04
26.665000	6.995876e-04
26.670000	8.414722e-04
26.675000	7.885839e-04
26.680000	6.098289e-04
26.685000	3.317250e-04
26.690000	4.531662e-05
26.695000	-1.367213e-04
26.700000	-3.527338e-04
26.705000	-5.947716e-04
26.710000	-7.688048e-04
26.715000	-8.151345e-04
26.720000	-8.527150e-04
26.725000	-9.130877e-04
26.730000	-9.639676e-04
26.735000	-9.514430e-04
26.740000	-9.206136e-04
26.745000	-8.863311e-04
26.750000	-7.341022e-04
26.755000	-4.574898e-04
26.760000	-1.781568e-04
26.765000	7.401390e-05
26.770000	4.024258e-04
26.775000	8.169372e-04
26.780000	1.162531e-03
26.785000	1.468708e-03
26.790000	1.744679e-03
26.795000	2.101636e-03
26.800000	2.502000e-03
26.805000	3.021865e-03
26.810000	3.569654e-03
26.815000	4.066961e-03
26.820000	4.491904e-03
26.825000	4.731456e-03
26.830000	4.811298e-03
26.835000	4.807752e-03
26.840000	4.838218e-03
26.845000	4.805000e-03
26.850000	4.577147e-03
26.855000	4.144751e-03
26.860000	3.474984e-03
26.865000	2.699002e-03
26.870000	1.989611e-03
26.875000	1.364101e-03
26.880000	8.189554e-04
26.885000	3.123295e-04
26.890000	-1.094488e-04
26.895000	-4.600140e-04
26.900000	-8.398036e-04
26.905000	-1.240420e-03
26.910000	-1.730823e-03
26.915000	-2.254972e-03
26.920000	-2.801559e-03
26.925000	-3.230549e-03
26.930000	-3.512329e-03
26.935000	-3.633111e-03
26.940000	-3.574607e-03
26.945000	-3.405424e-03
26.950000	-3.126859e-03
26.955000	-2.806242e-03
26.960000	-2.510279e-03
26.965000	-2.226994e-03
26.970000	-2.054635e-03
26.975000	-1.980648e-03
26.980000	-2.007252e-03
26.985000	-2.209445e-03
26.990000	-2.523890e-03
26.995000	-2.953156e-03
27.000000	-3.351848e-03
27.005000	-3.578973e-03
27.010000	-3.686123e-03
27.015000	-3.735099e-03
27.020000	-3.812963e-03
27.025000	-4.056812e-03
27.030000	-4.438756e-03
27.035000	-4.854390e-03
27.040000	-5.230544e-03
27.045000	-5.551147e-03
27.050000	-5.775306e-03
27.055000	-5.912718e-03
27.060000	-5.931512e-03
27.065000	-5.716926e-03
27.070000	-5.298351e-03
27.075000	-4.797628e-03
27.080000	-4.347565e-03
27.085000	-4.000397e-03
27.090000	-3.831157e-03
27.095000	-3.782979e-03
27.100000	-3.740681e-03
27.105000	-3.693784e-03
27.110000	-3.650738e-03
27.115000	-3.623272e-03
27.120000	-3.615533e-03
27.125000	-3.611732e-03
27.130000	-3.562222e-03
27.135000	-3.433602e-03
27.140000	-3.280335e-03
27.145000	-3.043057e-03
27.150000	-2.735256e-03
27.155000	-2.464324e-03
27.160000	-2.177683e-03
27.165000	-1.886940e-03
27.170000	-1.639900e-03
27.175000	-1.509067e-03
27.180000	-1.583691e-03
27.185000	-1.765777e-03
27.190000	-1.959544e-03
27.195000	-2.122750e-03
27.200000	-2.332588e-03
27.205000	-2.517125e-03
27.210000	-2.639199e-03
27.215000	-2.720574e-03
27.220000	-2.728395e-03
27.225000	-2.672610e-03
27.230000	-2.513308e-03
27.235000	-2.250391e-03
27.240000	-1.948255e-03
27.245000	-1.632190e-03
27.250000	-1.280314e-03
27.255000	-1.015128e-03
27.260000	-8.550935e-04
27.265000	-7.223168e-04
27.270000	-6.079019e-04
27.275000	-4.964987e-04
27.280000	-3.918620e-04
27.285000	-2.792180e-04
27.290000	-1.327834e-04
27.295000	-1.172342e-05
27.300000	1.248698e-05
27.305000	4.747881e-05
27.310000	1.461054e-04
27.315000	2.267928e-04
27.320000	2.789895e-04
27.325000	2.394293e-04
27.330000	1.180411e-04
27.335000	-1.013729e-04
27.340000	-4.580804e-04
27.345000	-8.480404e-04
27.350000	-1.167842e-03
27.355000	-1.372628e-03
27.360000	-1.444035e-03
27.365000	-1.356274e-03
27.370000	-1.074582e-03
27.375000	-6.556064e-04
27.380000	-2.119785e-04
27.385000	1.847201e-04
27.390000	5.327788e-04
27.395000	7.649452e-04
27.400000	8.456095e-04
27.405000	8.228591e-04
27.410000	6.899055e-04
27.415000	4.730093e-04
27.420000	2.255589e-04
27.425000	-3.255005e-05
27.430000	-2.687607e-04
27.435000	-4.541611e-04
27.440000	-5.884518e-04
27.445000	-6.815356e-04
27.450000	-7.113037e-04
27.455000	-6.821627e-04
27.460000	-5.587512e-04
27.465000	-3.577712e-04
27.470000	-7.279982e-05
27.475000	2.494712e-04
27.480000	5.954865e-04
27.485000	9.706272e-04
27.490000	1.288689e-03
27.495000	1.528576e-03
27.500000	1.665838e-03
27.505000	1.727538e-03
27.510000	1.687161e-03
27.515000	1.598324e-03
27.520000	1.495802e-03
27.525000	1.347152e-03
27.530000	1.185206e-03
27.535000	1.061165e-03
27.540000	9.949111e-04
27.545000	9.464180e-04
27.550000	9.186191e-04
27.555000	9.350102e-04
27.560000	9.740418e-04
27.565000	1.062373e-03
27.570000	1.238049e-03
27.575000	1.472286e-03
27.580000	1.706531e-03
27.585000	1.908271e-03
27.590000	2.031768e-03
27.595000	2.084613e-03
27.600000	2.070360e-03
27.605000	2.028309e-03
27.610000	1.970821e-03
27.615000	1.884137e-03
27.620000	1.766938e-03
27.625000	1.644553e-03
27.630000	1.587452e-03
27.635000	1.634931e-03
27.640000	1.751898e-03
27.645000	1.899137e-03
27.650000	2.070692e-03
27.655000	2.210849e-03
27.660000	2.290131e-03
27.665000	2.315409e-03
27.670000	2.287707e-03
27.675000	2.212081e-03
27.680000	2.074008e-03
27.685000	1.911956e-03
27.690000	1.723755e-03
27.695000	1.522940e-03
27.700000	1.322423e-03
27.705000	1.145719e-03
27.710000	9.950598e-04
27.715000	8.677051e-04
27.720000	7.634510e-04
27.725000	6.959005e-04
27.730000	6.663721e-04
27.735000	6.863015e-04
27.740000	7.496907e-04
27.745000	8.499135e-04
27.750000	9.756932e-04
27.755000	1.101892e-03
27.760000	1.212602e-03
27.765000	1.289624e-03
27.770000	1.343662e-03
27.775000	1.364151e-03
27.780000	1.349506e-03
27.785000	1.292120e-03
27.790000	1.212336e-03
27.795000	1.119026e-03
27.800000	1.005914e-03
27.805000	8.899220e-04
27.810000	7.900242e-04
27.815000	7.197967e-04
27.820000	6.603164e-04
27.825000	5.848265e-04
27.830000	4.904639e-04
27.835000	3.934234e-04
27.840000	3.068239e-04
27.845000	2.365498e-04
27.850000	1.714704e-04
27.855000	1.028027e-04
27.860000	3.391260e-05
27.865000	-3.230411e-05
27.870000	-9.102794e-05
27.875000	-1.528119e-04
27.880000	-2.138242e-04
27.885000	-2.604361e-04
27.890000	-2.923292e-04
27.895000	-3.090497e-04
27.900000	-3.270225e-04
27.905000	-3.476639e-04
27.910000	-3.614385e-04
27.915000	-3.572203e-04
27.920000	-3.566670e-04
27.925000	-3.734216e-04
27.930000	-3.965519e-04
27.935000	-4.092650e-04
27.940000	-4.178513e-04
27.945000	-4.279322e-04
27.950000	-4.437022e-04
27.955000	-4.683253e-04
27.960000	-4.932235e-04
27.965000	-5.131118e-04
27.970000	-5.335012e-04
27.975000	-5.471201e-04
27.980000	-5.606309e-04
27.985000	-5.709836e-04
27.990000	-5.756561e-04
27.995000	-5.817955e-04
28.000000	-5.801330e-04
28.005000	-5.649429e-04
28.010000	-5.464179e-04
28.015000	-5.305471e-04
28.020000	-5.195316e-04
28.025000	-5.144566e-04
28.030000	-5.059505e-04
28.035000	-4.974536e-04
28.040000	-4.942569e-04
28.045000	-4.933128e-04
28.050000	-4.928929e-04
28.055000	-4.874778e-04
28.060000	-4.738512e-04
28.065000	-4.536722e-04
28.070000	-4.302184e-04
28.075000	-4.084909e-04
28.080000	-3.938189e-04
28.085000	-3.839383e-04
28.090000	-3.731079e-04
28.095000	-3.583930e-04
28.100000	-3.371965e-04
28.105000	-3.101130e-04
28.110000	-2.823579e-04
28.115000	-2.574781e-04
28.120000	-2.391641e-04
28.125000	-2.275614e-04
28.130000	-2.200652e-04
28.135000	-2.181492e-04
28.140000	-2.201950e-04
28.145000	-2.230672e-04
28.150000	-2.271152e-04
28.155000	-2.324890e-04
28.160000	-2.390322e-04
28.165000	-2.428616e-04
28.170000	-2.430100e-04
28.175000	-2.403419e-04
28.180000	-2.353218e-04
28.185000	-2.295805e-04
28.190000	-2.213957e-04
28.195000	-2.095281e-04
28.200000	-1.941569e-04
28.205000	-1.752384e-04
28.210000	-1.535632e-04
28.215000	-1.305315e-04
28.220000	-1.077631e-04
28.225000	-8.666940e-05
28.230000	-6.741447e-05
28.235000	-4.952123e-05
28.240000	-3.235623e-05
28.245000	-1.663001e-05
28.250000	-2.593149e-06
28.255000	9.607305e-06
28.260000	2.017287e-05
28.265000	2.976831e-05
28.270000	3.889212e-05
28.275000	4.830011e-05
28.280000	5.770260e-05
28.285000	6.645800e-05
28.290000	7.550371e-05
28.295000	8.439911e-05
28.300000	9.198070e-05
28.305000	9.842975e-05
28.310000	1.044117e-04
28.315000	1.104887e-04
28.320000	1.170955e-04
28.325000	1.241409e-04
28.330000	1.316266e-04
28.335000	1.398696e-04
28.340000	1.490154e-04
28.345000	1.591805e-04
28.350000	1.699458e-04
28.355000	1.807728e-04
28.360000	1.912644e-04
28.365000	2.014608e-04
28.370000	2.116893e-04
28.375000	2.216223e-04
28.380000	2.312258e-04
28.385000	2.404199e-04
28.390000	2.493929e-04
28.395000	2.583575e-04
28.400000	2.674065e-04
28.405000	2.767110e-04
28.410000	2.864379e-04
28.415000	2.965431e-04
28.420000	3.069486e-04
28.425000	3.175179e-04
28.430000	3.282889e-04
28.435000	3.392143e-04
28.440000	3.502413e-04
28.445000	3.613304e-04
28.450000	3.724238e-04
28.455000	3.834354e-04
28.460000	3.943541e-04
28.465000	4.051654e-04
28.470000	4.159582e-04
28.475000	4.267730e-04
28.480000	4.376156e-04
28.485000	4.484439e-04
28.490000	4.592630e-04
28.495000	4.700821e-04
28.500000	4.809420e-04
28.505000	4.918325e-04
28.510000	5.027612e-04
28.515000	5.137289e-04
28.520000	5.247322e-04
28.525000	5.357576e-04
28.530000	5.468074e-04
28.535000	5.578752e-04
28.540000	5.689601e-04
28.545000	5.800561e-04
28.550000	5.911622e-04
28.555000	6.022706e-04
28.560000	6.133824e-04
28.565000	6.244949e-04
28.570000	6.356102e-04
28.575000	6.467262e-04
28.580000	6.578452e-04
28.585000	6.689667e-04
28.590000	6.800917e-04
28.595000	6.912199e-04
28.600000	7.023519e-04
28.605000	7.134869e-04
28.610000	7.246248e-04
28.615000	7.357649e-04
28.620000	7.469069e-04
28.625000	7.580502e-04
28.630000	7.691942e-04
